ean,nombre,precio,marca,categoria,familia,imagen_url,actualizado
7840005013604,Yogurt Trebol Descremado Sin Lactosa Con Proteina frutilla 200 g.,7000,Trebol,alimentos-especiales,dieteticos,https://static.app.biggie.com.py/images/products/7840005013604.jpg,2026-08-22T21:20:04.000000Z
7840127000759,Edulcorante Dulcitan de 250 ml.,19700,Dulcitan,alimentos-especiales,edulcorantes,https://static.app.biggie.com.py/images/products/7840127000759.jpg,2026-08-22T21:20:04.000000Z
7840127000186,Edulcorante Dulcitan de 100 ml.,11600,Dulcitan,alimentos-especiales,edulcorantes,https://static.app.biggie.com.py/images/products/7840127000186.jpg,2026-08-22T21:20:04.000000Z
7840127020207,Edulcorante Dulcitan Ka´a He´e de 100 ml.,24200,Dulcitan,alimentos-especiales,edulcorantes,https://static.app.biggie.com.py/images/products/7840127020207.jpg,2026-08-22T21:20:04.000000Z
7841742000025,Chipa Piru La Rosca Sin Gluten de 250 gr.,19900,LA ROSCA,alimentos-especiales,celiacos,https://static.app.biggie.com.py/images/products/7841742000025.jpg,2026-08-22T21:20:04.000000Z
7840127002029,Edulcorante Dulcitan de 500 ml.,35000,Dulcitan,alimentos-especiales,edulcorantes,https://static.app.biggie.com.py/images/products/7840127002029.jpg,2026-08-22T21:20:04.000000Z
7790036020235,Edulcorante Sidiet de 600 ml.,20700,SIDIET,alimentos-especiales,edulcorantes,https://static.app.biggie.com.py/images/products/7790036020235.jpg,2026-08-22T21:20:04.000000Z
7790036020204,Edulcorante Sidiet 6 de 250 ml.,10950,SIDIET,alimentos-especiales,edulcorantes,https://static.app.biggie.com.py/images/products/7790036020204.jpg,2026-08-22T21:20:04.000000Z
8410376036169,Galletita Gullon Maria sin Gluten de 380 gr.,29900,MAZZEI,alimentos-especiales,celiacos,https://static.app.biggie.com.py/images/products/8410376036169.jpg,2026-08-22T21:20:04.000000Z
7840085005865,Edulcorante Dulzero Sucralosa + Stevia de 250 ml.,18900,DULZERO,alimentos-especiales,edulcorantes,https://static.app.biggie.com.py/images/products/7840085005865.jpg,2026-08-22T21:20:04.000000Z
7840085004868,Edulcorante Hecodulc Stevia 100% de 100 ml.,22000,Hecodulc,alimentos-especiales,edulcorantes,https://static.app.biggie.com.py/images/products/7840085004868-29590990.jpg,2026-08-22T21:20:04.000000Z
7840085005872,Edulcorante Dulzero Sucralosa + Stevia Ka'a He'e de 100 ml.,10500,DULZERO,alimentos-especiales,edulcorantes,https://static.app.biggie.com.py/images/products/7840085005872.jpg,2026-08-22T21:20:04.000000Z
7790036948188,Edulcorante Sidiet de Mesa de 200 ml.,9900,SIDIET,alimentos-especiales,edulcorantes,https://static.app.biggie.com.py/images/products/7790036948188.jpg,2026-08-22T21:20:04.000000Z
7840505123490,Edulcorante Kado frasco de 250 ml.,23600,Kado,alimentos-especiales,edulcorantes,https://static.app.biggie.com.py/images/products/7840505123490.jpg,2026-08-22T21:20:04.000000Z
7840085004554,Edulcorante Hecodulc Sucralosa + Stevia de 100 ml.,13000,Hecodulc,alimentos-especiales,edulcorantes,https://static.app.biggie.com.py/images/products/7840085004554.jpg,2026-08-22T21:20:04.000000Z
7840505123483,Edulcorante Kado frasco de 100 ml.,14600,Kado,alimentos-especiales,edulcorantes,https://static.app.biggie.com.py/images/products/7840505123483.jpg,2026-08-22T21:20:04.000000Z
7790036020211,Edulcorante Si Diet de 500 ml.,18000,SIDIET,alimentos-especiales,edulcorantes,https://static.app.biggie.com.py/images/products/7790036020211.jpg,2026-08-22T21:20:04.000000Z
7840085000402,Edulcorante Dulzero Clasico de 250 ml.,10900,DULZERO,alimentos-especiales,edulcorantes,https://static.app.biggie.com.py/images/products/7840085000402.jpg,2026-08-22T21:20:04.000000Z
7840085000013,Edulcorante Hecodulc tradicional de 100 ml.,13000,Hecodulc,alimentos-especiales,edulcorantes,https://static.app.biggie.com.py/images/products/7840085000013.jpg,2026-08-22T21:20:04.000000Z
7840085004332,Edulcorante Liquido Clasico Dulzero 100 ML,7900,DULZERO,alimentos-especiales,edulcorantes,https://static.app.biggie.com.py/images/products/7840085004332.jpg,2026-08-22T21:20:04.000000Z
7840045037691,Harina de Arroz Primicia para Celiacos de 1.000 gr.,12950,Primicia,alimentos-especiales,celiacos,https://static.app.biggie.com.py/images/products/7840045037691.jpg,2026-08-22T21:20:04.000000Z
7840085006404,Hecodulc Cobertura Dietetica Sabor Choclate de 250 ml,30000,Hecodulc,alimentos-especiales,edulcorantes,https://static.app.biggie.com.py/images/products/7840085006404.jpg,2026-08-22T21:20:04.000000Z
7840061000051,Huevos Yemita Tipo A de 30 Unidades.,33200,YEMITA,almacen,huevos,https://static.app.biggie.com.py/images/products/7840061000051.jpg,2026-08-22T21:20:04.000000Z
7840061000280,Huevo Yemita paquete x 12 Unidades.,12500,YEMITA,almacen,huevos,https://static.app.biggie.com.py/images/products/7840061000280.jpg,2026-08-22T21:20:04.000000Z
7891000414903,Cafe Tradicion Nescafe Instantaneo De 160 gr,39900,Nescafé,almacen,cafe,https://static.app.biggie.com.py/images/products/7891000414903.jpg,2026-08-22T21:20:04.000000Z
7840061000334,Huevo Biggie Tipo A x 30 Uni.,33200,Biggie,almacen,huevos,https://static.app.biggie.com.py/images/products/7840061000334.jpg,2026-08-22T21:20:04.000000Z
7840061000303,Huevos Yemita de 6 Unidades.,6500,YEMITA,almacen,huevos,https://static.app.biggie.com.py/images/products/7840061000303.jpg,2026-08-22T21:20:04.000000Z
7840471000054,Huevos Nutrihuevos tipo A de 30 unidades.,23450,NUTRIHUEVOS,almacen,huevos,https://static.app.biggie.com.py/images/products/7840471000054.jpg,2026-08-22T21:20:04.000000Z
7840061000211,Huevo Biggie Tipo A x 12 Uni.,12500,Biggie,almacen,huevos,https://static.app.biggie.com.py/images/products/7840061000211.jpg,2026-08-22T21:20:04.000000Z
7840127000124,Yerba Kurupi Menta y Boldo Caja de 500 gr.,13400,Kurupi,almacen,yerba,https://static.app.biggie.com.py/images/products/7840127000124.jpg,2026-08-22T21:20:04.000000Z
7840471000016,Huevos Nutrihuevos tipo A de 12 unidades.,11900,NUTRIHUEVOS,almacen,huevos,https://static.app.biggie.com.py/images/products/7840471000016.jpg,2026-08-22T21:20:04.000000Z
7840061000365,Huevo Biggie Tipo A x 6 Uni.,6500,Biggie,almacen,huevos,https://static.app.biggie.com.py/images/products/7840061000365.jpg,2026-08-22T21:20:04.000000Z
7790040377707,Galletita Bagley Criollitas Original de 100 gr.,4750,BAGLEY,almacen,galletitas-integrales,https://static.app.biggie.com.py/images/products/7790040377707.jpg,2026-08-22T21:20:04.000000Z
7891000307083,Cafe Nescafe tradicion sachet de 40 gr.,14900,Nestle,almacen,cafe,https://static.app.biggie.com.py/images/products/7891000307083.jpg,2026-08-22T21:20:04.000000Z
7622201753061,Galletitas Cerealitas de Arroz de 160 gr.,12600,Cerealitas,almacen,galletitas-integrales,https://static.app.biggie.com.py/images/products/7622201753061.jpg,2026-08-22T21:20:04.000000Z
088169004978,Cafe Nescafe instantaneo clasico de 8 gr.,3550,Nescafé,almacen,cafe,https://static.app.biggie.com.py/images/products/088169004978.jpg,2026-08-22T21:20:04.000000Z
7840471000030,Huevos Nutrihuevos tipo A de 6 unidades.,6500,NUTRIHUEVOS,almacen,huevos,https://static.app.biggie.com.py/images/products/7840471000030.jpg,2026-08-22T21:20:04.000000Z
7840127000216,Yerba Kurupi Menta y Boldo Caja de 250 gr.,7550,Kurupi,almacen,yerba,https://static.app.biggie.com.py/images/products/7840127000216.jpg,2026-08-22T21:20:04.000000Z
8445291738775,Cafe Nescafe Gold Frasco de 95 gr.,78100,Nescafé,almacen,cafe,https://static.app.biggie.com.py/images/products/8445291738775.jpg,2026-08-22T21:20:04.000000Z
7891000421390,Cafe Nescafe Dolce Gusto caffe lungo caja de 70 gr.,39900,Nescafé,almacen,cafe,https://static.app.biggie.com.py/images/products/7891000421390.jpg,2026-08-22T21:20:04.000000Z
7891000016565,Cafe Nescafe tradicion de 50 gr.,19100,Nescafé,almacen,cafe,https://static.app.biggie.com.py/images/products/7891000016565.jpg,2026-08-22T21:20:04.000000Z
7790272001050,Aceite de Girasol Natura de 500 ml.,14750,Natura,almacen,aceites-de-girasol,https://static.app.biggie.com.py/images/products/7790272001050.jpg,2026-08-22T21:20:04.000000Z
7622201736033,Galletitas Cerealitas Clasicas de 212 gr.,7400,Cerealitas,almacen,galletitas-integrales,https://static.app.biggie.com.py/images/products/7622201736033.jpg,2026-08-22T21:20:04.000000Z
7794000006195,Ketchup Hellmanns con Tomate Sachet de 60 gr.,4900,Hellmanns,almacen,ketchup,https://static.app.biggie.com.py/images/products/7794000006195.jpg,2026-08-22T21:20:04.000000Z
7790272001005,Aceite de Girasol Natura de 900 ml.,25300,Natura,almacen,aceites-de-girasol,https://static.app.biggie.com.py/images/products/7790272001005.jpg,2026-08-22T21:20:04.000000Z
7891000016589,Cafe Nescafe tradicion de 100 gr.,33300,Nescafé,almacen,cafe,https://static.app.biggie.com.py/images/products/7891000016589.jpg,2026-08-22T21:20:04.000000Z
7794000006188,Ketchup Hellmanns Doypack de 250 gr.,12600,Hellmanns,almacen,ketchup,https://static.app.biggie.com.py/images/products/7794000006188.jpg,2026-08-22T21:20:04.000000Z
7891000434239,Cafe Nescafe Dolce Gusto con leche de 100 gr.,39900,Nescafé,almacen,cafe,https://static.app.biggie.com.py/images/products/7891000434239.jpg,2026-08-22T21:20:04.000000Z
7891000307045,Cafe Nescafe matinal sachet de 40 gr.,14300,Nescafé,almacen,cafe,https://static.app.biggie.com.py/images/products/7891000307045.jpg,2026-08-22T21:20:04.000000Z
7613036312752,Cafe Nescafe expresso collection de 100 gr.,78100,Nescafé,almacen,cafe,https://static.app.biggie.com.py/images/products/7613036312752.jpg,2026-08-22T21:20:04.000000Z
7891079012215,Fideo Nissin Lamen carne de 80 gr.,4900,Nissin,almacen,fideo-secos,https://static.app.biggie.com.py/images/products/7891079012215.jpg,2026-08-22T21:20:04.000000Z
7791866001197,Mayonesa Natura sachet de 125 gr.,5200,Natura,almacen,mayonesas,https://static.app.biggie.com.py/images/products/7791866001197.jpg,2026-08-22T21:20:04.000000Z
7891079012208,Fideo Nissin pollo de 85 gr.,4900,Nissin,almacen,fideo-secos,https://static.app.biggie.com.py/images/products/7891079012208.jpg,2026-08-22T21:20:04.000000Z
612590416545,Barra Proteicas Landerfit Cookies & Cream Low Carb de 45 gr.,16150,LANDERFIT,almacen,cereales-en-barra,https://static.app.biggie.com.py/images/products/612590416545.jpg,2026-08-22T21:20:04.000000Z
7891000421345,Cafe Nescafe Dolce Gusto expesso intenso de 80 gr.,39900,Nescafé,almacen,cafe,https://static.app.biggie.com.py/images/products/7891000421345.jpg,2026-08-22T21:20:04.000000Z
7898024394181,Pasta dulce Nutella Ferrero de 350 gr.,54800,Ferrero,almacen,dulces-y-mermeladas,https://static.app.biggie.com.py/images/products/7898024394181.jpg,2026-08-22T21:20:04.000000Z
7702032107964,Cafe Sello Rojo de 425 gr.,69500,SELLO ROJO,almacen,cafe,https://static.app.biggie.com.py/images/products/7702032107964.jpg,2026-08-22T21:20:04.000000Z
7794000006164,Ketchup Hellmanns Doy Pack de 500 gr.,20200,Hellmanns,almacen,ketchup,https://static.app.biggie.com.py/images/products/7794000006164.jpg,2026-08-22T21:20:04.000000Z
7891000249833,Cafe Nescafe Dolce Gusto expresso de 96 gr.,39900,Nescafé,almacen,cafe,https://static.app.biggie.com.py/images/products/7891000249833.jpg,2026-08-22T21:20:04.000000Z
7841503001513,Galletitas Mazzei Cracker Clasica Tripack de 330 gr.,9300,MAZZEI,almacen,galletitas-saladas,https://static.app.biggie.com.py/images/products/7841503001513.jpg,2026-08-22T21:20:04.000000Z
612590416514,Barra Proteicas Landerfit Chocobrownie Low Carb de 45 gr.,16150,LANDERFIT,almacen,cereales-en-barra,https://static.app.biggie.com.py/images/products/612590416514.jpg,2026-08-22T21:20:04.000000Z
7891079013274,Fideo Nissin Cup Noodles Pollo Picante de 69 gr.,12900,Nissin,almacen,fideo-secos,https://static.app.biggie.com.py/images/products/7891079013274-28280109.jpg,2026-08-22T21:20:04.000000Z
7840029200004,Durazno Norte en Amibar Lata de 820 gr.,19500,Norte,almacen,frutas-en-almibar,https://static.app.biggie.com.py/images/products/7840029200004.jpg,2026-08-22T21:20:04.000000Z
7840185786947,Cafe Belen Liofilizado de 100 gr.,62500,Belen,almacen,cafe,https://static.app.biggie.com.py/images/products/7840185786947.jpg,2026-08-22T21:20:04.000000Z
612590416569,Barra Proteicas Landerfit Peanut Low Carb de 45 gr.,16150,LANDERFIT,almacen,cereales-en-barra,https://static.app.biggie.com.py/images/products/612590416569.jpg,2026-08-22T21:20:04.000000Z
7790272001029,Aceite de Girasol Natura de 1.500 ml.,40200,Natura,almacen,aceites-de-girasol,https://static.app.biggie.com.py/images/products/7790272001029.jpg,2026-08-22T21:20:04.000000Z
7794000009035,Mayonesa Hellmanns Light Sachet de 118 gr.,6300,Hellmanns,almacen,mayonesas,https://static.app.biggie.com.py/images/products/7794000009035.jpg,2026-08-22T21:20:04.000000Z
7840127020856,Yerba Kurupi MegaMenta de 500 gr.,15000,Kurupi,almacen,yerba,https://static.app.biggie.com.py/images/products/7840127020856.jpg,2026-08-22T21:20:04.000000Z
7898024395232,Pasta dulce Nutella Ferrero de 140 gr.,29700,Ferrero,almacen,dulces-y-mermeladas,https://static.app.biggie.com.py/images/products/7898024395232.jpg,2026-08-22T21:20:04.000000Z
7791866001203,Mayonesa Natura Sachet de 250 gr.,10050,Natura,almacen,mayonesas,https://static.app.biggie.com.py/images/products/7791866001203.jpg,2026-08-22T21:20:04.000000Z
7840121416006,Azucar Blanca Azukita de 1.000 gr.,9600,Azukita,almacen,azucares,https://static.app.biggie.com.py/images/products/7840121416006.jpg,2026-08-22T21:20:04.000000Z
7790040377806,Galletitas Bagley Criollitas Pack x 3 Uni de 100 gr.,12700,BAGLEY,almacen,galletitas-saladas,https://static.app.biggie.com.py/images/products/7790040377806.jpg,2026-08-22T21:20:04.000000Z
7791866001364,Mayonesa Natura Sachet de 500 gr.,18900,Natura,almacen,mayonesas,https://static.app.biggie.com.py/images/products/7791866001364.jpg,2026-08-22T21:20:04.000000Z
7790787153657,Dulce de leche Ilolay de 200 gr.,11800,iLoLay,almacen,dulces-y-mermeladas,https://static.app.biggie.com.py/images/products/7790787153657.jpg,2026-08-22T21:20:04.000000Z
7841503001797,Tripack Cracker Salvado de 450 gr.,11900,CRACKERS,almacen,galletitas-saladas,https://static.app.biggie.com.py/images/products/7841503001797.jpg,2026-08-22T21:20:04.000000Z
7794000005143,Mayonesa Hellmanns Tipo Casera de 445 gr.,27000,Hellmanns,almacen,mayonesas,https://static.app.biggie.com.py/images/products/7794000005143.jpg,2026-08-22T21:20:04.000000Z
7702032107957,Cafe Sello Rojo de 212 gr.,40250,SELLO ROJO,almacen,cafe,https://static.app.biggie.com.py/images/products/7702032107957.jpg,2026-08-22T21:20:04.000000Z
7891000421420,Cafe Nescafe Dolce Gusto expeso macchiato de 63 gr.,39900,Nescafé,almacen,cafe,https://static.app.biggie.com.py/images/products/7891000421420.jpg,2026-08-22T21:20:04.000000Z
7891079012901,Fideo Nissin Cup Noodles sabor Carne de 68 gr.,12900,Nissin,almacen,fideo-secos,https://static.app.biggie.com.py/images/products/7891079012901.jpg,2026-08-22T21:20:04.000000Z
722008321313,Atun Van Camps en Agua Lata de 160 gr.,18250,Van Camps,almacen,pescados-mariscos-en-conserva,https://static.app.biggie.com.py/images/products/722008321313.jpg,2026-08-22T21:20:04.000000Z
7707211631469,Cafe Juan Valdez soluble liofilizado frasco de 95 gr.,92000,Juan Valdez,almacen,cafe,https://static.app.biggie.com.py/images/products/7707211631469.jpg,2026-08-22T21:20:04.000000Z
7707211631452,Cafe Juan Valdez soluble liofilizado de 50 gr.,58000,Juan Valdez,almacen,cafe,https://static.app.biggie.com.py/images/products/7707211631452.jpg,2026-08-22T21:20:04.000000Z
7891000421093,"Cafe Nescafe Dolce Gusto Capuccino de 117,5 gr.",39900,Nescafé,almacen,cafe,https://static.app.biggie.com.py/images/products/7891000421093.jpg,2026-08-22T21:20:04.000000Z
7840045018782,Azucar Primicia de 1.000 gr.,10750,Primicia,almacen,azucares,https://static.app.biggie.com.py/images/products/7840045018782.jpg,2026-08-22T21:20:04.000000Z
7840225010100,Tapa para Pascualina Edward blanca-integral.,10200,Edward,almacen,tapa-de-pascualina,https://static.app.biggie.com.py/images/products/7840225010100.jpg,2026-08-22T21:20:04.000000Z
7790787153664,Dulce de Leche Ilolay de 400 gr.,22800,iLoLay,almacen,dulces-y-mermeladas,https://static.app.biggie.com.py/images/products/7790787153664.jpg,2026-08-22T21:20:04.000000Z
7794000006515,Mostaza Savora Original de 60 gr.,4850,SAVORA,almacen,mostaza,https://static.app.biggie.com.py/images/products/7794000006515.jpg,2026-08-22T21:20:04.000000Z
7896004007458,Cereal Kelloggs Zucaritas caja 510 gr.,28500,Kelloggs,almacen,cereales,https://static.app.biggie.com.py/images/products/7896004007458.jpg,2026-08-22T21:20:04.000000Z
612590416521,Barra Proteicas Landerfit Chocolate de 45 gr.,14500,LANDERFIT,almacen,cereales-en-barra,https://static.app.biggie.com.py/images/products/612590416521.jpg,2026-08-22T21:20:04.000000Z
7840029230049,Atun Norte Solido al Agua de 170 gr.,15000,Norte,almacen,pescados-mariscos-en-conserva,https://static.app.biggie.com.py/images/products/7840029230049.jpg,2026-08-22T21:20:04.000000Z
7891000294376,Cafe Nescafe Dolce Gusto mocachino canela de 172 gr.,39900,Nescafé,almacen,cafe,https://static.app.biggie.com.py/images/products/7891000294376.jpg,2026-08-22T21:20:04.000000Z
7840029870047,Atun Norte en Aceite con Limon de 150 gr.,15800,Norte,almacen,pescados-mariscos-en-conserva,https://static.app.biggie.com.py/images/products/7840029870047.jpg,2026-08-22T21:20:04.000000Z
7840029870061,Atun Norte en Aceite de Oliva de 150 gr.,17950,Norte,almacen,pescados-mariscos-en-conserva,https://static.app.biggie.com.py/images/products/7840029870061.jpg,2026-08-22T21:20:04.000000Z
7891079013847,Fideo Nissin Ufo Carne Salsa Japonesa de 81 gr.,16900,Nissin,almacen,fideo-secos,https://static.app.biggie.com.py/images/products/7891079013847.jpg,2026-08-22T21:20:04.000000Z
7840225030108,Tapa de empanada Edward para hornear grande.,10700,Edward,almacen,tapa-de-empanada,https://static.app.biggie.com.py/images/products/7840225030108.jpg,2026-08-22T21:20:04.000000Z
7790040136076,Galletita Arcor Hogareñas 7 Semillas por 3 de 189 gr.,20000,ARCOR,almacen,galletitas-integrales,https://static.app.biggie.com.py/images/products/7790040136076-34469408.jpg,2026-08-22T21:20:04.000000Z
7622202038099,Galletita Oreo Original Sin Gluten de 95 gr.,14500,Oreo,almacen,galletitas-integrales,https://static.app.biggie.com.py/images/products/7622202038099.jpg,2026-08-22T21:20:04.000000Z
7840045018799,Azucar Primicia de 500 gr.,5850,Primicia,almacen,azucares,https://static.app.biggie.com.py/images/products/7840045018799.jpg,2026-08-22T21:20:04.000000Z
7794000005150,Mayonesa Hellmanns tipo Casera de 232 gr.,14950,Hellmanns,almacen,mayonesas,https://static.app.biggie.com.py/images/products/7794000005150.jpg,2026-08-22T21:20:04.000000Z
7896004006376,Cereal Kelloggs Zucaritas 120 gr.,12500,ZUCARITAS,almacen,cereales,https://static.app.biggie.com.py/images/products/7896004006376.jpg,2026-08-22T21:20:04.000000Z
7798117740430,Aceite de Oliva Olica de 500 ml.,58000,Olica,almacen,aceites-de-oliva,https://static.app.biggie.com.py/images/products/7798117740430.jpg,2026-08-22T21:20:04.000000Z
7898994081623,Preparado Terrinha listo para tapioca de 500 gr.,16400,TERRINHA,almacen,harinas-y-polvos,https://static.app.biggie.com.py/images/products/7898994081623.jpg,2026-08-22T21:20:04.000000Z
7840045019383,Azucar Primicia de 250 gr.,2950,Primicia,almacen,azucares,https://static.app.biggie.com.py/images/products/7840045019383.jpg,2026-08-22T21:20:04.000000Z
7798101203262,Barrita Landerfit Dulce de Leche de 45 gr.,14500,LANDERFIT,almacen,cereales-en-barra,https://static.app.biggie.com.py/images/products/7798101203262.jpg,2026-08-22T21:20:04.000000Z
7840064137006,Aceite de Oliva Excellent Extra Virgen de 250 ml.,43000,Excellent,almacen,aceites-de-oliva,https://static.app.biggie.com.py/images/products/7840064137006.jpg,2026-08-22T21:20:04.000000Z
7840225010056,Ñoquis Edward de 500 gr.,8250,Edward,almacen,fideo-frescos,https://static.app.biggie.com.py/images/products/7840225010056.jpg,2026-08-22T21:20:04.000000Z
7841503031121,Galletita Mazzei Salvado Crackers de 190 gr.,5900,MAZZEI,almacen,galletitas-integrales,https://static.app.biggie.com.py/images/products/7841503031121.jpg,2026-08-22T21:20:04.000000Z
7896181711902,Aceite de Coco Dacolonia Extra Virgen de 200 gr.,38500,DACOLONIA,almacen,otros-aceites,https://static.app.biggie.com.py/images/products/7896181711902.jpg,2026-08-22T21:20:04.000000Z
7790040136069,Galletita Arcor Hogareñas 7 Semillas de 189 gr.,8000,ARCOR,almacen,galletitas-integrales,https://static.app.biggie.com.py/images/products/7790040136069.jpg,2026-08-22T21:20:04.000000Z
7841699000185,Cafe molido Quattro D de 250 gr.,64150,Quattro D,almacen,cafe,https://static.app.biggie.com.py/images/products/7841699000185.jpg,2026-08-22T21:20:04.000000Z
7794000007758,Salsa Golf Hellmanns de 125 gr.,7000,Hellmanns,almacen,salsa-golf,https://static.app.biggie.com.py/images/products/7794000007758.jpg,2026-08-22T21:20:04.000000Z
7891079013939,Fideo Nissin Lamen Pollo Picante de 85 gr.,4900,Nissin,almacen,fideo-secos,https://static.app.biggie.com.py/images/products/7891079013939.jpg,2026-08-22T21:20:04.000000Z
7794000009011,Mayonesa Hellmans light sin tacc de 475 gr.,21700,Hellmanns,almacen,mayonesas,https://static.app.biggie.com.py/images/products/7794000009011.jpg,2026-08-22T21:20:04.000000Z
7840185784806,Cafe Belen matinal pouch instantaneo de 50 gr.,12850,Belen,almacen,cafe,https://static.app.biggie.com.py/images/products/7840185784806.jpg,2026-08-22T21:20:04.000000Z
7891021005043,Cafe Melitta Tradicional Pouch de 500 gr.,77900,Melitta,almacen,cafe,https://static.app.biggie.com.py/images/products/7891021005043.jpg,2026-08-22T21:20:04.000000Z
7840045018720,Carne Conservada Indega de 340 gr.,23600,INDEGA,almacen,carnes-en-conserva,https://static.app.biggie.com.py/images/products/7840045018720.jpg,2026-08-22T21:20:04.000000Z
7891079012895,Fideos Nissin Cup Noodles Pollo de 71 gr.,12900,Nissin,almacen,fideo-secos,https://static.app.biggie.com.py/images/products/7891079012895.jpg,2026-08-22T21:20:04.000000Z
8410376014051,Galletitas Minicracker Pick Gullon de 350 gr.,22900,Gullón,almacen,galletitas-saladas,https://static.app.biggie.com.py/images/products/8410376014051.jpg,2026-08-22T21:20:04.000000Z
7840031140107,Arroz con leche Doña Angela de 200 gr.,4600,Doña Ángela,almacen,postres,https://static.app.biggie.com.py/images/products/7840031140107.jpg,2026-08-22T21:20:04.000000Z
7794000006478,Mostaza Savora Original Doy Pack de 250 gr.,13800,SAVORA,almacen,mostaza,https://static.app.biggie.com.py/images/products/7794000006478.jpg,2026-08-22T21:20:04.000000Z
7840121402009,Azucar Blanca Azpa de 1.000 gr.,10850,Azpa,almacen,azucares,https://static.app.biggie.com.py/images/products/7840121402009.jpg,2026-08-22T21:20:04.000000Z
7840029101059,Cafe Belen instantaneo de 200 gr.,39900,Belen,almacen,cafe,https://static.app.biggie.com.py/images/products/7840029101059.jpg,2026-08-22T21:20:04.000000Z
7891234000187,Salsa Picante Knorr Cica de 150 ml.,13100,KNORR,almacen,salsas-picantes,https://static.app.biggie.com.py/images/products/7891234000187.jpg,2026-08-22T21:20:04.000000Z
7790070012050,Aceite de Girasol Cocinero de 900 ml.,23650,Cocinero,almacen,aceites-de-girasol,https://static.app.biggie.com.py/images/products/7790070012050.jpg,2026-08-22T21:20:04.000000Z
8445290114181,Cafe Nescafe Gold Tostado y Molido Equilibrado de 250 gr.,68050,Nescafé,almacen,cafe,https://static.app.biggie.com.py/images/products/8445290114181.jpg,2026-08-22T21:20:04.000000Z
7840127020849,Yerba Kurupi MegaMenta de 250 gr.,8000,Kurupi,almacen,yerba,https://static.app.biggie.com.py/images/products/7840127020849.jpg,2026-08-22T21:20:04.000000Z
7840029865647,Cafe Belen instantaneo matinal de 100 gr.,31500,Belen,almacen,cafe,https://static.app.biggie.com.py/images/products/7840029865647.jpg,2026-08-22T21:20:04.000000Z
7840029101608,Fideo Anita nido spaguetti de 400 gr.,5300,ANITA,almacen,fideo-secos,https://static.app.biggie.com.py/images/products/7840029101608.jpg,2026-08-22T21:20:04.000000Z
8445291239043,Cafe Nescafe Cappuccino de 140 gr.,32750,Nescafé,almacen,cafe,https://static.app.biggie.com.py/images/products/8445291239043.jpg,2026-08-22T21:20:04.000000Z
77965370,Barra de Cereal Mix Arcor yogurt y frutilla light de 26 gr.,4000,ARCOR,almacen,cereales-en-barra,https://static.app.biggie.com.py/images/products/77965370.jpg,2026-08-22T21:20:04.000000Z
7798101203286,Barrita Landerfit Frutilla de 45 gr.,14500,LANDERFIT,almacen,cereales-en-barra,https://static.app.biggie.com.py/images/products/7798101203286.jpg,2026-08-22T21:20:04.000000Z
7840029401005,Choclo enlatado Norte 200 gr.,5750,Norte,almacen,vegetales-y-legumbres-en-conserva,https://static.app.biggie.com.py/images/products/7840029401005.jpg,2026-08-22T21:20:04.000000Z
7891000184004,Cafe Nescafe soluble descafeinado sachet de 40 gr.,25900,Nescafé,almacen,cafe,https://static.app.biggie.com.py/images/products/7891000184004.jpg,2026-08-22T21:20:04.000000Z
7707280880256,Cafe Juan Valdez volcan molido de 250 gr.,90000,Juan Valdez,almacen,cafe,https://static.app.biggie.com.py/images/products/7707280880256.jpg,2026-08-22T21:20:04.000000Z
7841503031626,Avena Instantanea Mazzei Sin Gluten de 600 gr.,35000,MAZZEI,almacen,cereales,https://static.app.biggie.com.py/images/products/7841503031626.jpg,2026-08-22T21:20:04.000000Z
7891515482251,Lasagna Sadia a la bolognesa de 600 gr.,43400,Sadia,almacen,pastas-rellenas,https://static.app.biggie.com.py/images/products/7891515482251.jpg,2026-08-22T21:20:04.000000Z
7790040946101,Galletita Bagley Criollitas Mas Grandes de 169 gr.,8700,BAGLEY,almacen,galletitas-saladas,https://static.app.biggie.com.py/images/products/7790040946101.jpg,2026-08-22T21:20:04.000000Z
8445290114174,Cafe Nescafe Gold Tostado y molido Intenso de 250 gr.,68050,Nestle,almacen,cafe,https://static.app.biggie.com.py/images/products/8445290114174.jpg,2026-08-22T21:20:04.000000Z
7840045053356,Yerba Indega Pantano Limon de 500 gr.,13600,INDEGA,almacen,yerba,https://static.app.biggie.com.py/images/products/7840045053356.jpg,2026-08-22T21:20:04.000000Z
7798090320674,Cafe Martinez Tostado Molido Medio Paq. Brasil de 250 gr.,77950,Cafe Martinez,almacen,cafe,https://static.app.biggie.com.py/images/products/7798090320674.jpg,2026-08-22T21:20:04.000000Z
722008723315,Atun Van Camps en Aceite Lata de 160 gr.,18250,Van Camps,almacen,pescados-mariscos-en-conserva,https://static.app.biggie.com.py/images/products/722008723315.jpg,2026-08-22T21:20:04.000000Z
7891079013335,Fideo Nissin Lamen Costilla de 85 gr.,4900,Nissin,almacen,fideo-secos,https://static.app.biggie.com.py/images/products/7891079013335.jpg,2026-08-22T21:20:04.000000Z
7840029230018,Atun Norte Desmenuzado al Agua de 170 gr.,9350,Norte,almacen,pescados-mariscos-en-conserva,https://static.app.biggie.com.py/images/products/7840029230018.jpg,2026-08-22T21:20:04.000000Z
7891021006088,Cafe Melitta Tradicional Pouch de 250 gr.,43450,Melitta,almacen,cafe,https://static.app.biggie.com.py/images/products/7891021006088.jpg,2026-08-22T21:20:04.000000Z
7794000006096,Mayonesa Hellmanns Clásica Sachet de 118 gr.,5750,Hellmanns,almacen,mayonesas,https://static.app.biggie.com.py/images/products/7794000006096.jpg,2026-08-22T21:20:04.000000Z
7891000110829,Bebida Lactea Nestle Nescafe Smoovlatte de 270 ml.,11600,Nestle,almacen,cafe,https://static.app.biggie.com.py/images/products/7891000110829.jpg,2026-08-22T21:20:04.000000Z
7730124000671,Dulce de leche Los Nietitos dietetico de 400 gr.,49500,LOS NIETITOS,almacen,dulces-y-mermeladas,https://static.app.biggie.com.py/images/products/7730124000671.jpg,2026-08-22T21:20:04.000000Z
7896015975302,Huevos Pinduca de Codorniz en Conserva de 300 gr.,31900,Pinduca,almacen,huevos,https://static.app.biggie.com.py/images/products/7896015975302.jpg,2026-08-22T21:20:04.000000Z
7840833000401,Aceite de Girasol Mirasol de 500 ml.,14350,Mirasol,almacen,aceites-de-girasol,https://static.app.biggie.com.py/images/products/7840833000401.jpg,2026-08-22T21:20:04.000000Z
8410660101153,Aceite de Oliva La Española Extra Virgen de 500 ml.,79500,La Española,almacen,aceites-de-oliva,https://static.app.biggie.com.py/images/products/8410660101153.jpg,2026-08-22T21:20:04.000000Z
7891000284155,Cafe Nescafe Matinal de 160 gr.,38900,Nescafé,almacen,cafe,https://static.app.biggie.com.py/images/products/7891000284155.jpg,2026-08-22T21:20:04.000000Z
7840029230056,Atun Norte Solido en Aceite de 170 gr.,15000,Norte,almacen,pescados-mariscos-en-conserva,https://static.app.biggie.com.py/images/products/7840029230056.jpg,2026-08-22T21:20:04.000000Z
7794000009028,Mayonesa Hellmanns Light sin Tacc Doypack de 237 gr.,11550,Hellmanns,almacen,mayonesas,https://static.app.biggie.com.py/images/products/7794000009028.jpg,2026-08-22T21:20:04.000000Z
7840045037790,Durazno Primicia en Lata de 820 gr.,16500,Primicia,almacen,frutas-en-almibar,https://static.app.biggie.com.py/images/products/7840045037790.jpg,2026-08-22T21:20:04.000000Z
7840127001701,Yerba Kurupi Ediccion Limitada de 500 gr.,60000,Kurupi,almacen,yerba,https://static.app.biggie.com.py/images/products/7840127001701.jpg,2026-08-22T21:20:04.000000Z
7840029869454,Frutilla en Almibar Norte de 850 gr.,29000,Norte,almacen,frutas-en-almibar,https://static.app.biggie.com.py/images/products/7840029869454.jpg,2026-08-22T21:20:04.000000Z
7840225010018,Tapa de empanada Edward x 12 unidades.,7200,Edward,almacen,tapa-de-empanada,https://static.app.biggie.com.py/images/products/7840225010018.jpg,2026-08-22T21:20:04.000000Z
7840185785230,Cafe Belen soluble clasico de 50 gr.,13400,Belen,almacen,cafe,https://static.app.biggie.com.py/images/products/7840185785230.jpg,2026-08-22T21:20:04.000000Z
7840045000039,Aceite Primicia de Girasol de 900 ml.,21950,Primicia,almacen,aceites-de-girasol,https://static.app.biggie.com.py/images/products/7840045000039.jpg,2026-08-22T21:20:04.000000Z
7891079013922,Fideo Nissin Cup Noodles Cheddar de 69 gr.,12900,Nissin,almacen,fideo-secos,https://static.app.biggie.com.py/images/products/7891079013922.jpg,2026-08-22T21:20:04.000000Z
7840029101042,Cafe Belen instantaneo Clasico de 100 gr.,29950,Belen,almacen,cafe,https://static.app.biggie.com.py/images/products/7840029101042.jpg,2026-08-22T21:20:04.000000Z
7840045029382,Choclo enlatado Primicia de 200 gr.,6450,Primicia,almacen,vegetales-y-legumbres-en-conserva,https://static.app.biggie.com.py/images/products/7840045029382.jpg,2026-08-22T21:20:04.000000Z
7798117740423,Aceite de Oliva Olica Extra Virgen de 250 ml.,33500,Olica,almacen,aceites-de-oliva,https://static.app.biggie.com.py/images/products/7798117740423.jpg,2026-08-22T21:20:04.000000Z
7841503031633,Avena Instantanea Mazzei de 750 gr.,19500,MAZZEI,almacen,cereales,https://static.app.biggie.com.py/images/products/7841503031633.jpg,2026-08-22T21:20:04.000000Z
7841503000172,Galletita Mazzei de Agua Tradicional de 100 gr.,3750,MAZZEI,almacen,galletitas-integrales,https://static.app.biggie.com.py/images/products/7841503000172.jpg,2026-08-22T21:20:04.000000Z
7891079012444,Fideo Nissin Lamen Verduras de 85 gr.,4900,Nissin,almacen,fideo-secos,https://static.app.biggie.com.py/images/products/7891079012444-32623222.jpg,2026-08-22T21:20:04.000000Z
7702084137520,Harina de Maiz P.A.N. Blanco Precocida de 1.000 gr.,16950,P.A.N.,almacen,harinas-y-polvos,https://static.app.biggie.com.py/images/products/7702084137520.jpg,2026-08-22T21:20:04.000000Z
7794000006171,Ketchup Hellmanns Tradicional de 400 gr.,21350,Hellmanns,almacen,ketchup,https://static.app.biggie.com.py/images/products/7794000006171.jpg,2026-08-22T21:20:04.000000Z
7790040135741,Galletita Arcor Cereal Mix Avena y Pasas de 207 gr.,18500,ARCOR,almacen,galletitas-integrales,https://static.app.biggie.com.py/images/products/7790040135741.jpg,2026-08-22T21:20:04.000000Z
7840121417003,Azucar Azukita Blanca Granulada de 2.000 gr.,18900,Azukita,almacen,azucares,https://static.app.biggie.com.py/images/products/7840121417003.jpg,2026-08-22T21:20:04.000000Z
7840127001848,Yerba Kurupi Compuesta Sabor Menta y Limon de 500 gr.,12050,Kurupi,almacen,yerba,https://static.app.biggie.com.py/images/products/7840127001848.jpg,2026-08-22T21:20:04.000000Z
7840013000726,Yerba Pajarito Premiun de 500 gr.,18650,PAJARITO,almacen,yerba,https://static.app.biggie.com.py/images/products/7840013000726.jpg,2026-08-22T21:20:04.000000Z
7791866001838,Mayonesa Mayoliva de 125 ml.,6700,MAYOLIVA,almacen,mayonesas,https://static.app.biggie.com.py/images/products/7791866001838.jpg,2026-08-22T21:20:04.000000Z
7792180001641,Aceite de Girasol Cañuelas de 900 ml.,21500,Cañuelas,almacen,aceites-de-girasol,https://static.app.biggie.com.py/images/products/7792180001641.jpg,2026-08-22T21:20:04.000000Z
7790843000291,Aceite de Girasol Vicentin de 900 ml.,17400,Vicentín,almacen,aceites-de-girasol,https://static.app.biggie.com.py/images/products/7790843000291.jpg,2026-08-22T21:20:04.000000Z
7841390000187,Mermelada Light Frutilla F&F sachet de 250 gr.,7500,FRUITS,almacen,dulces-y-mermeladas,https://static.app.biggie.com.py/images/products/7841390000187.jpg,2026-08-22T21:20:04.000000Z
7840029866521,Cafe Belen instantaneo descafeinado de 50 gr.,28500,Belen,almacen,cafe,https://static.app.biggie.com.py/images/products/7840029866521.jpg,2026-08-22T21:20:04.000000Z
7840004585256,Ketchup Hellmanns de 250 gr + Mayonesa Hellmanns de 125 gr.,19700,Hellmanns,almacen,mayonesas,https://static.app.biggie.com.py/images/products/7840004585256.jpg,2026-08-22T21:20:04.000000Z
7840029866057,Cafe Belen Instantaneo de 8 gr.,3150,Belen,almacen,cafe,https://static.app.biggie.com.py/images/products/7840029866057.jpg,2026-08-22T21:20:04.000000Z
7794000006485,Mostaza Savora Original de 500 gr.,20000,SAVORA,almacen,mostaza,https://static.app.biggie.com.py/images/products/7794000006485.jpg,2026-08-22T21:20:04.000000Z
7840029870078,Atun en aceite Norte con Ajo 150 gr.,15800,Norte,almacen,pescados-mariscos-en-conserva,https://static.app.biggie.com.py/images/products/7840029870078.jpg,2026-08-22T21:20:04.000000Z
7840029101066,Cafe Belen instantaneo clasico de 50 gr.,17150,Belen,almacen,cafe,https://static.app.biggie.com.py/images/products/7840029101066.jpg,2026-08-22T21:20:04.000000Z
7794000006553,Aderezo Hellmanns Ajo de 250 gr.,14150,Hellmanns,almacen,mayonesas,https://static.app.biggie.com.py/images/products/7794000006553.jpg,2026-08-22T21:20:04.000000Z
7840005002011,Flan Trebol de 140 gr.,3150,Trebol,almacen,postres,https://static.app.biggie.com.py/images/products/7840005002011.jpg,2026-08-22T21:20:04.000000Z
7840113201597,Ñoquis Alberdin al Huevo Precocidos de 1.000 gr.,17450,ALBERDIN,almacen,pastas-rellenas,https://static.app.biggie.com.py/images/products/7840113201597-30408014.jpg,2026-08-22T21:20:04.000000Z
7896419713852,Milanesa Lar de Pollo Precocido de 100 gr.,3900,LAR,almacen,comidas-listas,https://static.app.biggie.com.py/images/products/7896419713852.jpg,2026-08-22T21:20:04.000000Z
7840045018959,Almidon de Mandioca Primicia de 1.000 gr.,18200,Primicia,almacen,harinas-y-polvos,https://static.app.biggie.com.py/images/products/7840045018959.jpg,2026-08-22T21:20:04.000000Z
7842727000016,Mix para Mate Amargo Club Gourmet de 170 gr.,27000,Club Gourmet,almacen,hierbas-medicinales,https://static.app.biggie.com.py/images/products/7842727000016.jpg,2026-08-22T21:20:04.000000Z
7840185787463,Cafe Belen Molido Premium de 250 gr.,39700,Belen,almacen,cafe,https://static.app.biggie.com.py/images/products/7840185787463.jpg,2026-08-22T21:20:04.000000Z
7891000451304,Chocolate El Monje 50% CacaoCcaja de 200 gr.,29900,Nestle,almacen,chocolate-en-polvo,https://static.app.biggie.com.py/images/products/7891000451304.jpg,2026-08-22T21:20:04.000000Z
8410179100067,Aceite de Oliva Borges Extra Virgen Botella de 125 ml.,26550,Borges,almacen,aceites-de-oliva,https://static.app.biggie.com.py/images/products/8410179100067.jpg,2026-08-22T21:20:04.000000Z
7840013000023,Yerba Pajarito de 500 gr.,10250,PAJARITO,almacen,yerba,https://static.app.biggie.com.py/images/products/7840013000023.jpg,2026-08-22T21:20:04.000000Z
7840045053349,Yerba Indega Pantano Limon de 250 gr.,7800,INDEGA,almacen,yerba,https://static.app.biggie.com.py/images/products/7840045053349.jpg,2026-08-22T21:20:04.000000Z
7792180001665,Aceite de Girasol Cañuelas de 1.500 ml.,35150,Cañuelas,almacen,aceites-de-girasol,https://static.app.biggie.com.py/images/products/7792180001665.jpg,2026-08-22T21:20:04.000000Z
7896019201452,Cafe Iguaçu Soluble Gourmet Vidrio de 100 gr.,65900,IGUAÇU,almacen,cafe,https://static.app.biggie.com.py/images/products/7896019201452.jpg,2026-08-22T21:20:04.000000Z
7840031105007,Flan Doña Angela de 140 gr.,3450,Doña Ángela,almacen,postres,https://static.app.biggie.com.py/images/products/7840031105007.jpg,2026-08-22T21:20:04.000000Z
7840029230001,Atún Norte grated en aceite 170 gr.,9350,Norte,almacen,pescados-mariscos-en-conserva,https://static.app.biggie.com.py/images/products/7840029230001.jpg,2026-08-22T21:20:04.000000Z
7840121415009,Azucar Azukita de 500 gr.,4900,Azukita,almacen,azucares,https://static.app.biggie.com.py/images/products/7840121415009.jpg,2026-08-22T21:20:04.000000Z
7842196000111,Miel Las Viajeras Envase de 180 gr.,12950,LAS VIAJERAS,almacen,miel,https://static.app.biggie.com.py/images/products/7842196000111.jpg,2026-08-22T21:20:04.000000Z
7790036567440,Pure de Tomate de la Huerta de 530 gr.,7100,De la Huerta,almacen,salsa-de-tomate,https://static.app.biggie.com.py/images/products/7790036567440.jpg,2026-08-22T21:20:04.000000Z
7840127020887,Yerba Mate Kurupi Menta y Boldo de 100 gr.,3050,Kurupi,almacen,yerba,https://static.app.biggie.com.py/images/products/7840127020887.jpg,2026-08-22T21:20:04.000000Z
7790070265104,Aceite de Oliva Cocinero Extra Virgen de 250 ml.,38950,Cocinero,almacen,aceites-de-oliva,https://static.app.biggie.com.py/images/products/7790070265104.jpg,2026-08-22T21:20:04.000000Z
7840127002005,Yerba Kurupi Cedron de 500 gr.,12500,Kurupi,almacen,yerba,https://static.app.biggie.com.py/images/products/7840127002005.jpg,2026-08-22T21:20:04.000000Z
7798117740089,Aceite de Oliva D'Aguirre de 500 ml.,54900,D´AGUIRRE,almacen,aceites-de-oliva,https://static.app.biggie.com.py/images/products/7798117740089.jpg,2026-08-22T21:20:04.000000Z
7892840815288,Avena Quaker 750 gr,22000,Quaker,almacen,cereales,https://static.app.biggie.com.py/images/products/7892840815288.jpg,2026-08-22T21:20:04.000000Z
7896004011066,Cereal Kelloggs Froot Loops 230 gr.,19800,Kelloggs,almacen,cereales,https://static.app.biggie.com.py/images/products/7896004011066.jpg,2026-08-22T21:20:04.000000Z
7840045055060,Pepino Primicia Tradicional de 300 gr.,20750,Primicia,almacen,vegetales-y-legumbres-en-conserva,https://static.app.biggie.com.py/images/products/7840045055060.jpg,2026-08-22T21:20:04.000000Z
7894321711171,Chocolate en polvo Toddy de 200 gr.,10250,TODDY,almacen,chocolate-en-polvo,https://static.app.biggie.com.py/images/products/7894321711171.jpg,2026-08-22T21:20:04.000000Z
7840833000104,Aceite de Girasol Mirasol de 900 ml.,24950,Mirasol,almacen,aceites-de-girasol,https://static.app.biggie.com.py/images/products/7840833000104.jpg,2026-08-22T21:20:04.000000Z
8410179100036,Aceite de Oliva Borges Extra Virgen de 500 ml.,75500,Borges,almacen,aceites-de-oliva,https://static.app.biggie.com.py/images/products/8410179100036.jpg,2026-08-22T21:20:04.000000Z
7894321711058,Chocolate de polvo Toddy light de 380 gr.,25000,TODDY,almacen,chocolate-en-polvo,https://static.app.biggie.com.py/images/products/7894321711058.jpg,2026-08-22T21:20:04.000000Z
7840045034102,Arroz Primicia Parborizado Tipo I de 1.000 gr.,9400,Primicia,almacen,arroz,https://static.app.biggie.com.py/images/products/7840045034102.jpg,2026-08-22T21:20:04.000000Z
7848000540019,Postrecito Tia Laura Delicias 3 Leches de 250 gr.,28000,Tia Laura Delicias,almacen,postres,https://static.app.biggie.com.py/images/products/7848000540019.jpg,2026-08-22T21:20:04.000000Z
7840061000495,Huevo Yemita Capasu Tipo A x 30 uni.,36350,YEMITA,almacen,huevos,,2026-08-22T21:20:04.000000Z
7840121401002,Azúcar Azpa Blanca 500 gr.,5900,Azpa,almacen,azucares,https://static.app.biggie.com.py/images/products/7840121401002.jpg,2026-08-22T21:20:04.000000Z
7794870000149,Aceite de Girasol Alsamar de 1.500 ml.,28700,Alsamar,almacen,aceites-de-girasol,https://static.app.biggie.com.py/images/products/7794870000149-32607499.jpg,2026-08-22T21:20:04.000000Z
7896004011042,Cereal Kelloggs Zucaritas 240 gr.,15000,ZUCARITAS,almacen,cereales,https://static.app.biggie.com.py/images/products/7896004011042.jpg,2026-08-22T21:20:04.000000Z
7841787000035,Galleta de Arroz B-Light natural de 85 gr.,9350,SARIC,almacen,galletitas-integrales,https://static.app.biggie.com.py/images/products/7841787000035.jpg,2026-08-22T21:20:04.000000Z
7840029873901,Sardina Norte en Aceite de 125 gr.,8300,Norte,almacen,pescados-mariscos-en-conserva,https://static.app.biggie.com.py/images/products/7840029873901.jpg,2026-08-22T21:20:04.000000Z
7892840819507,Chocolate en Polvo Toddy de 370 gr.,17550,TODDY,almacen,chocolate-en-polvo,https://static.app.biggie.com.py/images/products/7892840819507.jpg,2026-08-22T21:20:04.000000Z
8410376014068,Galletita Gullon Mini Fish de 350 gr.,22900,Gullón,almacen,galletitas-saladas,https://static.app.biggie.com.py/images/products/8410376014068.jpg,2026-08-22T21:20:04.000000Z
7798101203279,Barrita Landerfit Banana de 45 gr.,14500,LANDERFIT,almacen,cereales-en-barra,https://static.app.biggie.com.py/images/products/7798101203279.jpg,2026-08-22T21:20:04.000000Z
7840013000030,Yerba Pajarito de 250 gr.,5450,PAJARITO,almacen,yerba,https://static.app.biggie.com.py/images/products/7840013000030.jpg,2026-08-22T21:20:04.000000Z
7707280880218,Cafe Juan Valdez cumbre molido de 250 gr.,90000,Juan Valdez,almacen,cafe,https://static.app.biggie.com.py/images/products/7707280880218.jpg,2026-08-22T21:20:04.000000Z
612590416538,Barra Proteicas Landerfit Coco de 45 gr.,14500,LANDERFIT,almacen,cereales-en-barra,https://static.app.biggie.com.py/images/products/612590416538.jpg,2026-08-22T21:20:04.000000Z
722008000065,Atún Van Camps en Agua Lata de 140 gr.,16000,Van Camps,almacen,pescados-mariscos-en-conserva,https://static.app.biggie.com.py/images/products/722008000065.jpg,2026-08-22T21:20:04.000000Z
7840042005136,Leche en Polvo Lactolanda Descremada bolsita 400 gr.,30800,Lactolanda,almacen,leche-en-polvo,https://static.app.biggie.com.py/images/products/7840042005136-32633090.jpg,2026-08-22T21:20:04.000000Z
7891167831766,Sardinas Gomes da Costa en Aceite Vegetal de 125 gr.,10600,Gomes Da Costa,almacen,pescados-mariscos-en-conserva,https://static.app.biggie.com.py/images/products/7891167831766.jpg,2026-08-22T21:20:04.000000Z
7840112003093,Cafe Mayo Tostado Sin azucar de 250 gr.,54450,Mayo,almacen,cafe,https://static.app.biggie.com.py/images/products/7840112003093.jpg,2026-08-22T21:20:04.000000Z
7840821000031,Harina Hildebrand Trigo 0000 de 1.000 gr.,6700,HILDEBRAND,almacen,harinas-y-polvos,https://static.app.biggie.com.py/images/products/7840821000031.jpg,2026-08-22T21:20:04.000000Z
8410660101481,Aceite de Oliva La Española Extra Virgen de 250 ml.,45900,La Española,almacen,aceites-de-oliva,https://static.app.biggie.com.py/images/products/8410660101481.jpg,2026-08-22T21:20:04.000000Z
7840045055084,Pepino Primicia Agridulce de 300 gr.,20750,Primicia,almacen,vegetales-y-legumbres-en-conserva,https://static.app.biggie.com.py/images/products/7840045055084-32734517.jpg,2026-08-22T21:20:04.000000Z
8410376040920,Galletita Cinnamon Crisps Gullon de 235 gr.,15000,MAZZEI,almacen,galletitas-saladas,https://static.app.biggie.com.py/images/products/8410376040920.jpg,2026-08-22T21:20:04.000000Z
7790040003569,Galletitas Bagley Crackers Rex Original de 75 gr.,6650,BAGLEY,almacen,galletitas-saladas,https://static.app.biggie.com.py/images/products/7790040003569.jpg,2026-08-22T21:20:04.000000Z
7841056000070,Durazno Sun Almibar de 470 gr.,15900,SUN,almacen,frutas-en-almibar,https://static.app.biggie.com.py/images/products/7841056000070.jpg,2026-08-22T21:20:04.000000Z
7840595005041,Canela Arcoiris en Rama de 25 gr.,10400,Arcoiris,almacen,condimentos-secos,https://static.app.biggie.com.py/images/products/7840595005041.jpg,2026-08-22T21:20:04.000000Z
7840821000017,Harina Hildebrand Trigo 000 de 1.000 gr.,5250,HILDEBRAND,almacen,harinas-y-polvos,https://static.app.biggie.com.py/images/products/7840821000017.jpg,2026-08-22T21:20:04.000000Z
7794870000255,Aceite de Girasol Alsamar de 500 ml.,13500,Alsamar,almacen,aceites-de-girasol,,2026-08-22T21:20:04.000000Z
7840099000023,Arroz Tio Nico Tipo 00000 Rojo de 1.000 gr.,5100,Tio Nico,almacen,arroz,https://static.app.biggie.com.py/images/products/7840099000023.jpg,2026-08-22T21:20:04.000000Z
7790787201297,Leche en Polvo Descremada Ilolay 30 Unidades x 5 gr.,34100,iLoLay,almacen,leche-en-polvo,https://static.app.biggie.com.py/images/products/7790787201297.jpg,2026-08-22T21:20:04.000000Z
7891021006125,Cafe Melitta Tradicional de 500 gr.,77900,Melitta,almacen,cafe,https://static.app.biggie.com.py/images/products/7891021006125.jpg,2026-08-22T21:20:04.000000Z
8410179100050,Aceite de Oliva Borges Extra Virgen de 250 ml.,44500,Borges,almacen,aceites-de-oliva,https://static.app.biggie.com.py/images/products/8410179100050.jpg,2026-08-22T21:20:04.000000Z
7841503001803,Galletitas Mazzei Cracker 8 Semillas Tripack de 465 gr.,13400,MAZZEI,almacen,galletitas-saladas,https://static.app.biggie.com.py/images/products/7841503001803.jpg,2026-08-22T21:20:04.000000Z
7790060023684,Aceite de Girasol Cocinero de 1.500 ml.,40600,Cocinero,almacen,aceites-de-girasol,https://static.app.biggie.com.py/images/products/7790060023684.jpg,2026-08-22T21:20:04.000000Z
7840045018553,Yerba Indega Clasica Plast de 500 gr.,9250,INDEGA,almacen,yerba,https://static.app.biggie.com.py/images/products/7840045018553.jpg,2026-08-22T21:20:04.000000Z
7848002540031,Masa para Tapioca Tapioguay de 1.000 gr.,30150,Tapioguay,almacen,harinas-y-polvos,https://static.app.biggie.com.py/images/products/7848002540031.jpg,2026-08-22T21:20:04.000000Z
7841056000827,Sardina al Agua Sun Abre Facil de 125 gr.,7500,SUN,almacen,pescados-mariscos-en-conserva,https://static.app.biggie.com.py/images/products/7841056000827.jpg,2026-08-22T21:20:04.000000Z
612590416552,Barra Proteicas Landerfit Lemon Mousse de 45 gr.,14500,LANDERFIT,almacen,cereales-en-barra,https://static.app.biggie.com.py/images/products/612590416552.jpg,2026-08-22T21:20:04.000000Z
7841503002800,Tripack Merienda Maria de 345 gr.,11500,MAZZEI,almacen,salsa-lista,https://static.app.biggie.com.py/images/products/7841503002800.jpg,2026-08-22T21:20:04.000000Z
7790843000161,Aceite de Girasol Vicentin de 1.500 ml.,27900,Vicentín,almacen,aceites-de-girasol,https://static.app.biggie.com.py/images/products/7790843000161.jpg,2026-08-22T21:20:04.000000Z
7840042005013,Leche en Polvo Lactolanda Entera Bolsita 400 gr.,31000,Lactolanda,almacen,leche-en-polvo,https://static.app.biggie.com.py/images/products/7840042005013.jpg,2026-08-22T21:20:04.000000Z
7791664000316,Ravioles 4 Quesos La Italiana de 500 gr.,26200,LA ITALIANA,almacen,pastas-rellenas,https://static.app.biggie.com.py/images/products/7791664000316.jpg,2026-08-22T21:20:04.000000Z
7701362014904,Cafe Juan Valdez Liofilizado Avellana de 95 gr.,115000,Juan Valdez,almacen,cafe,https://static.app.biggie.com.py/images/products/7701362014904-30241824.jpg,2026-08-22T21:20:04.000000Z
722008000362,Atún Van Camp's Oliva x 3 Uni de 80 gr.,40150,Van Camps,almacen,pescados-mariscos-en-conserva,https://static.app.biggie.com.py/images/products/722008000362.jpg,2026-08-22T21:20:04.000000Z
7790272000831,Aceite Natura Rocio Vegetal de 120 gr.,30000,Natura,almacen,aceites-de-girasol,https://static.app.biggie.com.py/images/products/7790272000831.jpg,2026-08-22T21:20:04.000000Z
7840029873918,Sardina Norte en Salsa de Tomate de 125 gr.,8300,Norte,almacen,pescados-mariscos-en-conserva,https://static.app.biggie.com.py/images/products/7840029873918.jpg,2026-08-22T21:20:04.000000Z
7791652320051,Ravioles Bettini con Pollo Carne y Espinaca de 500 gr.,26300,Bettini,almacen,pastas-rellenas,https://static.app.biggie.com.py/images/products/7791652320051.jpg,2026-08-22T21:20:04.000000Z
7790787206155,Leche en Polvo entera Ilolay de 400 gr.,33650,iLoLay,almacen,leche-en-polvo,https://static.app.biggie.com.py/images/products/7790787206155.jpg,2026-08-22T21:20:04.000000Z
7842196000012,Miel de Abeja Las Viajeras Envase de 350 gr.,28000,LAS VIAJERAS,almacen,miel,https://static.app.biggie.com.py/images/products/7842196000012.jpg,2026-08-22T21:20:04.000000Z
7840042101746,Flan Lactolanda de 140 gr.,3300,Lactolanda,almacen,postres,https://static.app.biggie.com.py/images/products/7840042101746-32628714.jpg,2026-08-22T21:20:04.000000Z
7840045060798,Atun Lomo Indemar en Agua de 160 gr.,12950,INDEMAR,almacen,pescados-mariscos-en-conserva,https://static.app.biggie.com.py/images/products/7840045060798.jpg,2026-08-22T21:20:04.000000Z
7794870000293,Aceite de Girasol Alsamar Puro de 900 ml.,19950,Alsamar,almacen,aceites-de-girasol,https://static.app.biggie.com.py/images/products/7794870000293.jpg,2026-08-22T21:20:04.000000Z
7840013000702,Yerba Pajarito Suave de 500 gr.,14250,PAJARITO,almacen,yerba,https://static.app.biggie.com.py/images/products/7840013000702.jpg,2026-08-22T21:20:04.000000Z
7702747008822,Cafe Oma Soluble Liofilizado Selecta de 100 gr.,77300,Oma,almacen,cafe,https://static.app.biggie.com.py/images/products/7702747008822.jpg,2026-08-22T21:20:04.000000Z
7840112000214,Cafe Mayo torrado de 500 gr.,78000,Mayo,almacen,cafe,https://static.app.biggie.com.py/images/products/7840112000214.jpg,2026-08-22T21:20:04.000000Z
7707211631865,Cafe Juan Valdez chocolate soluble frasco de 95 gr.,115000,Juan Valdez,almacen,cafe,https://static.app.biggie.com.py/images/products/7707211631865.jpg,2026-08-22T21:20:04.000000Z
7840042002098,Dulce de Leche Lactolanda Familiar de 220 gr.,7500,Lactolanda,almacen,dulces-y-mermeladas,https://static.app.biggie.com.py/images/products/7840042002098.jpg,2026-08-22T21:20:04.000000Z
7702747009898,Cafe Oma Premium Tostado y Molido de 340 gr.,103250,Oma,almacen,cafe,https://static.app.biggie.com.py/images/products/7702747009898.jpg,2026-08-22T21:20:04.000000Z
7840127001831,Yerba Kurupi Compuesta Sabor Menta y Limon de 250 gr.,6650,Kurupi,almacen,yerba,https://static.app.biggie.com.py/images/products/7840127001831.jpg,2026-08-22T21:20:04.000000Z
7891079013946,Fideo Nissin Cup Noodles Bolognesa de 72 gr.,12900,Nissin,almacen,fideo-secos,https://static.app.biggie.com.py/images/products/7891079013946.jpg,2026-08-22T21:20:04.000000Z
7791866001579,Mayonesa Mayoliva Sachet de 500 gr.,23850,MAYOLIVA,almacen,mayonesas,https://static.app.biggie.com.py/images/products/7791866001579.jpg,2026-08-22T21:20:04.000000Z
7891000757260,Cafe Nescafé Dolce Gusto Starbucks Americano de 85 gr.,42900,Nescafé,almacen,cafe,https://static.app.biggie.com.py/images/products/7891000757260.jpg,2026-08-22T21:20:04.000000Z
8008603108019,Pure de tomate Fontanella Passata Di Pomodoro botella vidrio de 690 gr.,18150,FONTANELLA,almacen,salsa-de-tomate,https://static.app.biggie.com.py/images/products/8008603108019.jpg,2026-08-22T21:20:04.000000Z
7791664000156,Ravioles de Carne La Italiana de 500 gr.,26200,LA ITALIANA,almacen,pastas-rellenas,https://static.app.biggie.com.py/images/products/7791664000156.jpg,2026-08-22T21:20:04.000000Z
7790040719804,Galletita Bagley Rex de 125 gr.,11050,BAGLEY,almacen,galletitas-saladas,https://static.app.biggie.com.py/images/products/7790040719804-27852219.jpg,2026-08-22T21:20:04.000000Z
7841056000834,Sardina al Aceite Sun Abre Facil de 125 gr.,7500,SUN,almacen,pescados-mariscos-en-conserva,https://static.app.biggie.com.py/images/products/7841056000834.jpg,2026-08-22T21:20:04.000000Z
7790040136083,Galletita Arcor Hogareñas sesamo de 167 gr.,8000,ARCOR,almacen,galletitas-integrales,https://static.app.biggie.com.py/images/products/7790040136083.jpg,2026-08-22T21:20:04.000000Z
7791652022023,Ravioles Betitini Cuatro Quesos de 500 gr.,26300,Bettini,almacen,pastas-rellenas,https://static.app.biggie.com.py/images/products/7791652022023.jpg,2026-08-22T21:20:04.000000Z
7702747000420,Cafe Oma Tradicional Molido de 250 gr.,55050,Oma,almacen,cafe,https://static.app.biggie.com.py/images/products/7702747000420.jpg,2026-08-22T21:20:04.000000Z
7841787000042,Galleta de Arroz Dulce B-Light de 85 gr.,9350,SARIC,almacen,galletitas-integrales,https://static.app.biggie.com.py/images/products/7841787000042.jpg,2026-08-22T21:20:04.000000Z
8410376017687,Galletita Diet Nature sin azúcar vainilla de 70 gr.,10500,Mazzei,almacen,galletitas-integrales,https://static.app.biggie.com.py/images/products/8410376017687.jpg,2026-08-22T21:20:04.000000Z
7840099000016,Arroz Tio Nico Tipo 0000 Azul de 1.000 gr.,4850,Tio Nico,almacen,arroz,https://static.app.biggie.com.py/images/products/7840099000016.jpg,2026-08-22T21:20:04.000000Z
7790040173200,Galletita Bagley Kesitas de 125 gr.,11050,BAGLEY,almacen,galletitas-saladas,https://static.app.biggie.com.py/images/products/7790040173200-27852295.jpg,2026-08-22T21:20:04.000000Z
7707211631612,Cafe Juan Valdez Descafeinado de 95 gr.,115000,Juan Valdez,almacen,cafe,https://static.app.biggie.com.py/images/products/7707211631612.jpg,2026-08-22T21:20:04.000000Z
7892840819170,Chocolate en Polvo Toddy de 740 gr.,32300,TODDY,almacen,chocolate-en-polvo,https://static.app.biggie.com.py/images/products/7892840819170.jpg,2026-08-22T21:20:04.000000Z
7841503002978,Galletitas Cracker Mazzei Chia Tripack de 465 gr.,13400,MAZZEI,almacen,galletitas-integrales,https://static.app.biggie.com.py/images/products/7841503002978.jpg,2026-08-22T21:20:04.000000Z
7841204000020,Turron de Mani Kelwa de 125 gr.,6900,KELWA,almacen,mantequillas,https://static.app.biggie.com.py/images/products/7841204000020.jpg,2026-08-22T21:20:04.000000Z
7840045019765,Picadillo de Carne Indega de 90 gr.,3800,INDEGA,almacen,carnes-en-conserva,https://static.app.biggie.com.py/images/products/7840045019765.jpg,2026-08-22T21:20:04.000000Z
7790580650100,Durazno Arcor en Almibar Lata de 820 gr.,19500,Arcor,almacen,frutas-en-almibar,https://static.app.biggie.com.py/images/products/7790580650100.jpg,2026-08-22T21:20:04.000000Z
7790920008707,Picadillo de Carne Safra de 90 gr.,3850,Safra,almacen,carnes-en-conserva,https://static.app.biggie.com.py/images/products/7790920008707.jpg,2026-08-22T21:20:04.000000Z
7891021006071,Cafe Melita Tradicional Pouch Caja de 250 gr.,43450,Melitta,almacen,cafe,https://static.app.biggie.com.py/images/products/7891021006071.jpg,2026-08-22T21:20:04.000000Z
7840029101691,Fideo Anita spaguetti largo de 400 gr.,5800,ANITA,almacen,fideo-secos,https://static.app.biggie.com.py/images/products/7840029101691.jpg,2026-08-22T21:20:04.000000Z
7891021006934,Cafe Melita extra fuerte de 500 gr.,77900,Melitta,almacen,cafe,https://static.app.biggie.com.py/images/products/7891021006934.jpg,2026-08-22T21:20:04.000000Z
7840037014624,Yerba Colon Molienda Gruesa Suave de 500 gr.,12600,COLON,almacen,yerba,https://static.app.biggie.com.py/images/products/7840037014624-32621518.jpg,2026-08-22T21:20:04.000000Z
7840185788200,Cafe Belen Matinal de 8 gr.,2800,Belen,almacen,cafe,https://static.app.biggie.com.py/images/products/7840185788200.jpg,2026-08-22T21:20:04.000000Z
7841854000692,Chipa Guazu Jakaru de 750 gr.,45850,Jakaru,almacen,comidas-listas,,2026-08-22T21:20:04.000000Z
7840045018485,Galleta Molida Primicia de 800 gr.,9850,Primicia,almacen,harinas-y-polvos,https://static.app.biggie.com.py/images/products/7840045018485.jpg,2026-08-22T21:20:04.000000Z
8445290391872,Leche en Polvo Nutricional Nido Fortiqrow 3D 370 gr.,42000,NIDO,almacen,leche-en-polvo,https://static.app.biggie.com.py/images/products/8445290391872.jpg,2026-08-22T21:20:04.000000Z
7898943163011,Sardinas al aceite R.Crusoe de 125 gr.,9400,Crusoe,almacen,pescados-mariscos-en-conserva,https://static.app.biggie.com.py/images/products/7898943163011.jpg,2026-08-22T21:20:04.000000Z
7790040136090,Galletita Arcor Hogareñas Mix Cereales de 185 gr.,8000,ARCOR,almacen,galletitas-integrales,https://static.app.biggie.com.py/images/products/7790040136090.jpg,2026-08-22T21:20:04.000000Z
7848002410051,Pepinillo Lupinni en Conserva de 300 gr.,23450,Lupinni,almacen,vegetales-y-legumbres-en-conserva,https://static.app.biggie.com.py/images/products/7848002410051.jpg,2026-08-22T21:20:04.000000Z
7841535000218,Vori Vori Granopar Congelado de 450 gr.,21400,GRANOPAR,almacen,comidas-listas,https://static.app.biggie.com.py/images/products/7841535000218.jpg,2026-08-22T21:20:04.000000Z
7840029230070,Fideo Anita tallarin verde de 400 gr.,5800,ANITA,almacen,fideo-secos,https://static.app.biggie.com.py/images/products/7840029230070.jpg,2026-08-22T21:20:04.000000Z
7840112000238,Cafe Mayo torrado de 200 gr.,31300,Mayo,almacen,cafe,https://static.app.biggie.com.py/images/products/7840112000238.jpg,2026-08-22T21:20:04.000000Z
7730116103281,Galletita El Trigal surtida de 140 gr.,8000,El Trigal,almacen,galletitas-integrales,https://static.app.biggie.com.py/images/products/7730116103281.jpg,2026-08-22T21:20:04.000000Z
7790272000954,Aceite de Oliva Natura Rocio de 120 gr.,51300,Natura,almacen,aceites-de-oliva,https://static.app.biggie.com.py/images/products/7790272000954.jpg,2026-08-22T21:20:04.000000Z
77916525,Barra de Cereal Arcor Mix paquete de 23 gr.,4000,Arcor,almacen,cereales-en-barra,https://static.app.biggie.com.py/images/products/77916525.jpg,2026-08-22T21:20:04.000000Z
7840029101707,Fideo Anita tallarin de 400 gr.,5800,ANITA,almacen,fideo-secos,https://static.app.biggie.com.py/images/products/7840029101707.jpg,2026-08-22T21:20:04.000000Z
77900661,Sal Fina Celusal Salero de 100 gr.,12650,CELUSAL,almacen,sal,https://static.app.biggie.com.py/images/products/77900661.jpg,2026-08-22T21:20:04.000000Z
7791664000248,Ñoquis La Italiana de 1.000 gr.,23500,LA ITALIANA,almacen,pastas-rellenas,https://static.app.biggie.com.py/images/products/7791664000248.jpg,2026-08-22T21:20:04.000000Z
7840029101622,Fideo Anita Caracol de 400 gr.,5800,ANITA,almacen,fideo-secos,https://static.app.biggie.com.py/images/products/7840029101622.jpg,2026-08-22T21:20:04.000000Z
7840029000239,Cafe Norte instantaneo de 100 gr.,27500,Norte,almacen,cafe,https://static.app.biggie.com.py/images/products/7840029000239.jpg,2026-08-22T21:20:04.000000Z
7840045000046,Aceite Primicia de Girasol de 1.500 ml.,34700,Primicia,almacen,aceites-de-girasol,https://static.app.biggie.com.py/images/products/7840045000046.jpg,2026-08-22T21:20:04.000000Z
7896183909529,Masa Zaeli Para Tapioca de 500 gr.,11500,Zaeli,almacen,harinas-y-polvos,https://static.app.biggie.com.py/images/products/7896183909529.jpg,2026-08-22T21:20:04.000000Z
7896035990088,Masa para Tapioca Amafil de 500 gr.,11500,AMAFIL,almacen,harinas-y-polvos,https://static.app.biggie.com.py/images/products/7896035990088.jpg,2026-08-22T21:20:04.000000Z
7840113101026,Tapa para Pascualina Alberdin Grande Redonda de 500 gr.,10850,ALBERDIN,almacen,tapa-de-pascualina,https://static.app.biggie.com.py/images/products/7840113101026-32625928.jpg,2026-08-22T21:20:04.000000Z
7891000426937,Cafe Nestle Nescafe Iced Coffee de 100 gr.,34000,Nestle,almacen,cafe,https://static.app.biggie.com.py/images/products/7891000426937.jpg,2026-08-22T21:20:04.000000Z
7840045023090,Harina Primicia Tipo 000 de 1.000 gr.,4850,Primicia,almacen,harinas-y-polvos,https://static.app.biggie.com.py/images/products/7840045023090.jpg,2026-08-22T21:20:04.000000Z
7840029101653,Fideo Anita Tirabuzon de 400 gr.,5800,ANITA,almacen,fideo-secos,https://static.app.biggie.com.py/images/products/7840029101653.jpg,2026-08-22T21:20:04.000000Z
7841535000126,Harina de Maiz Granopar Precocida de 1.000 gr.,14300,GRANOPAR,almacen,harinas-y-polvos,,2026-08-22T21:20:04.000000Z
7794000007741,Salsa Golf Hellmanns Doypack de 250 gr.,12800,Hellmanns,almacen,salsa-golf,https://static.app.biggie.com.py/images/products/7794000007741.jpg,2026-08-22T21:20:04.000000Z
7840045018546,Yerba Indega Clasica de 1.000 gr.,17800,INDEGA,almacen,yerba,https://static.app.biggie.com.py/images/products/7840045018546.jpg,2026-08-22T21:20:04.000000Z
7790127000337,Aceitunas Vanoli Rellenas Doypack de 180 gr.,13900,VANOLI,almacen,aceitunas,https://static.app.biggie.com.py/images/products/7790127000337.jpg,2026-08-22T21:20:04.000000Z
7896419725336,Nuggets Lar Empanitos Precocido de 700 gr.,33150,LAR,almacen,comidas-listas,https://static.app.biggie.com.py/images/products/7896419725336.jpg,2026-08-22T21:20:04.000000Z
7891080806711,Aceite de Soja Soya de 900 ml.,16550,Soya,almacen,aceite-de-soja,https://static.app.biggie.com.py/images/products/7891080806711.jpg,2026-08-22T21:20:04.000000Z
7840029101677,Fideo Anita Nido Cinta de 400 gr.,5300,ANITA,almacen,fideo-secos,https://static.app.biggie.com.py/images/products/7840029101677.jpg,2026-08-22T21:20:04.000000Z
7791866000381,Ketchup Natura Sachet 250 gr.,10000,Natura,almacen,ketchup,https://static.app.biggie.com.py/images/products/7791866000381.jpg,2026-08-22T21:20:04.000000Z
722008502910,Sardina Van Camps en Aceite Lata de 425 gr.,28250,Van Camps,almacen,pescados-mariscos-en-conserva,https://static.app.biggie.com.py/images/products/722008502910.jpg,2026-08-22T21:20:04.000000Z
7798117740072,Aceite de Oliva D'Aguirre de 250 ml.,31000,D´AGUIRRE,almacen,aceites-de-oliva,https://static.app.biggie.com.py/images/products/7798117740072.jpg,2026-08-22T21:20:04.000000Z
7840595002859,Anis Arcoiris Estrellado Paq de 15 gr.,9250,Arcoiris,almacen,hierbas-medicinales,https://static.app.biggie.com.py/images/products/7840595002859-32607267.jpg,2026-08-22T21:20:04.000000Z
7891000337271,Cereal Nesquik Matinal de 210 gr.,16000,Nestle,almacen,cereales,https://static.app.biggie.com.py/images/products/7891000337271.jpg,2026-08-22T21:20:04.000000Z
8410376012743,Galletitas Minicracker Gullon Saladas de 75 gr.,8500,Gullón,almacen,galletitas-saladas,https://static.app.biggie.com.py/images/products/8410376012743.jpg,2026-08-22T21:20:04.000000Z
7840099000085,Arroz Tio Nico Tipo 00000 Rojo de 2.000 gr.,10000,Tio Nico,almacen,arroz,https://static.app.biggie.com.py/images/products/7840099000085-32609180.jpg,2026-08-22T21:20:04.000000Z
7840127001992,Yerba Kurupi Cedron de 250 gr.,7150,Kurupi,almacen,yerba,https://static.app.biggie.com.py/images/products/7840127001992.jpg,2026-08-22T21:20:04.000000Z
7790070265098,Aceite Cocinero Oliva Extra Virgen Botella de 500 ml.,79200,Cocinero,almacen,aceites-de-oliva,https://static.app.biggie.com.py/images/products/7790070265098.jpg,2026-08-22T21:20:04.000000Z
7501003105431,Salsa Herdez Guacamole de 240 gr.,31100,Herdez,almacen,salsa-lista,https://static.app.biggie.com.py/images/products/7501003105431.jpg,2026-08-22T21:20:04.000000Z
7840045018898,Arroz Primicia Tipo I Rojo de 1.000 gr.,27500,Primicia,almacen,arroz,https://static.app.biggie.com.py/images/products/7840045018898.jpg,2026-08-22T21:20:04.000000Z
8445290993021,Pure de Papa Maggi Cremoso de 125 gr.,13400,MAGGI,almacen,alimentos-para-preparar,https://static.app.biggie.com.py/images/products/8445290993021.jpg,2026-08-22T21:20:04.000000Z
8076809579346,Salsa Barilla Pesto Genovese de 190 gr.,45000,BARILLA,almacen,salsas-varias,https://static.app.biggie.com.py/images/products/8076809579346-32409532.jpg,2026-08-22T21:20:04.000000Z
7841056000605,Atun Sun Lomito Natural Abre Facil de 140 gr.,13900,SUN,almacen,pescados-mariscos-en-conserva,https://static.app.biggie.com.py/images/products/7841056000605.jpg,2026-08-22T21:20:04.000000Z
7613034412904,Cereal Nestle Trix sabor Frutal caja de 230 gr.,19400,Nestle,almacen,cereales,https://static.app.biggie.com.py/images/products/7613034412904.jpg,2026-08-22T21:20:04.000000Z
8445291178977,Cafe Nescafe Vanilla Latte de 148 gr.,32700,Nescafé,almacen,cafe,https://static.app.biggie.com.py/images/products/8445291178977.jpg,2026-08-22T21:20:04.000000Z
7840029101639,Fideo Anita Cortadito de 400 gr.,5800,ANITA,almacen,fideo-secos,https://static.app.biggie.com.py/images/products/7840029101639.jpg,2026-08-22T21:20:04.000000Z
7790045001010,Cereal Granix azucarados copo de maiz de 300 gr.,15950,Granix,almacen,cereales,https://static.app.biggie.com.py/images/products/7790045001010.jpg,2026-08-22T21:20:04.000000Z
7794000008915,Aderezo Hellmans Picante de 250 gr.,14150,Hellmanns,almacen,mayonesas,https://static.app.biggie.com.py/images/products/7794000008915.jpg,2026-08-22T21:20:04.000000Z
7840045018560,Yerba Indega Clasica Plast de 250 gr.,4850,INDEGA,almacen,yerba,https://static.app.biggie.com.py/images/products/7840045018560.jpg,2026-08-22T21:20:04.000000Z
7791664000644,Ravioles de Pollo La Italiana de 500 gr.,26200,LA ITALIANA,almacen,pastas-rellenas,https://static.app.biggie.com.py/images/products/7791664000644.jpg,2026-08-22T21:20:04.000000Z
7840029100267,Cafe Belen Torrado de 200 gr.,29100,Belen,almacen,cafe,https://static.app.biggie.com.py/images/products/7840029100267-32630887.jpg,2026-08-22T21:20:04.000000Z
7841787000080,Galleta de Arroz B-Light chía y quinua de 110 gr.,11500,SARIC,almacen,galletitas-integrales,https://static.app.biggie.com.py/images/products/7841787000080.jpg,2026-08-22T21:20:04.000000Z
7896419725343,Nuggets Lar Tiritas Precocido de 700 gr.,33150,LAR,almacen,comidas-listas,https://static.app.biggie.com.py/images/products/7896419725343.jpg,2026-08-22T21:20:04.000000Z
7840127020535,Te Guarani Manzanilla y Miel de 20 Saq.,14300,Te Guarani,almacen,te,https://static.app.biggie.com.py/images/products/7840127020535.jpg,2026-08-22T21:20:04.000000Z
7841503031138,Galletitas Crackers 8 Semillas de 200 gr.,6900,CRACKERS,almacen,galletitas-integrales,https://static.app.biggie.com.py/images/products/7841503031138.jpg,2026-08-22T21:20:04.000000Z
7794000006492,Mostaza Savora Original de 200 gr.,13850,SAVORA,almacen,mostaza,https://static.app.biggie.com.py/images/products/7794000006492.jpg,2026-08-22T21:20:04.000000Z
7840185784691,Jardinera verduras Norte de 200 gr.,5250,Norte,almacen,vegetales-y-legumbres-en-conserva,https://static.app.biggie.com.py/images/products/7840185784691.jpg,2026-08-22T21:20:04.000000Z
7840037000870,Yerba Compuesta de 500 gr.,13100,COLON,almacen,yerba,https://static.app.biggie.com.py/images/products/7840037000870-32622595.jpg,2026-08-22T21:20:04.000000Z
7891079012918,Fideo Sun Nissin Cup Noodles Verduras de 65 gr.,12900,SUN,almacen,fideo-frescos,https://static.app.biggie.com.py/images/products/7891079012918.jpg,2026-08-22T21:20:04.000000Z
7896004006314,Cereal Kelloggs choco pops 240 gr.,21950,Kelloggs,almacen,cereales,https://static.app.biggie.com.py/images/products/7896004006314.jpg,2026-08-22T21:20:04.000000Z
7840064136771,Palmito Entero Excellent en Conserva de 400 gr.,20200,Excellent,almacen,palmitos,https://static.app.biggie.com.py/images/products/7840064136771.jpg,2026-08-22T21:20:04.000000Z
7791866003283,Mayonesa Mayoliva de 250 ml.,12900,MAYOLIVA,almacen,mayonesas,https://static.app.biggie.com.py/images/products/7791866003283.jpg,2026-08-22T21:20:04.000000Z
7790387110234,Yerba Taragui Roja de 500 gr.,26950,TARAGUI,almacen,yerba,https://static.app.biggie.com.py/images/products/7790387110234.jpg,2026-08-22T21:20:04.000000Z
7791866001357,Mayonesa Natura Sachet de 1.000 gr.,35500,Natura,almacen,mayonesas,https://static.app.biggie.com.py/images/products/7791866001357.jpg,2026-08-22T21:20:04.000000Z
7841204000068,Manteca de mani Kelwa con Chocolate de 250 gr.,25350,KELWA,almacen,mantequillas,https://static.app.biggie.com.py/images/products/7841204000068.jpg,2026-08-22T21:20:04.000000Z
7840029101684,Fideo Anita Mostacholi de 400 gr.,5800,ANITA,almacen,fideo-secos,https://static.app.biggie.com.py/images/products/7840029101684.jpg,2026-08-22T21:20:04.000000Z
7841503031640,Galletita Mazzei Crackers Salvado Light de 190 gr.,6500,MAZZEI,almacen,galletitas-integrales,https://static.app.biggie.com.py/images/products/7841503031640.jpg,2026-08-22T21:20:04.000000Z
7841390000057,Mermelada Ligth Frutilla F&F Frasco de 400 gr.,19500,FRUITS & FOODS,almacen,dulces-y-mermeladas,https://static.app.biggie.com.py/images/products/7841390000057-32636770.jpg,2026-08-22T21:20:04.000000Z
7842260000139,Miel de Abeja Don Carlos de 350 gr.,32950,DON CARLOS,almacen,dulces-y-mermeladas,https://static.app.biggie.com.py/images/products/7842260000139.jpg,2026-08-22T21:20:04.000000Z
7842581000016,Cereal de Granola Schemecker con Chocolate de 350 gr.,33350,Schemecker,almacen,cereales,https://static.app.biggie.com.py/images/products/7842581000016.jpg,2026-08-22T21:20:04.000000Z
7790040136250,Galletita Bagley Cereales Salvado de 169 gr.,7300,BAGLEY,almacen,galletitas-integrales,https://static.app.biggie.com.py/images/products/7790040136250.jpg,2026-08-22T21:20:04.000000Z
7841787000059,Galleta de Arroz sin sal B-Light de 85 gr.,9350,SARIC,almacen,galletitas-integrales,https://static.app.biggie.com.py/images/products/7841787000059.jpg,2026-08-22T21:20:04.000000Z
7891079013861,Fideo Nissin Ufo Verdura Salsa Oriental de 81 gr.,16900,Nissin,almacen,fideo-secos,https://static.app.biggie.com.py/images/products/7891079013861.jpg,2026-08-22T21:20:04.000000Z
7840117010119,Extracto de Tomate Frutika de 140 gr.,2950,Frutika,almacen,salsa-de-tomate,https://static.app.biggie.com.py/images/products/7840117010119.jpg,2026-08-22T21:20:04.000000Z
7802575004437,Fideo Carozzi Spaghetti Grueso de 400 gr.,10850,Carozzi,almacen,fideo-secos,https://static.app.biggie.com.py/images/products/7802575004437.jpg,2026-08-22T21:20:04.000000Z
7842295000258,Miel de Abeja Chaco Miel Energia y Vitalidad de 15 gr.,13500,Chaco Miel,almacen,miel,https://static.app.biggie.com.py/images/products/7842295000258.jpg,2026-08-22T21:20:04.000000Z
7791664000033,Pascualina Redonda La Italiana de 420 gr.,16100,LA ITALIANA,almacen,pastas-rellenas,https://static.app.biggie.com.py/images/products/7791664000033.jpg,2026-08-22T21:20:04.000000Z
7840099000078,Arroz Tio Nico Tipo 0000 Azul de 2.000 gr.,9550,Tio Nico,almacen,arroz,https://static.app.biggie.com.py/images/products/7840099000078-32625824.jpg,2026-08-22T21:20:04.000000Z
01307508,Ketchup Heinz de 397 gr.,29000,Heinz,almacen,ketchup,https://static.app.biggie.com.py/images/products/01307508.jpg,2026-08-22T21:20:04.000000Z
7840045056531,Yerba Indega Kuña Guapa de 500 gr.,16350,INDEGA,almacen,yerba,https://static.app.biggie.com.py/images/products/7840045056531.jpg,2026-08-22T21:20:04.000000Z
7840127021075,Yerba Kurupi Anis y Manzanilla de 500 gr.,13400,Té Guaraní,almacen,yerba,https://static.app.biggie.com.py/images/products/7840127021075.jpg,2026-08-22T21:20:04.000000Z
7840042002012,Dulce de leche Lactolanda de 450 gr.,12750,Lactolanda,almacen,dulces-y-mermeladas,https://static.app.biggie.com.py/images/products/7840042002012-32632151.jpg,2026-08-22T21:20:04.000000Z
7896183905712,Fideo Zaeli Instantaneo Gallina de 80 gr.,3100,Zaeli,almacen,fideo-secos,https://static.app.biggie.com.py/images/products/7896183905712.jpg,2026-08-22T21:20:04.000000Z
7840045035499,Harina Primicia Especial Tipo 0000 de 1.000 gr.,6850,Primicia,almacen,harinas-y-polvos,https://static.app.biggie.com.py/images/products/7840045035499.jpg,2026-08-22T21:20:04.000000Z
7840471000078,Huevo NutriHuevo Tipo S 30 uni.,26850,NUTRIHUEVOS,almacen,huevos,https://static.app.biggie.com.py/images/products/7840471000078.jpg,2026-08-22T21:20:04.000000Z
7841503031619,Avena Instantanea Mazzei de 600 gr.,19500,MAZZEI,almacen,cereales,https://static.app.biggie.com.py/images/products/7841503031619.jpg,2026-08-22T21:20:04.000000Z
7840255000065,Palmitos Enteros San Diego de 220 gr.,28800,SANTHER,almacen,palmitos,https://static.app.biggie.com.py/images/products/7840255000065.jpg,2026-08-22T21:20:04.000000Z
7802575015662,Lasaña Carozzi Pre Cocida  de 330 gr.,25700,Carozzi,almacen,pastas-rellenas,https://static.app.biggie.com.py/images/products/7802575015662.jpg,2026-08-22T21:20:04.000000Z
7891000405451,Cereal Kit Kat Matinal de 210 gr.,21600,Nestle,almacen,cereales,https://static.app.biggie.com.py/images/products/7891000405451.jpg,2026-08-22T21:20:04.000000Z
7840127021068,Yerba Kurupi Anis y Manzanilla de 250 gr.,7550,Té Guaraní,almacen,yerba,https://static.app.biggie.com.py/images/products/7840127021068.jpg,2026-08-22T21:20:04.000000Z
7840127020825,Te Guarani Plan 30 Dias x 30 Uni.,23300,Te Guarani,almacen,te,https://static.app.biggie.com.py/images/products/7840127020825.jpg,2026-08-22T21:20:04.000000Z
7790036007816,Pure de Tomate de La Huerta de 1030 gr.,13450,De la Huerta,almacen,salsa-de-tomate,https://static.app.biggie.com.py/images/products/7790036007816.jpg,2026-08-22T21:20:04.000000Z
7840595013145,Cocido Quemado Don Fernando x 10 Uni.,5750,DON FERNANDO,almacen,cocido,https://static.app.biggie.com.py/images/products/7840595013145.jpg,2026-08-22T21:20:04.000000Z
7896004006338,Cereal Kelloggs corn flakes 500 gr.,32900,Kelloggs,almacen,cereales,https://static.app.biggie.com.py/images/products/7896004006338.jpg,2026-08-22T21:20:04.000000Z
722008313219,Atún Van Camps en Aceite Lata 140 gr.,16000,Van Camps,almacen,pescados-mariscos-en-conserva,https://static.app.biggie.com.py/images/products/722008313219.jpg,2026-08-22T21:20:04.000000Z
7891515482268,Lasagna Sadia 4 Quesos Flow Pack de 600 gr.,43400,Sadia,almacen,pastas-rellenas,https://static.app.biggie.com.py/images/products/7891515482268.jpg,2026-08-22T21:20:04.000000Z
7840595000619,Azafran Arcoiris de 10 gr.,8650,Arcoiris,almacen,condimentos-secos,https://static.app.biggie.com.py/images/products/7840595000619-32627681.jpg,2026-08-22T21:20:04.000000Z
7840127000384,Yerba Kurupi Energizante Katuava de 500 gr.,13400,Kurupi,almacen,yerba,https://static.app.biggie.com.py/images/products/7840127000384.jpg,2026-08-22T21:20:04.000000Z
7840013000900,Yerba Pajarito Compuesta de 500 gr.,13250,PAJARITO,almacen,yerba,https://static.app.biggie.com.py/images/products/7840013000900.jpg,2026-08-22T21:20:04.000000Z
7842727000061,"Mix Club Gourmet cascara de naraja tostadas, eucalipto, ambay, malva y urusu he`e.",27000,Club Gourmet,almacen,hierbas-medicinales,https://static.app.biggie.com.py/images/products/7842727000061-32179684.jpg,2026-08-22T21:20:04.000000Z
7841390000620,Mermelada Zero Azucar Frutilla F&F Frasco de 400 gr.,19900,FRUITS & FOODS,almacen,dulces-y-mermeladas,https://static.app.biggie.com.py/images/products/7841390000620.jpg,2026-08-22T21:20:04.000000Z
7840112000245,Cafe Mayo torrado de 100 gr.,15850,Mayo,almacen,cafe,https://static.app.biggie.com.py/images/products/7840112000245.jpg,2026-08-22T21:20:04.000000Z
7702032104369,Cafe Colcafe Soluble Granulado de 50 gr.,26500,Colcafé,almacen,cafe,https://static.app.biggie.com.py/images/products/7702032104369-1.jpg,2026-08-22T21:20:04.000000Z
8445291692862,Cafe Nescafe Gold Descafeinado de 95 gr.,89000,Nestle,almacen,cafe,,2026-08-22T21:20:04.000000Z
7792070001331,Aceituna Verde Cebila Relleno con Morron de 100 gr.,8800,Cébila,almacen,aceitunas,https://static.app.biggie.com.py/images/products/7792070001331.jpg,2026-08-22T21:20:04.000000Z
7842642000115,Mantequilla de Mani Lufit Natural de 470 gr.,24700,LUFIT,almacen,mantequillas,https://static.app.biggie.com.py/images/products/7842642000115.jpg,2026-08-22T21:20:04.000000Z
7840029101806,Fideo Anita Cinta Tallarin de 400 gr,5800,ANITA,almacen,fideo-secos,https://static.app.biggie.com.py/images/products/7840029101806.jpg,2026-08-22T21:20:04.000000Z
7841390000095,Mermelada Zero Azucar Mora F&F Frasco de 400 gr.,19900,FRUITS & FOODS,almacen,dulces-y-mermeladas,https://static.app.biggie.com.py/images/products/7841390000095-32622743.jpg,2026-08-22T21:20:04.000000Z
7891079014172,Fideo Instantaneo Nissin Yakissoba UFO Pollo de 81 gr.,16900,Nissin,almacen,fideo-secos,,2026-08-22T21:20:04.000000Z
7800120169204,Cereales Vivo Line Integral de 350 gr.,38900,Vivo,almacen,cereales,https://static.app.biggie.com.py/images/products/7800120169204-32604950.jpg,2026-08-22T21:20:04.000000Z
7613034413062,Cereal Nestle trix bolsa de 90 gr.,7500,Nestle,almacen,cereales,https://static.app.biggie.com.py/images/products/7613034413062.jpg,2026-08-22T21:20:04.000000Z
7790036973036,Pure de Tomate de la Huerta de 210 gr.,4050,De la Huerta,almacen,salsa-de-tomate,https://static.app.biggie.com.py/images/products/7790036973036.jpg,2026-08-22T21:20:04.000000Z
7841056001930,Pepino Sun Entero Vidrio de 353 gr.,16900,SUN,almacen,vegetales-y-legumbres-en-conserva,https://static.app.biggie.com.py/images/products/7841056001930-31204252.jpg,2026-08-22T21:20:04.000000Z
7840045060804,Atun lomo Indemar en Aceite de 160 gr.,12950,INDEMAR,almacen,pescados-mariscos-en-conserva,https://static.app.biggie.com.py/images/products/7840045060804.jpg,2026-08-22T21:20:04.000000Z
7840821000055,Harina Hildebrant leudante de 1.000 gr.,8400,Hilagro,almacen,harinas-y-polvos,https://static.app.biggie.com.py/images/products/7840821000055.jpg,2026-08-22T21:20:04.000000Z
7840045033662,Lenteja seca Primicia de 500 gr.,24800,Primicia,almacen,legumb-granos-semillas,https://static.app.biggie.com.py/images/products/7840045033662.jpg,2026-08-22T21:20:04.000000Z
7841787000066,Galleta de Arroz lino y sesamo B-Light de 85 gr.,11500,SARIC,almacen,galletitas-integrales,https://static.app.biggie.com.py/images/products/7841787000066.jpg,2026-08-22T21:20:04.000000Z
7842295000074,Barra de Cereal Super Bar chocomani.,6000,Sabores De Mi Tierra,almacen,cereales-en-barra,https://static.app.biggie.com.py/images/products/7842295000074.jpg,2026-08-22T21:20:04.000000Z
7842196000043,Miel Las Viajeras Sachet  6 Unidades.,7700,LAS VIAJERAS,almacen,dulces-y-mermeladas,https://static.app.biggie.com.py/images/products/7842196000043.jpg,2026-08-22T21:20:04.000000Z
7840045036366,Almidon de Mandioca Primicia de 500 gr.,8350,Primicia,almacen,harinas-y-polvos,https://static.app.biggie.com.py/images/products/7840045036366.jpg,2026-08-22T21:20:04.000000Z
7790127000320,Aceitunas Vanoli Deshuesada Doypack de 140 gr.,12150,VANOLI,almacen,aceitunas,https://static.app.biggie.com.py/images/products/7790127000320.jpg,2026-08-22T21:20:04.000000Z
7790072001014,Sal Fina Celusal de 500 gr.,9100,CELUSAL,almacen,sal,https://static.app.biggie.com.py/images/products/7790072001014.jpg,2026-08-22T21:20:04.000000Z
7791664001276,Capelletis Amici de Carne de 400 gr.,20050,AMICI,almacen,pastas-rellenas,https://static.app.biggie.com.py/images/products/7791664001276.jpg,2026-08-22T21:20:04.000000Z
7841787000158,Galleta de Maiz B-light Natural de 125 gr.,11500,B-light,almacen,galletitas-integrales,https://static.app.biggie.com.py/images/products/7841787000158-31499106.jpg,2026-08-22T21:20:04.000000Z
7840029101615,Fideo Anita Caracolito de 400 gr.,5800,ANITA,almacen,fideo-secos,https://static.app.biggie.com.py/images/products/7840029101615.jpg,2026-08-22T21:20:04.000000Z
7840016411017,Harina Ersa Tipo 0000 de 1.000 gr.,7700,Ersa,almacen,harinas-y-polvos,https://static.app.biggie.com.py/images/products/7840016411017.jpg,2026-08-22T21:20:04.000000Z
7848000320017,Miel de Abeja Yeya de 350 gr.,22750,Yeya Catalina,almacen,miel,https://static.app.biggie.com.py/images/products/7848000320017.jpg,2026-08-22T21:20:04.000000Z
7840854000084,Azucar Organica Eco Agro Morena de 1.000 gr.,14400,ECO AGRO,almacen,azucares,https://static.app.biggie.com.py/images/products/7840854000084-31209984.jpg,2026-08-22T21:20:04.000000Z
7840595002729,Anis Arcoiris de 50 gr.,8600,Arcoiris,almacen,hierbas-medicinales,https://static.app.biggie.com.py/images/products/7840595002729.jpg,2026-08-22T21:20:04.000000Z
7841056000803,Atun Sun Desmenuzado Natural de 140 gr.,7900,SUN,almacen,pescados-mariscos-en-conserva,https://static.app.biggie.com.py/images/products/7841056000803.jpg,2026-08-22T21:20:04.000000Z
7842642000153,Mantequilla de Mani Lufit con Coco de 470 gr.,31200,LUFIT,almacen,mantequillas,https://static.app.biggie.com.py/images/products/7842642000153.jpg,2026-08-22T21:20:04.000000Z
7842295000265,Miel de Abeja Chaco Miel Vigor y Perfomance de 15 gr.,15500,Chaco Miel,almacen,miel,https://static.app.biggie.com.py/images/products/7842295000265.jpg,2026-08-22T21:20:04.000000Z
7840595013817,"Mezcla de Hierbas Arcoiris Anis, Boldo, Manzanilla de 50 gr.",10500,Arcoiris,almacen,hierbas-medicinales,https://static.app.biggie.com.py/images/products/7840595013817.jpg,2026-08-22T21:20:04.000000Z
7840023000075,Arroz La Cazuela Premiun de 1.000 gr.,11600,La Cazuela,almacen,arroz,https://static.app.biggie.com.py/images/products/7840023000075-32627467.jpg,2026-08-22T21:20:04.000000Z
7842642000139,Mantequilla de Mani Lufit Crujiente de 470 gr.,24700,LUFIT,almacen,mantequillas,https://static.app.biggie.com.py/images/products/7842642000139.jpg,2026-08-22T21:20:04.000000Z
7841503001667,Avena instantanea Be Fit de 300 gr.,12000,MAZZEI,almacen,cereales,https://static.app.biggie.com.py/images/products/7841503001667.jpg,2026-08-22T21:20:04.000000Z
7840185785803,Fideo Anita spaghettini de 400 gr.,5800,ANITA,almacen,fideo-secos,https://static.app.biggie.com.py/images/products/7840185785803-32619538.jpg,2026-08-22T21:20:04.000000Z
7840127002128,"Yerba Kurupi Jengibre, Menta y te Verde de 500 gr.",14300,Kurupi,almacen,yerba,https://static.app.biggie.com.py/images/products/7840127002128-29453591.jpg,2026-08-22T21:20:04.000000Z
7798128000691,Galletita Cachafaz Integral Chips Chocolate x Uni.,14000,Cachafaz,almacen,galletitas-integrales,https://static.app.biggie.com.py/images/products/7798128000691.jpg,2026-08-22T21:20:04.000000Z
7841486000077,Miel de Abeja Arapoty Envase Plano de 500 gr.,40100,Arapoty,almacen,miel,https://static.app.biggie.com.py/images/products/7841486000077.jpg,2026-08-22T21:20:04.000000Z
8410010813729,Aceite de Oliva Carbonell de 500 ml.,88450,Carbonell,almacen,aceites-de-oliva,https://static.app.biggie.com.py/images/products/8410010813729.jpg,2026-08-22T21:20:04.000000Z
7840113201511,Ravioles De Carne Alberdin 500 gr.,30800,ALBERDIN,almacen,pastas-rellenas,https://static.app.biggie.com.py/images/products/7840113201511.jpg,2026-08-22T21:20:04.000000Z
7798094225616,Mini Torta Rapsodia Chocolate y Dulce Leche de 80 gr.,2950,RAPSODIA,almacen,postres,https://static.app.biggie.com.py/images/products/7798094225616.jpg,2026-08-22T21:20:04.000000Z
7840112000221,Cafe mayo torrado con azul molido de 250 gr.,39250,Mayo,almacen,cafe,https://static.app.biggie.com.py/images/products/7840112000221.jpg,2026-08-22T21:20:04.000000Z
7891331018283,Cereal Nutry en Barra Crispy Protein Chocolate de 30 gr.,7450,NUTRY,almacen,cereales-en-barra,https://static.app.biggie.com.py/images/products/7891331018283.jpg,2026-08-22T21:20:04.000000Z
7841787000073,Galleta de Arroz Miel y Anís B-Light 110 gr.,11500,SARIC,almacen,galletitas-integrales,https://static.app.biggie.com.py/images/products/7841787000073-32631553.jpg,2026-08-22T21:20:04.000000Z
7840127020979,Yerba Kurupi Mega Menta Lata de 500 gr.,54200,Kurupi,almacen,yerba,https://static.app.biggie.com.py/images/products/7840127020979.jpg,2026-08-22T21:20:04.000000Z
7840045029016,Yerba Indega Compuesta de 500 gr.,10900,INDEGA,almacen,yerba,https://static.app.biggie.com.py/images/products/7840045029016.jpg,2026-08-22T21:20:04.000000Z
7840595005508,Manzanilla Arcoiris de 50 gr.,10950,Arcoiris,almacen,hierbas-medicinales,https://static.app.biggie.com.py/images/products/7840595005508.jpg,2026-08-22T21:20:04.000000Z
7730964000404,Cereal en Barra Natural Bars Proteica Sabor Chocolate Semi Amargo de 45 gr.,9900,NATURAL BARS,almacen,cereales-en-barra,https://static.app.biggie.com.py/images/products/7730964000404.jpg,2026-08-22T21:20:04.000000Z
7841204000075,Manteca de Mani Kelwa Cremosa de 250 gr.,21450,KELWA,almacen,mantequillas,https://static.app.biggie.com.py/images/products/7841204000075.jpg,2026-08-22T21:20:04.000000Z
7840045049946,Arroz Primicia Parbolizado de 500 gr.,5050,Primicia,almacen,arroz,https://static.app.biggie.com.py/images/products/7840045049946.jpg,2026-08-22T21:20:04.000000Z
7840127020917,Yerba Mate Kurupi Tradicional Bolsa de 500 Gr.,7550,Kurupi,almacen,yerba,https://static.app.biggie.com.py/images/products/7840127020917.jpg,2026-08-22T21:20:04.000000Z
7896348301670,Cafe Melitta Instantaneo Soluble Vidrio de 160 gr.,49450,Melitta,almacen,cafe,https://static.app.biggie.com.py/images/products/7896348301670.jpg,2026-08-22T21:20:04.000000Z
7840013000825,Yerba Pajarito Compuesta Menta y Boldo de 500 gr.,13900,PAJARITO,almacen,yerba,https://static.app.biggie.com.py/images/products/7840013000825.jpg,2026-08-22T21:20:04.000000Z
7840113104010,Ñoquis Alberdin de 500 gr.,8850,ALBERDIN,almacen,pastas-rellenas,https://static.app.biggie.com.py/images/products/7840113104010.jpg,2026-08-22T21:20:04.000000Z
7840127020368,Te Guarani Adelgaza Te de 20 Saq.,15200,Te Guarani,almacen,te,https://static.app.biggie.com.py/images/products/7840127020368.jpg,2026-08-22T21:20:04.000000Z
7840243000022,Yerba La Rubia de 500 gr.,22050,La Rubia,almacen,yerba,https://static.app.biggie.com.py/images/products/7840243000022.jpg,2026-08-22T21:20:04.000000Z
7801875044013,Te Negro Hornimas de 20 saquitos.,13600,HORNIMAS,almacen,te,https://static.app.biggie.com.py/images/products/7801875044013.jpg,2026-08-22T21:20:04.000000Z
7840016410010,Harina Ersa Tipo 000 de 1.000 gr.,5650,Ersa,almacen,harinas-y-polvos,https://static.app.biggie.com.py/images/products/7840016410010.jpg,2026-08-22T21:20:04.000000Z
7791664001252,Ravioles Amici de pollo y espinaca de 400 gr.,17850,AMICI,almacen,pastas-rellenas,https://static.app.biggie.com.py/images/products/7791664001252.jpg,2026-08-22T21:20:04.000000Z
7896183905729,Fideo Zaeli Instantaneo Carne de 80 gr.,3100,Zaeli,almacen,fideo-secos,https://static.app.biggie.com.py/images/products/7896183905729.jpg,2026-08-22T21:20:04.000000Z
7840045040004,Yerba Indega Menta Boldo Plast. de 250 gr.,5800,INDEGA,almacen,yerba,https://static.app.biggie.com.py/images/products/7840045040004.jpg,2026-08-22T21:20:04.000000Z
7840045055312,Dulce de Leche Primicia de 400 gr.,13450,Primicia,almacen,dulces-y-mermeladas,https://static.app.biggie.com.py/images/products/7840045055312.jpg,2026-08-22T21:20:04.000000Z
7896045113224,Cafe Soluble Iguaçu Pouch de 40 gr.,14900,IGUAÇU,almacen,cafe,https://static.app.biggie.com.py/images/products/7896045113224.jpg,2026-08-22T21:20:04.000000Z
7840591001443,Canela Hierbapar en rama sobre de 15 gr.,7950,Hierbapar,almacen,esencias-y-colorantes,https://static.app.biggie.com.py/images/products/7840591001443.jpg,2026-08-22T21:20:04.000000Z
7841503002404,Cereal Mazzei Hojuelas sin Gluten de 300 gr.,18000,MAZZEI,almacen,cereales,https://static.app.biggie.com.py/images/products/7841503002404-32842847.jpg,2026-08-22T21:20:04.000000Z
7894000010014,Almidon de Maiz Maizena de 200 gr.,7500,MAIZENA,almacen,harinas-y-polvos,https://static.app.biggie.com.py/images/products/7894000010014-28543230.jpg,2026-08-22T21:20:04.000000Z
7702032117444,Cafe Colcafe soluble descafeinado de 90 gr.,59500,Colcafé,almacen,cafe,https://static.app.biggie.com.py/images/products/7702032117444.jpg,2026-08-22T21:20:04.000000Z
7842295000081,Barra de Cereal Super Bar Chocomani Blanco de 40 gr.,6000,Sabores De Mi Tierra,almacen,cereales-en-barra,https://static.app.biggie.com.py/images/products/7842295000081.jpg,2026-08-22T21:20:04.000000Z
7840395002547,Mayonesa Natura de 250 gr + Ketchup Natura de 250 gr.,15850,Natura,almacen,mayonesas,https://static.app.biggie.com.py/images/products/7840395002547.jpg,2026-08-22T21:20:04.000000Z
7792070034353,Aceitunas Nucete Descarozada Premium de 180 gr.,28500,Nucete,almacen,aceitunas,https://static.app.biggie.com.py/images/products/7792070034353.jpg,2026-08-22T21:20:04.000000Z
7841229002269,Dulce de Leche La Fortuna Light de 300 gr.,14250,La Fortuna,almacen,dulces-y-mermeladas-diet,https://static.app.biggie.com.py/images/products/7841229002269.jpg,2026-08-22T21:20:04.000000Z
7793360005084,Atun La Campagnola en Lomos al Natural Lata de 170 gr.,18000,BC La Campagnola,almacen,pescados-mariscos-en-conserva,https://static.app.biggie.com.py/images/products/7793360005084.jpg,2026-08-22T21:20:04.000000Z
7840907000047,Dulce de leche Lolita clasico de 200 gr.,7700,Lolita,almacen,dulces-y-mermeladas,https://static.app.biggie.com.py/images/products/7840907000047.jpg,2026-08-22T21:20:04.000000Z
7841056001879,Champiñon Sun Entero Vidrio de 280 gr.,19900,SUN,almacen,vegetales-y-legumbres-en-conserva,https://static.app.biggie.com.py/images/products/7841056001879-31204210.jpg,2026-08-22T21:20:04.000000Z
7841204000044,Manteca de mani Kelwa Americana de 250 gr.,21450,KELWA,almacen,mantequillas,https://static.app.biggie.com.py/images/products/7841204000044.jpg,2026-08-22T21:20:04.000000Z
7841390000637,Mermelada Zero Azucar Guayaba F&F Frasco de 400 gr.,18900,FRUITS & FOODS,almacen,dulces-y-mermeladas,https://static.app.biggie.com.py/images/products/7841390000637.jpg,2026-08-22T21:20:04.000000Z
7840037003147,"Yerba Colon Compuesta Cedron, Limon ,Menta de 500 gr.",13050,COLON,almacen,yerba,https://static.app.biggie.com.py/images/products/7840037003147.jpg,2026-08-22T21:20:04.000000Z
7798128000707,Galletita Cachafaz Integral Granola x Uni.,14000,Cachafaz,almacen,galletitas-integrales,https://static.app.biggie.com.py/images/products/7798128000707.jpg,2026-08-22T21:20:04.000000Z
7848000540088,Postrecito Tia Laura Delicias Red Velvet de 160 gr.,26000,Tia Laura Delicias,almacen,postres,https://static.app.biggie.com.py/images/products/7848000540088.jpg,2026-08-22T21:20:04.000000Z
7848000540033,Postrectio Tia Laura Delicias Oreo Nutella de 220 gr.,28000,Tia Laura Delicias,almacen,postres,https://static.app.biggie.com.py/images/products/7848000540033.jpg,2026-08-22T21:20:04.000000Z
7896074603833,Waffle Forno Vainilla Tradicional de 35 gr.,16500,FORNO DE MINAS,almacen,postres,https://static.app.biggie.com.py/images/products/7896074603833.jpg,2026-08-22T21:20:04.000000Z
7792070001324,Aceitunas Verdes Cebila Descarozadas de 80 gr.,7650,Cébila,almacen,aceitunas,https://static.app.biggie.com.py/images/products/7792070001324.jpg,2026-08-22T21:20:04.000000Z
7841056000636,Carne Conservada Sun Enlatada de 340 gr.,16900,SUN,almacen,carnes-en-conserva,,2026-08-22T21:20:04.000000Z
7840045042947,Jardinera Primicia lata 200 gr.,6250,Primicia,almacen,vegetales-y-legumbres-en-conserva,https://static.app.biggie.com.py/images/products/7840045042947.jpg,2026-08-22T21:20:04.000000Z
7848000540101,Postrecito 3 Leches Tia Laura Delicias de 175 gr.,23000,Tia Laura Delicias,almacen,postres,https://static.app.biggie.com.py/images/products/7848000540101.jpg,2026-08-22T21:20:04.000000Z
7840013000016,Yerba Pajarito Tradicional de 1.000 gr.,19900,PAJARITO,almacen,yerba,https://static.app.biggie.com.py/images/products/7840013000016-32617632.jpg,2026-08-22T21:20:04.000000Z
7840127000773,Yerba Kurupi Tradicion de 500 gr.,8550,TRADICION,almacen,yerba,https://static.app.biggie.com.py/images/products/7840127000773.jpg,2026-08-22T21:20:04.000000Z
7896019206778,Cafe Iguacu Clasico Soluble Vidrio de 100 gr.,32900,IGUAÇU,almacen,cafe,https://static.app.biggie.com.py/images/products/7896019206778.jpg,2026-08-22T21:20:04.000000Z
7840045056555,Yerba Indega Kuña Guapa de 250 gr.,8600,INDEGA,almacen,yerba,https://static.app.biggie.com.py/images/products/7840045056555-25483079.jpg,2026-08-22T21:20:04.000000Z
7798128000677,Galletita Cachafaz Integral Avena y Pasas x Uni.,14000,Cachafaz,almacen,galletitas-integrales,https://static.app.biggie.com.py/images/products/7798128000677.jpg,2026-08-22T21:20:04.000000Z
7840113102054,Disco para Empanada Alberdin Mediano para Hornear de 320 gr.,8750,ALBERDIN,almacen,tapa-de-empanada,https://static.app.biggie.com.py/images/products/7840113102054-32601457.jpg,2026-08-22T21:20:04.000000Z
7802215303388,Barra de Cereal Bar Costa frutos rojos + yogurt de 21 gr.,3200,Costa,almacen,cereales-en-barra,https://static.app.biggie.com.py/images/products/7802215303388.jpg,2026-08-22T21:20:04.000000Z
7840127020542,Te Guarani Sabor Limon y Jengibre Saquitos de 20 Uni.,21500,Te Guarani,almacen,te,https://static.app.biggie.com.py/images/products/7840127020542.jpg,2026-08-22T21:20:04.000000Z
7841738000282,Atun Vivaz Solido en Agua de 170 gr.,14200,Vivaz,almacen,pescados-mariscos-en-conserva,https://static.app.biggie.com.py/images/products/7841738000282.jpg,2026-08-22T21:20:04.000000Z
7840045047430,Yerba Indega Manzanilla y Anis Caja de 500 gr.,13700,INDEGA,almacen,yerba,https://static.app.biggie.com.py/images/products/7840045047430.jpg,2026-08-22T21:20:04.000000Z
7840531001144,Mantequilla de Mani Dul Cesar Natural de 200 gr.,13200,Dulcesar,almacen,mantequillas,https://static.app.biggie.com.py/images/products/7840531001144.jpg,2026-08-22T21:20:04.000000Z
7841731000227,Galleta molida Hildrebrand de 800 gr.,10200,HILDEBRAND,almacen,harinas-y-polvos,https://static.app.biggie.com.py/images/products/7841731000227.jpg,2026-08-22T21:20:04.000000Z
7794000006539,Aderezo Hellmanns de Aceite con Ajo de 340 gr.,21350,Hellmanns,almacen,mayonesas,https://static.app.biggie.com.py/images/products/7794000006539.jpg,2026-08-22T21:20:04.000000Z
7840045018904,Arroz Primicia Tipo I Rojo de 500 gr.,13800,Primicia,almacen,arroz,https://static.app.biggie.com.py/images/products/7840045018904.jpg,2026-08-22T21:20:04.000000Z
7841056000810,Atun Sun Desmenuzado Aceite de 140 gr.,7900,SUN,almacen,pescados-mariscos-en-conserva,https://static.app.biggie.com.py/images/products/7841056000810.jpg,2026-08-22T21:20:04.000000Z
8413700557460,Molinillo Carmencita Sal Rosa del Himalaya de 390 gr.,62500,Carmencita,almacen,condimentos-secos,https://static.app.biggie.com.py/images/products/8413700557460.jpg,2026-08-22T21:20:04.000000Z
7841503002336,Galletita Mazzei Cracker 8 Semillas de 180 gr.,4800,MAZZEI,almacen,galletitas-saladas,https://static.app.biggie.com.py/images/products/7841503002336-29633401.jpg,2026-08-22T21:20:04.000000Z
7841204000013,Turron de Mani Kelwa de 65 gr.,3750,KELWA,almacen,mantequillas,https://static.app.biggie.com.py/images/products/7841204000013.jpg,2026-08-22T21:20:04.000000Z
7840127020269,Te de manzanilla Guarani de 20 saquitos.,10700,Te Guarani,almacen,te,https://static.app.biggie.com.py/images/products/7840127020269.jpg,2026-08-22T21:20:04.000000Z
7840854000077,Azucar Organica Eco Agro Morena de 2.000 gr.,29000,ECO AGRO,almacen,azucares,https://static.app.biggie.com.py/images/products/7840854000077-31210018.jpg,2026-08-22T21:20:04.000000Z
7840821000949,Harina Hildebrand 000 de 500 gr.,3650,HILDEBRAND,almacen,harinas-y-polvos,https://static.app.biggie.com.py/images/products/7840821000949.jpg,2026-08-22T21:20:04.000000Z
7730116259209,Galletita El Trigal sin sal de 130 gr.,8000,El Trigal,almacen,galletitas-integrales,https://static.app.biggie.com.py/images/products/7730116259209.jpg,2026-08-22T21:20:04.000000Z
7891021001885,Filtro para Cafe Melitta 102 de 30 Unidades.,10450,Melitta,almacen,cafe,https://static.app.biggie.com.py/images/products/7891021001885.jpg,2026-08-22T21:20:04.000000Z
8410660001798,Aceite de Oliva La Española Extra Virgen de 125 ml.,29500,La Española,almacen,aceites-de-oliva,https://static.app.biggie.com.py/images/products/8410660001798.jpg,2026-08-22T21:20:04.000000Z
7840536001095,Maní 3 Hermanas Molido de 250 gr.,8850,3 Hermanas,almacen,postres,https://static.app.biggie.com.py/images/products/7840536001095.jpg,2026-08-22T21:20:04.000000Z
7842500000219,Yerba Santo Tomas Menta y Boldo de 500 gr.,13000,Santo Tomas,almacen,yerba,https://static.app.biggie.com.py/images/products/7842500000219.jpg,2026-08-22T21:20:04.000000Z
7840045029375,Arvejas Primicia en lata de 200 gr.,5150,Primicia,almacen,vegetales-y-legumbres-en-conserva,https://static.app.biggie.com.py/images/products/7840045029375.jpg,2026-08-22T21:20:04.000000Z
7802215303289,Barra de Cereal Bar Costa fruta + yogurt de 21 gr.,3200,Costa,almacen,cereales-en-barra,https://static.app.biggie.com.py/images/products/7802215303289.jpg,2026-08-22T21:20:04.000000Z
7840127002081,Te Guarani Adelgaza x 10 Saquitos.,9800,Te Guarani,almacen,te,https://static.app.biggie.com.py/images/products/7840127002081-30712025.jpg,2026-08-22T21:20:04.000000Z
7840045047416,Yerba Indega compuesta Manzanilla y anís 250 gr.,7100,INDEGA,almacen,yerba,https://static.app.biggie.com.py/images/products/7840045047416.jpg,2026-08-22T21:20:04.000000Z
7841745000039,Durazno Tops en Lata de 820 gr.,16000,TOPS,almacen,frutas-en-almibar,https://static.app.biggie.com.py/images/products/7841745000039.jpg,2026-08-22T21:20:04.000000Z
7840045040158,Anchoita Indemar en Aceite de 90 gr.,34550,INDEMAR,almacen,palmitos,https://static.app.biggie.com.py/images/products/7840045040158.jpg,2026-08-22T21:20:04.000000Z
7840045033617,Poroto Colorado Primicia de 500 gr.,18150,Primicia,almacen,legumb-granos-semillas,https://static.app.biggie.com.py/images/products/7840045033617.jpg,2026-08-22T21:20:04.000000Z
7794000007796,Salsa Hellmans Barbacoa de 375 gr.,21350,Hellmanns,almacen,salsas-varias,,2026-08-22T21:20:04.000000Z
7794000007987,Salsa Knorr para Pizza Nueva Formula de 340 gr.,9400,KNORR,almacen,salsa-lista,https://static.app.biggie.com.py/images/products/7794000007987.jpg,2026-08-22T21:20:04.000000Z
7840023001119,Harina de Trigo Maestra 0000 de 1.000 gr.,6550,Maestra,almacen,harinas-y-polvos,https://static.app.biggie.com.py/images/products/7840023001119-32633454.jpg,2026-08-22T21:20:04.000000Z
7898067340183,Farofa Tradicional Santa Massa de 200 gr.,17900,Santa Massa,almacen,harinas-y-polvos,https://static.app.biggie.com.py/images/products/7898067340183.jpg,2026-08-22T21:20:04.000000Z
7891079001011,Fideo Nissin Lamen Monica Gallina de 85 gr.,4900,Nissin,almacen,fideo-secos,https://static.app.biggie.com.py/images/products/7891079001011.jpg,2026-08-22T21:20:04.000000Z
7841738000299,Atun Vivaz Desmenuzado en Agua de 170 gr.,8900,Vivaz,almacen,pescados-mariscos-en-conserva,https://static.app.biggie.com.py/images/products/7841738000299.jpg,2026-08-22T21:20:04.000000Z
7840024000159,Harina Federal 000 de 1000 gr,5050,FEDERAL,almacen,harinas-y-polvos,https://static.app.biggie.com.py/images/products/7840024000159.jpg,2026-08-22T21:20:04.000000Z
7840907000054,Dulce de Leche Lolita Clasico de 400 gr.,15400,Lolita,almacen,dulces-y-mermeladas,https://static.app.biggie.com.py/images/products/7840907000054-32630510.jpg,2026-08-22T21:20:04.000000Z
7802575015563,Fideo Instantaneo Carozzi Caracoqueso de 70 gr.,12950,Carozzi,almacen,fideo-secos,https://static.app.biggie.com.py/images/products/7802575015563.jpg,2026-08-22T21:20:04.000000Z
7848002410426,Sardina Lupinni al Agua de 140 gr.,8150,Lupinni,almacen,pescados-mariscos-en-conserva,,2026-08-22T21:20:04.000000Z
7790036006727,Pure de Tomate de la Huerta de 133 gr.,3350,De la Huerta,almacen,salsa-de-tomate,https://static.app.biggie.com.py/images/products/7790036006727.jpg,2026-08-22T21:20:04.000000Z
7896348300918,Cafe Melitta Descafeinado Sachet de 40 gr.,22600,Melitta,almacen,cafe,https://static.app.biggie.com.py/images/products/7896348300918.jpg,2026-08-22T21:20:04.000000Z
7891331018306,Cereal Nutry en Barra Crispy Protein Cookies Cream de 30 gr.,7450,NUTRY,almacen,cereales-en-barra,https://static.app.biggie.com.py/images/products/7891331018306.jpg,2026-08-22T21:20:04.000000Z
7842581000023,Cereal de Granola Schemecher Fitness de 350 gr.,33350,Schemecker,almacen,cereales,https://static.app.biggie.com.py/images/products/7842581000023.jpg,2026-08-22T21:20:04.000000Z
7842500000233,Yerba Santo Tomas Menta y Limon de 500 gr.,12000,Santo Tomas,almacen,yerba,https://static.app.biggie.com.py/images/products/7842500000233.jpg,2026-08-22T21:20:04.000000Z
7840045046105,Yerba Indega Siempre Vive de 500 gr.,12550,INDEGA,almacen,yerba,https://static.app.biggie.com.py/images/products/7840045046105.jpg,2026-08-22T21:20:04.000000Z
7896348300901,Cafe Melitta Instantaneo Extra Fuerte Sachet de 40 gr.,15500,Melitta,almacen,cafe,https://static.app.biggie.com.py/images/products/7896348300901.jpg,2026-08-22T21:20:04.000000Z
7896183909819,Sal Himalaya Zaeli Fino de 250 gr.,9500,Zaeli,almacen,sal,https://static.app.biggie.com.py/images/products/7896183909819.jpg,2026-08-22T21:20:04.000000Z
7896348300895,Cafe Melitta instantaneo sachet de 40 gr.,15500,Melitta,almacen,cafe,https://static.app.biggie.com.py/images/products/7896348300895.jpg,2026-08-22T21:20:04.000000Z
7841503031145,Galletita Mazzei Crackers Semilla de Sesamo de 200 gr.,6900,CRACKERS,almacen,galletitas-integrales,https://static.app.biggie.com.py/images/products/7841503031145.jpg,2026-08-22T21:20:04.000000Z
011210000018,Salsa Picante Tabasco Pimiento Rojo de 60 ml.,30950,TABASCO,almacen,salsas-picantes,https://static.app.biggie.com.py/images/products/011210000018.jpg,2026-08-22T21:20:04.000000Z
7790387800135,Te Taragui Negro de 25 saquitos.,7050,TARAGUI,almacen,te,https://static.app.biggie.com.py/images/products/7790387800135.jpg,2026-08-22T21:20:04.000000Z
7771214009396,Mayonesa Nativo con Ajo de 118 gr.,4950,Nativo,almacen,mayonesas,https://static.app.biggie.com.py/images/products/7771214009396.jpg,2026-08-22T21:20:04.000000Z
7730976821134,Salsa para Pizza Pontevedra de 340 gr.,7000,Pontevedra,almacen,salsa-lista,https://static.app.biggie.com.py/images/products/7730976821134.jpg,2026-08-22T21:20:04.000000Z
7840045055114,Arvejas y Choclos Dueto Primicia de 200 gr.,6600,Primicia,almacen,legumb-granos-semillas,https://static.app.biggie.com.py/images/products/7840045055114.jpg,2026-08-22T21:20:04.000000Z
7840127000391,Yerba Kurupi Energizante Katuaba de 250 gr.,7550,Kurupi,almacen,yerba,https://static.app.biggie.com.py/images/products/7840127000391.jpg,2026-08-22T21:20:04.000000Z
7840536000548,Miel Negra 3 Hermanas de 500 ml.,10550,3 Hermanas,almacen,dulces-y-mermeladas,https://static.app.biggie.com.py/images/products/7840536000548.jpg,2026-08-22T21:20:04.000000Z
7840127002111,"Yerba Kurupi Jengibre, Menta y te Verde de 250 gr.",8000,Kurupi,almacen,yerba,https://static.app.biggie.com.py/images/products/7840127002111-29453842.jpg,2026-08-22T21:20:04.000000Z
7840854000015,Azucar Organica Eco Agro Blanca de 1.000 gr.,13500,ECO AGRO,almacen,azucares,https://static.app.biggie.com.py/images/products/7840854000015.jpg,2026-08-22T21:20:04.000000Z
7790787208067,Leche en Polvo descremada Ilolay de 400 gr,35200,iLoLay,almacen,leche-en-polvo,https://static.app.biggie.com.py/images/products/7790787208067.jpg,2026-08-22T21:20:04.000000Z
7840536001705,Dulce de Mani 3 Hermanas entero de 435 gr.,16450,3 Hermanas,almacen,dulces-y-mermeladas,https://static.app.biggie.com.py/images/products/7840536001705.jpg,2026-08-22T21:20:04.000000Z
7840037000832,Yerba Colon Compuesta 90-60-90 de 500 gr.,13800,COLON,almacen,yerba,https://static.app.biggie.com.py/images/products/7840037000832-32618186.jpg,2026-08-22T21:20:04.000000Z
7840100451226,Cereal Mickey Choco de 200 gr.,10000,MICKEY,almacen,cereales,https://static.app.biggie.com.py/images/products/7840100451226.jpg,2026-08-22T21:20:04.000000Z
7794000008557,Caldo en Cubos Knorr Verduras de 114 gr.,11450,KNORR,almacen,caldo-en-cubo,https://static.app.biggie.com.py/images/products/7794000008557.jpg,2026-08-22T21:20:04.000000Z
7840013000894,Yerba Pajarito Compuesta Menta y Limon de 500 gr.,15300,PAJARITO,almacen,yerba,https://static.app.biggie.com.py/images/products/7840013000894.jpg,2026-08-22T21:20:04.000000Z
7840045019239,Lenteja Primicia de 200 gr.,10050,Primicia,almacen,legumb-granos-semillas,,2026-08-22T21:20:04.000000Z
7730976820632,Salsa para pizza Pontevedra de 200 gr.,5000,Pontevedra,almacen,salsa-lista,https://static.app.biggie.com.py/images/products/7730976820632.jpg,2026-08-22T21:20:04.000000Z
7802575000552,Fideos Carozzi caracoquesos de 296 gr.,25500,Carozzi,almacen,fideo-secos,https://static.app.biggie.com.py/images/products/7802575000552.jpg,2026-08-22T21:20:04.000000Z
7840045055329,Dulce de Leche Primicia de 200 gr.,7300,Primicia,almacen,dulces-y-mermeladas,https://static.app.biggie.com.py/images/products/7840045055329.jpg,2026-08-22T21:20:04.000000Z
7840045023106,Harina Primicia Leudante de 1.000 gr.,7350,Primicia,almacen,harinas-y-polvos,https://static.app.biggie.com.py/images/products/7840045023106.jpg,2026-08-22T21:20:04.000000Z
5902609000557,Galleta de Arroz Lestello Natural de 110 gr.,15500,LESTELLO,almacen,galletitas-integrales,https://static.app.biggie.com.py/images/products/5902609000557.jpg,2026-08-22T21:20:04.000000Z
7896183907693,Farofa Zaeli Pronta Mandioca de 250 gr.,8500,Zaeli,almacen,harinas-y-polvos,https://static.app.biggie.com.py/images/products/7896183907693.jpg,2026-08-22T21:20:04.000000Z
7842672000635,Aderezo Siembra Real Ajo y Perejil de 330 gr.,14100,Siembra Real,almacen,aderezos-para-ensalada,https://static.app.biggie.com.py/images/products/7842672000635-31186075.jpg,2026-08-22T21:20:04.000000Z
7840045042923,Garbanzos Primicia en Conserva de 380 gr.,11100,Primicia,almacen,vegetales-y-legumbres-en-conserva,https://static.app.biggie.com.py/images/products/7840045042923-32591047.jpg,2026-08-22T21:20:04.000000Z
7840045010939,Anis Primicia de 25 gr.,4700,Primicia,almacen,salsa-de-tomate,https://static.app.biggie.com.py/images/products/7840045010939.jpg,2026-08-22T21:20:04.000000Z
7840023001096,Harina de Trigo Maestra 000 de 1.000 gr.,4500,Maestra,almacen,harinas-y-polvos,https://static.app.biggie.com.py/images/products/7840023001096.jpg,2026-08-22T21:20:04.000000Z
7791675303000,Aceitunas Castell Verde Descarozada Doypack de 150 gr.,16500,Castell,almacen,aceitunas,https://static.app.biggie.com.py/images/products/7791675303000.jpg,2026-08-22T21:20:04.000000Z
7802575031051,Fideos Carozzi Fusilli Tricolor de 400 gr.,13000,Carozzi,almacen,fideo-secos,https://static.app.biggie.com.py/images/products/7802575031051-32609577.jpg,2026-08-22T21:20:04.000000Z
7894000010021,Almidon de Maiz Maizena de 500 gr.,16250,MAIZENA,almacen,harinas-y-polvos,https://static.app.biggie.com.py/images/products/7894000010021-28543191.jpg,2026-08-22T21:20:04.000000Z
7840127020429,Te Verde Guarani de 20 saquitos.,12500,Te Guarani,almacen,te,https://static.app.biggie.com.py/images/products/7840127020429.jpg,2026-08-22T21:20:04.000000Z
7840127000230,Yerba Clasica Kurupi de 500 gr.,11600,Kurupi,almacen,yerba,https://static.app.biggie.com.py/images/products/7840127000230.jpg,2026-08-22T21:20:04.000000Z
7840127000711,Te Manzanilla Te Guarani de 10 unidades.,5300,Te Guarani,almacen,te,https://static.app.biggie.com.py/images/products/7840127000711.jpg,2026-08-22T21:20:04.000000Z
7842672001045,Aderezo Siembra Real Sabor Pesto Albahaca de 330 gr.,14100,Siembra Real,almacen,aderezos-para-ensalada,https://static.app.biggie.com.py/images/products/7842672001045.jpg,2026-08-22T21:20:04.000000Z
7848000540026,Postrecito Tia Laura Delicias 4 Chocolates de 240 gr.,28000,Tia Laura Delicias,almacen,postres,https://static.app.biggie.com.py/images/products/7848000540026.jpg,2026-08-22T21:20:04.000000Z
7840113201122,Ravioles Alberdin 4 Quesos de 500 gr.,30800,ALBERDIN,almacen,pastas-rellenas,https://static.app.biggie.com.py/images/products/7840113201122.jpg,2026-08-22T21:20:04.000000Z
7840045041834,Yerba Indega Clasica Plast de 100 gr.,2500,INDEGA,almacen,yerba,https://static.app.biggie.com.py/images/products/7840045041834.jpg,2026-08-22T21:20:04.000000Z
7840127020900,Yerba Mate Kurupi Tradicional Bolsa de 250 gr.,4200,Kurupi,almacen,yerba,https://static.app.biggie.com.py/images/products/7840127020900.jpg,2026-08-22T21:20:04.000000Z
7840045019291,Arroz Primicia Tipo II Amarillo de 1.000 gr.,6900,Primicia,almacen,arroz,https://static.app.biggie.com.py/images/products/7840045019291.jpg,2026-08-22T21:20:04.000000Z
7841554001609,Ñoquis De La Nonna con Papa de 450 gr.,8300,De La Nonna,almacen,pastas-rellenas,https://static.app.biggie.com.py/images/products/7841554001609.jpg,2026-08-22T21:20:04.000000Z
7840045018690,Sal Fina Yodada Primica de 1.000 gr.,6250,Primicia,almacen,sal,https://static.app.biggie.com.py/images/products/7840045018690.jpg,2026-08-22T21:20:04.000000Z
7791866004211,Mostaza Natura Sachet de 250 gr.,11700,Natura,almacen,mostaza,https://static.app.biggie.com.py/images/products/7791866004211-31412588.jpg,2026-08-22T21:20:04.000000Z
7841503002411,Cereal Mazzei Aros Frutales sin Gluten de 230 gr.,17000,MAZZEI,almacen,cereales,https://static.app.biggie.com.py/images/products/7841503002411-32842816.jpg,2026-08-22T21:20:04.000000Z
7730964000244,Cereal en Barra Natural Bars Proteica Mani y Almendras de 40 gr.,9400,NATURAL BARS,almacen,cereales-en-barra,https://static.app.biggie.com.py/images/products/7730964000244.jpg,2026-08-22T21:20:04.000000Z
7798090320711,Cafe Martinez Tostado Molido Suave Paq. Colombia de 250 gr.,89900,Cafe Martinez,almacen,cafe,https://static.app.biggie.com.py/images/products/7798090320711.jpg,2026-08-22T21:20:04.000000Z
7840100452223,Cereal Mickey Anillos de 200 gr.,10000,MICKEY,almacen,cereales,https://static.app.biggie.com.py/images/products/7840100452223.jpg,2026-08-22T21:20:04.000000Z
7848001990073,Azucar Manduvira Organica Golden Light de 1.000 gr.,15950,Manduvira,almacen,azucares,https://static.app.biggie.com.py/images/products/7848001990073.jpg,2026-08-22T21:20:04.000000Z
7840037015232,Flan Los Colonos Vainilla de 120 gr.,3100,Los Colonos,almacen,postres,https://static.app.biggie.com.py/images/products/7840037015232-27774951.jpg,2026-08-22T21:20:04.000000Z
7891079000311,Fideo Nissin Lamen Carne con Tomate de 85 gr.,4900,Nissin,almacen,fideo-secos,https://static.app.biggie.com.py/images/products/7891079000311.jpg,2026-08-22T21:20:04.000000Z
7840100183226,Cocido Mickey Bolsita de 200 gr.,9600,MICKEY,almacen,cocido,https://static.app.biggie.com.py/images/products/7840100183226.jpg,2026-08-22T21:20:04.000000Z
7896183907235,Champiñon Zaeli Entero Sachet de 100 gr.,13600,Zaeli,almacen,vegetales-y-legumbres-en-conserva,https://static.app.biggie.com.py/images/products/7896183907235.jpg,2026-08-22T21:20:04.000000Z
7840100324285,Sal Marina fina yodada Mickey de 500 gr.,5350,MICKEY,almacen,sal,https://static.app.biggie.com.py/images/products/7840100324285-32636251.jpg,2026-08-22T21:20:04.000000Z
7840127020443,Te Guarani Verde con Menta x 20 Saq.,15200,Te Guarani,almacen,te,https://static.app.biggie.com.py/images/products/7840127020443.jpg,2026-08-22T21:20:04.000000Z
7848001990035,Azucar Organica Manduvira Golden Light Especial de 1.000 gr.,18650,Manduvira,almacen,azucares,,2026-08-22T21:20:04.000000Z
0754590432054,Postre La Tarteria Tres Leches de 250 ml.,14300,La Tarteria,almacen,postres,,2026-08-22T21:20:04.000000Z
7802575004239,Fideo Carozzi Spaghetti de 400 gr.,10850,Carozzi,almacen,fideo-secos,https://static.app.biggie.com.py/images/products/7802575004239.jpg,2026-08-22T21:20:04.000000Z
7840045029665,Yerba Indega Compuesta Paq. de 250 gr.,5650,INDEGA,almacen,yerba,https://static.app.biggie.com.py/images/products/7840045029665.jpg,2026-08-22T21:20:04.000000Z
7898943163042,Atun R.Crusoe Solido Natural de 170 gr.,16650,Crusoe,almacen,pescados-mariscos-en-conserva,https://static.app.biggie.com.py/images/products/7898943163042.jpg,2026-08-22T21:20:04.000000Z
7891079001004,Fideo Nissin Lamen Monica Carne de 85 gr.,4900,Nissin,almacen,fideo-secos,https://static.app.biggie.com.py/images/products/7891079001004.jpg,2026-08-22T21:20:04.000000Z
7802575015570,Fideo Instantaneo Carozzi Bologneza de 70 gr.,12950,Carozzi,almacen,fideo-secos,https://static.app.biggie.com.py/images/products/7802575015570.jpg,2026-08-22T21:20:04.000000Z
7840045018706,Sal Fina Yodada Primicia de 500 gr.,3600,Primicia,almacen,sal,https://static.app.biggie.com.py/images/products/7840045018706.jpg,2026-08-22T21:20:04.000000Z
7840006201680,Postre Gelatina Parmalat Diet Frutilla de 180 gr.,2900,Parmalat,almacen,postres,https://static.app.biggie.com.py/images/products/7840006201680.jpg,2026-08-22T21:20:04.000000Z
7792070001379,Aceitunas Cebila Verde Sachet de 150 gr.,12750,Cébila,almacen,aceitunas,https://static.app.biggie.com.py/images/products/7792070001379.jpg,2026-08-22T21:20:04.000000Z
8076809513708,Salsa Barilla Sugo Olive de 400 gr.,37000,BARILLA,almacen,salsas-varias,https://static.app.biggie.com.py/images/products/8076809513708.jpg,2026-08-22T21:20:04.000000Z
7840023001072,Harina de Trigo Maestra leudante de 1.000 gr.,8200,Maestra,almacen,harinas-y-polvos,https://static.app.biggie.com.py/images/products/7840023001072.jpg,2026-08-22T21:20:04.000000Z
7840821002912,Cocido Bon Gusto con Leche de 200 gr.,2350,Bon Gusto,almacen,cocido,https://static.app.biggie.com.py/images/products/7840821002912.jpg,2026-08-22T21:20:04.000000Z
7840127020252,Te de Boldo Te Guarani de 20 saq.,9800,Te Guarani,almacen,te,https://static.app.biggie.com.py/images/products/7840127020252.jpg,2026-08-22T21:20:04.000000Z
7840045018478,Galleta Molida Primicia de 400 gr.,5400,Primicia,almacen,harinas-y-polvos,https://static.app.biggie.com.py/images/products/7840045018478.jpg,2026-08-22T21:20:04.000000Z
7840013000511,Yerba Pajarito Clasica Molienda fina de 500 gr.,8200,PAJARITO,almacen,yerba,https://static.app.biggie.com.py/images/products/7840013000511-32637122.jpg,2026-08-22T21:20:04.000000Z
7891021002103,Filtro para Cafe Brigitta 102 de 30 Unidades.,9800,BRIGITTA,almacen,cafe,https://static.app.biggie.com.py/images/products/7891021002103.jpg,2026-08-22T21:20:04.000000Z
7840100171285,Almidon Mickey Refinado de 500 gr.,10650,MICKEY,almacen,harinas-y-polvos,https://static.app.biggie.com.py/images/products/7840100171285.jpg,2026-08-22T21:20:04.000000Z
7792070001386,Aceitunas Verdes Cebila Relleno con Morron de 180 gr.,13600,Cébila,almacen,aceitunas,https://static.app.biggie.com.py/images/products/7792070001386.jpg,2026-08-22T21:20:04.000000Z
7896181707646,Fondant de Leche Dacolonia Tradicional de 160 gr.,10000,DACOLONIA,almacen,dulces-y-mermeladas,https://static.app.biggie.com.py/images/products/7896181707646.jpg,2026-08-22T21:20:04.000000Z
7840821001144,Atun en Trozos Bon Gusto al Agua de 142 gr.,14500,Bumble Bee,almacen,pescados-mariscos-en-conserva,https://static.app.biggie.com.py/images/products/7840821001144.jpg,2026-08-22T21:20:04.000000Z
7840045019253,Arroz Primicia Tipo I Azul de 1.000 gr.,8000,Primicia,almacen,arroz,https://static.app.biggie.com.py/images/products/7840045019253.jpg,2026-08-22T21:20:04.000000Z
7841503002329,Galletita Mazzei Cracker Casera de 180 gr.,3800,MAZZEI,almacen,galletitas-saladas,https://static.app.biggie.com.py/images/products/7841503002329-29633545.jpg,2026-08-22T21:20:04.000000Z
7840045008998,Coco Rallado Dulce Primicia de 50 gr.,4350,Primicia,almacen,esencias-y-colorantes,https://static.app.biggie.com.py/images/products/7840045008998-32627494.jpg,2026-08-22T21:20:04.000000Z
7848990002443,Miel de Abeja Flor Dorada 100 % pura de 250 gr.,17000,Flor Dorada,almacen,miel,https://static.app.biggie.com.py/images/products/7848990002443.jpg,2026-08-22T21:20:04.000000Z
7840533000053,Arroz El Pais tipo I rojo de 1.000 gr.,6700,EL PAIS,almacen,arroz,https://static.app.biggie.com.py/images/products/7840533000053.jpg,2026-08-22T21:20:04.000000Z
7802575004833,Fideos Carozzi Fettuccine de 400 gr.,10850,Carozzi,almacen,fideo-secos,https://static.app.biggie.com.py/images/products/7802575004833.jpg,2026-08-22T21:20:04.000000Z
7840127001107,Yerba Kurupi con Anis Caja de 500 gr.,12500,Kurupi,almacen,yerba,https://static.app.biggie.com.py/images/products/7840127001107.jpg,2026-08-22T21:20:04.000000Z
7842260000146,Miel de Abeja Don Carlos de 180 gr.,18200,DON CARLOS,almacen,dulces-y-mermeladas,,2026-08-22T21:20:04.000000Z
7840536000111,Dulce de Batata 3 Hermanas barra de 200 gr.,5650,3 Hermanas,almacen,dulces-y-mermeladas,https://static.app.biggie.com.py/images/products/7840536000111.jpg,2026-08-22T21:20:04.000000Z
7790550010255,Cafe Cabrales La Planta de Cafe Caja Saquito x 18 Uni.,28400,CABRALES,almacen,cafe,https://static.app.biggie.com.py/images/products/7790550010255.jpg,2026-08-22T21:20:04.000000Z
7841056005327,Huevo de Codorniz Sun Vidrio de 320 gr.,29900,SUN,almacen,huevos,https://static.app.biggie.com.py/images/products/7841056005327-31204105.jpg,2026-08-22T21:20:04.000000Z
7842500000714,Yerba Mate Santo Tomas Menta Purete de 500 gr.,15000,Santo Tomas,almacen,yerba,https://static.app.biggie.com.py/images/products/7842500000714.jpg,2026-08-22T21:20:04.000000Z
7896183001896,Aceituna Rivoli en Rodajas Doypack de 300 gr.,11500,Rivoli,almacen,aceitunas,https://static.app.biggie.com.py/images/products/7896183001896.jpg,2026-08-22T21:20:04.000000Z
7842500000677,Yerba Mate Santo Tomas Con Todo de 500 gr.,13500,Santo Tomas,almacen,yerba,https://static.app.biggie.com.py/images/products/7842500000677.jpg,2026-08-22T21:20:04.000000Z
7840013000047,Mate Cocido Pajarito 25 saquitos de 75 gr.,6700,PAJARITO,almacen,cocido,https://static.app.biggie.com.py/images/products/7840013000047.jpg,2026-08-22T21:20:04.000000Z
7840117011574,Salsa para Pizza Frutika de 200 gr.,4800,Frutika,almacen,salsa-lista,https://static.app.biggie.com.py/images/products/7840117011574.jpg,2026-08-22T21:20:04.000000Z
7840127020894,Yerba Mate Kurupi Tradicional Bolsa de 100 gr.,2000,Kurupi,almacen,yerba,https://static.app.biggie.com.py/images/products/7840127020894.jpg,2026-08-22T21:20:04.000000Z
7794000008007,Salsa Knorr Pomarola Tradicional de 340 gr.,9400,KNORR,almacen,salsa-lista,https://static.app.biggie.com.py/images/products/7794000008007.jpg,2026-08-22T21:20:04.000000Z
7791675902616,Aceitunas Castell Verde Descarozada de 80 gr.,9500,Castell,almacen,aceitunas,https://static.app.biggie.com.py/images/products/7791675902616.jpg,2026-08-22T21:20:04.000000Z
7848990003211,Miel de Abeja Don Ignacio de 700 gr.,42400,Don Ignacio,almacen,miel,,2026-08-22T21:20:04.000000Z
7896071019446,Fideo Instantaneo Sandella Carne de 85 gr.,3100,Sandella,almacen,fideo-secos,https://static.app.biggie.com.py/images/products/7896071019446.jpg,2026-08-22T21:20:04.000000Z
7840127000766,Yerba Tradicion Kurupi de 250 gr.,4400,Kurupi,almacen,yerba,https://static.app.biggie.com.py/images/products/7840127000766.jpg,2026-08-22T21:20:04.000000Z
7841503001421,Galletita Salvado Crackers Mazzei Casero de 120 gr.,3700,MAZZEI,almacen,galletitas-integrales,https://static.app.biggie.com.py/images/products/7841503001421.jpg,2026-08-22T21:20:04.000000Z
7794000005877,Sopa de Verduras Knorr Crema de 60 gr.,12150,KNORR,almacen,sopas,https://static.app.biggie.com.py/images/products/7794000005877.jpg,2026-08-22T21:20:04.000000Z
7804642160305,Levadura Seca Pakmaya de 11 gr.,2000,Pakmaya,almacen,reposteria,https://static.app.biggie.com.py/images/products/7804642160305.jpg,2026-08-22T21:20:04.000000Z
7840536000043,Mermelada de Guayaba 3 Hermanas plastico de 500 gr.,12050,3 Hermanas,almacen,dulces-y-mermeladas,https://static.app.biggie.com.py/images/products/7840536000043.jpg,2026-08-22T21:20:04.000000Z
3228021000190,Crema Chantilly President en aerosol de 250 gr.,44350,President,almacen,reposteria,https://static.app.biggie.com.py/images/products/3228021000190.jpg,2026-08-22T21:20:04.000000Z
7896045101139,Cafe Iguaçu Granulado Sachet de 8 gr.,3550,IGUAÇU,almacen,cafe,https://static.app.biggie.com.py/images/products/7896045101139-32689959.jpg,2026-08-22T21:20:04.000000Z
8076809513678,Salsa Bolognese Barilla 400 gr.,37000,BARILLA,almacen,salsa-lista,https://static.app.biggie.com.py/images/products/8076809513678-32615665.jpg,2026-08-22T21:20:04.000000Z
7791664001283,Ñoquis Amici de 500 gr.,8150,AMICI,almacen,pastas-rellenas,https://static.app.biggie.com.py/images/products/7791664001283.jpg,2026-08-22T21:20:04.000000Z
7840833000357,Aceite de Soja Ok Botella de 500 ml.,10250,Ok,almacen,aceite-de-soja,https://static.app.biggie.com.py/images/products/7840833000357.jpg,2026-08-22T21:20:04.000000Z
7840117012229,Extracto de Tomate Frutika de 220 gr.,3800,Frutika,almacen,salsa-de-tomate,https://static.app.biggie.com.py/images/products/7840117012229.jpg,2026-08-22T21:20:04.000000Z
7841503000417,Galletitas Cracker Mazzei Sin Sal 110 gr.,3700,MAZZEI,almacen,galletitas-integrales,https://static.app.biggie.com.py/images/products/7841503000417.jpg,2026-08-22T21:20:04.000000Z
7840045035598,Salsa de Soja Primicia de 250 ml.,4150,Primicia,almacen,salsa-de-soja,https://static.app.biggie.com.py/images/products/7840045035598.jpg,2026-08-22T21:20:04.000000Z
7840006202274,Postre Gelatina Parmalat Diet Manzana de 180 gr.,2900,Parmalat,almacen,postres,https://static.app.biggie.com.py/images/products/7840006202274.jpg,2026-08-22T21:20:04.000000Z
7841204000204,Manteca de Mani Kelwa con Chocolate de 40 gr.,3950,KELWA,almacen,mantequillas,https://static.app.biggie.com.py/images/products/7841204000204-32195006.jpg,2026-08-22T21:20:04.000000Z
7896183910556,Poroto Zaeli Negro de 1.000 gr.,23400,Zaeli,almacen,legumb-granos-semillas,https://static.app.biggie.com.py/images/products/7896183910556.jpg,2026-08-22T21:20:04.000000Z
7840536000050,Mermelada de Guayaba 3 Hermanas plastico de 250 gr.,7200,3 Hermanas,almacen,dulces-y-mermeladas,https://static.app.biggie.com.py/images/products/7840536000050.jpg,2026-08-22T21:20:04.000000Z
7841554001494,Discos para Empanadas De La Nonna para Frir Grande x Uni.,7200,De La Nonna,almacen,tapa-de-empanada,https://static.app.biggie.com.py/images/products/7841554001494.jpg,2026-08-22T21:20:04.000000Z
7840533000145,Arroz El Pais Parbolizado verde 1.000 gr,9000,EL PAIS,almacen,arroz,https://static.app.biggie.com.py/images/products/7840533000145.jpg,2026-08-22T21:20:04.000000Z
7848002410433,Sardina Lupinni al Aceite de 140 gr.,8150,Lupinni,almacen,pescados-mariscos-en-conserva,,2026-08-22T21:20:04.000000Z
7841056000568,Choclo en Conserva Sun Lata de 200 gr.,6300,SUN,almacen,vegetales-y-legumbres-en-conserva,https://static.app.biggie.com.py/images/products/7841056000568.jpg,2026-08-22T21:20:04.000000Z
7840127000223,Yerba Clasica Kurupi de 250 gr.,6650,Kurupi,almacen,yerba,https://static.app.biggie.com.py/images/products/7840127000223.jpg,2026-08-22T21:20:04.000000Z
7840127020351,Te Guarani Digeste Caja de 20 Saquitos.,14300,Te Guarani,almacen,te,https://static.app.biggie.com.py/images/products/7840127020351.jpg,2026-08-22T21:20:04.000000Z
7840821001595,Choclo Bon Gusto de 300 gr.,6250,Bon Gusto,almacen,vegetales-y-legumbres-en-conserva,https://static.app.biggie.com.py/images/products/7840821001595-31144093.jpg,2026-08-22T21:20:04.000000Z
7896183001889,Aceitunas Rivoli sin Semilla Doypack de 300 gr.,11900,Rivoli,almacen,aceitunas,https://static.app.biggie.com.py/images/products/7896183001889.jpg,2026-08-22T21:20:04.000000Z
7840127020436,Te Guarani Negro x 20 Saq.,9800,Te Guarani,almacen,te,https://static.app.biggie.com.py/images/products/7840127020436.jpg,2026-08-22T21:20:04.000000Z
7840023000129,Arroz Supremo Premium de 1.000 gr.,5800,Supremo,almacen,arroz,https://static.app.biggie.com.py/images/products/7840023000129.jpg,2026-08-22T21:20:04.000000Z
7891150012318,Caldo en Cubo Knorr Carne de 57 gr.,6900,KNORR,almacen,caldo-en-cubo,https://static.app.biggie.com.py/images/products/7891150012318-27958249.jpg,2026-08-22T21:20:04.000000Z
7840543000081,Vinagre Alcazar de Alcohol de 500 ml.,9000,Alcazar,almacen,vinagres,https://static.app.biggie.com.py/images/products/7840543000081-32629966.jpg,2026-08-22T21:20:04.000000Z
7840045040011,Yerba Indega Menta Boldo Caja de 500 gr.,12350,INDEGA,almacen,yerba,https://static.app.biggie.com.py/images/products/7840045040011.jpg,2026-08-22T21:20:04.000000Z
7840543000029,Vinagre Alcazar de Mazana de 500 ml.,9500,Alcazar,almacen,vinagres,https://static.app.biggie.com.py/images/products/7840543000029.jpg,2026-08-22T21:20:04.000000Z
7896272004197,Aceitunas Vale Fertil Verde Doy Pack Rodajas Drenado de 230 gr.,12450,Vale Fertil,almacen,aceitunas,https://static.app.biggie.com.py/images/products/7896272004197.jpg,2026-08-22T21:20:04.000000Z
7840016417019,Harina Leudante Ersa Doña Matilde de 1.000 gr.,8550,Ersa,almacen,harinas-y-polvos,https://static.app.biggie.com.py/images/products/7840016417019.jpg,2026-08-22T21:20:04.000000Z
7848000540125,Postrecito Limon Tia Laura Delicias de 140 gr.,26000,Tia Laura Delicias,almacen,postres,,2026-08-22T21:20:04.000000Z
7840100503109,Anis Mickey 50 gr.,7350,MICKEY,almacen,salsa-de-tomate,https://static.app.biggie.com.py/images/products/7840100503109.jpg,2026-08-22T21:20:04.000000Z
7840505123513,Esencia de vainilla Kado de 70 ml.,7550,Kado,almacen,esencias-y-colorantes,https://static.app.biggie.com.py/images/products/7840505123513.jpg,2026-08-22T21:20:04.000000Z
7791675000169,Aceitunas Castell Verde Rodajas Doypack de 80 gr.,9500,Castell,almacen,aceitunas,https://static.app.biggie.com.py/images/products/7791675000169.jpg,2026-08-22T21:20:04.000000Z
7891021001946,Filtro para Cafe Melitta Papel 103 de 30 Unidades.,12100,Melitta,almacen,cafe,https://static.app.biggie.com.py/images/products/7891021001946.jpg,2026-08-22T21:20:04.000000Z
739907000010,Harina de Maiz Pan Blanco Sin Gluten Precocido de 1.000 gr.,19500,P.A.N.,almacen,harinas-y-polvos,https://static.app.biggie.com.py/images/products/739907000010.jpg,2026-08-22T21:20:04.000000Z
7840045046358,Aderezo para Ensalada Jugo de Limon Primicia de 250 ml.,5150,Primicia,almacen,aderezos-para-ensalada,https://static.app.biggie.com.py/images/products/7840045046358.jpg,2026-08-22T21:20:04.000000Z
7840045060217,Azafran Primicia de 10 gr.,8250,Primicia,almacen,hierbas-medicinales,,2026-08-22T21:20:04.000000Z
7894000000350,Caldo en Cubo Knorr Gallina de 114 gr.,11450,KNORR,almacen,caldo-en-cubo,https://static.app.biggie.com.py/images/products/7894000000350-27922696.jpg,2026-08-22T21:20:04.000000Z
7771214008542,Mayonesa Nativo Picante de 118 gr.,5350,Nativo,almacen,mayonesas,https://static.app.biggie.com.py/images/products/7771214008542.jpg,2026-08-22T21:20:04.000000Z
7800120171061,Cereal Vivo Chek Cacao de 30 gr.,3800,Vivo,almacen,cereales,https://static.app.biggie.com.py/images/products/7800120171061.jpg,2026-08-22T21:20:04.000000Z
7840127001428,Anis Te Guarani Estrellado de 20 gr.,7100,Te Guarani,almacen,hierbas-medicinales,https://static.app.biggie.com.py/images/products/7840127001428-32627305.jpg,2026-08-22T21:20:04.000000Z
7840100282226,Lentejas Mickey de 200 gr.,12050,MICKEY,almacen,vegetales-y-legumbres-en-conserva,https://static.app.biggie.com.py/images/products/7840100282226.jpg,2026-08-22T21:20:04.000000Z
7802575015600,Fideo Carozzi Spaghetti Integral de 400 gr.,12350,Carozzi,almacen,fideo-secos,https://static.app.biggie.com.py/images/products/7802575015600-33039226.jpg,2026-08-22T21:20:04.000000Z
7840006201734,Dulce de leche Parmalat de 200 gr.,7850,Parmalat,almacen,dulces-y-mermeladas,https://static.app.biggie.com.py/images/products/7840006201734.jpg,2026-08-22T21:20:04.000000Z
7802575015617,Fideo Carozzi Fusilli Integral de 400 gr.,12350,Carozzi,almacen,fideo-secos,https://static.app.biggie.com.py/images/products/7802575015617-33039232.jpg,2026-08-22T21:20:04.000000Z
7802575002037,Fideos Carozzi Rigatoni de 400 gr.,9250,Carozzi,almacen,fideo-secos,https://static.app.biggie.com.py/images/products/7802575002037.jpg,2026-08-22T21:20:04.000000Z
7840037000986,Yerba Colon Compuesta Menta Boldo de 500 gr.,12400,COLON,almacen,yerba,https://static.app.biggie.com.py/images/products/7840037000986-32609273.jpg,2026-08-22T21:20:04.000000Z
7840113101088,Masa para Pascualina Alberdin Salvado y Mix Semillas de 500 gr.,11100,ALBERDIN,almacen,tapa-de-pascualina,,2026-08-22T21:20:04.000000Z
7841204000099,Turron de Mani Kelwa de 31 gr.,2250,KELWA,almacen,mantequillas,https://static.app.biggie.com.py/images/products/7841204000099-32620090.jpg,2026-08-22T21:20:04.000000Z
7841738000305,Atun Vivaz Desmenuzado en Aceite Vegetal de 170 gr.,8900,Vivaz,almacen,pescados-mariscos-en-conserva,https://static.app.biggie.com.py/images/products/7841738000305.jpg,2026-08-22T21:20:04.000000Z
7840127020559,Te Guarani Manzanilla y Anis x 20 Saq.,14300,Te Guarani,almacen,te,https://static.app.biggie.com.py/images/products/7840127020559.jpg,2026-08-22T21:20:04.000000Z
7898115900109,Bolinho light Suavipan relleno frutilla de 40 gr.,6700,Suavipan,almacen,postres,https://static.app.biggie.com.py/images/products/7898115900109.jpg,2026-08-22T21:20:04.000000Z
7840023000143,Arroz Supremo tipo II de 1.000 gr.,5450,Supremo,almacen,arroz,https://static.app.biggie.com.py/images/products/7840023000143.jpg,2026-08-22T21:20:04.000000Z
7730964000152,Cereal en Barra Natural Bars con Coco Rallado y Arandanos Rojos de 45 gr.,5900,NATURAL BARS,almacen,cereales-en-barra,https://static.app.biggie.com.py/images/products/7730964000152.jpg,2026-08-22T21:20:04.000000Z
7840045019307,Arroz Primicia Tipo II Amarillo de 500 gr.,3350,Primicia,almacen,arroz,https://static.app.biggie.com.py/images/products/7840045019307.jpg,2026-08-22T21:20:04.000000Z
7840127020597,Mate Cocido Kurupi Torrado de 20 Saq.,7100,Kurupi,almacen,cocido,https://static.app.biggie.com.py/images/products/7840127020597.jpg,2026-08-22T21:20:04.000000Z
7840045044323,Vinagre Primicia de Manzana de 250 ml.,7050,Primicia,almacen,vinagres,https://static.app.biggie.com.py/images/products/7840045044323-32610242.jpg,2026-08-22T21:20:04.000000Z
7802575006233,Fideo Carozzi Corbatita #83 de 400 gr.,10850,Carozzi,almacen,fideo-secos,https://static.app.biggie.com.py/images/products/7802575006233.jpg,2026-08-22T21:20:04.000000Z
7840045029368,Ketchup Primicia de 200 gr.,8150,Primicia,almacen,ketchup,https://static.app.biggie.com.py/images/products/7840045029368.jpg,2026-08-22T21:20:04.000000Z
7896071019453,Fideo Instantaneo Sandella Gallina Casera de 85 gr.,3100,Sandella,almacen,fideo-secos,https://static.app.biggie.com.py/images/products/7896071019453.jpg,2026-08-22T21:20:04.000000Z
7802575006035,Fideos Carozzi Corbata de 400 gr.,10850,Carozzi,almacen,fideo-secos,https://static.app.biggie.com.py/images/products/7802575006035.jpg,2026-08-22T21:20:04.000000Z
7840821001045,Harina Hildebrand Leudante de 500 gr.,5200,HILDEBRAND,almacen,harinas-y-polvos,https://static.app.biggie.com.py/images/products/7840821001045.jpg,2026-08-22T21:20:04.000000Z
7841056005334,Picadillo Sun de Carne de 90 gr.,3550,SUN,almacen,carnes-en-conserva,https://static.app.biggie.com.py/images/products/7841056005334.jpg,2026-08-22T21:20:04.000000Z
7840045018713,Sal Fina Yodada Primicia de 250 gr.,1800,Primicia,almacen,sal,https://static.app.biggie.com.py/images/products/7840045018713.jpg,2026-08-22T21:20:04.000000Z
7896007800124,Salsa de Soja Sakura Tipo Shoyou Light de 500 ml.,18000,SAKURA,almacen,salsa-de-soja,https://static.app.biggie.com.py/images/products/7896007800124.jpg,2026-08-22T21:20:04.000000Z
7840016000129,Biszcochuelo Ersa Doña Matilde Brownies de 425 gr.,17000,Ersa,almacen,postres-para-preparar,https://static.app.biggie.com.py/images/products/7840016000129.jpg,2026-08-22T21:20:04.000000Z
7794000006065,Mayonesa Hellmans Clasica Doypack de 237 gr.,10600,Hellmanns,almacen,mayonesas,https://static.app.biggie.com.py/images/products/7794000006065.jpg,2026-08-22T21:20:04.000000Z
7891079000250,Fideo Nissin Lamen Bacon de 85 gr.,4900,Nissin,almacen,fideo-secos,https://static.app.biggie.com.py/images/products/7891079000250.jpg,2026-08-22T21:20:04.000000Z
7840536001682,Dulce de Mani 3 Hermanas entero de 135 gr.,6900,3 Hermanas,almacen,dulces-y-mermeladas,https://static.app.biggie.com.py/images/products/7840536001682.jpg,2026-08-22T21:20:04.000000Z
7840127020603,Mate Cocido Kurupi sin Azucar de 20 Uni.,7100,Kurupi,almacen,cocido,https://static.app.biggie.com.py/images/products/7840127020603.jpg,2026-08-22T21:20:04.000000Z
7840127001152,Te Guarani de Anis de 10 Saquitos.,6200,Hierbapar,almacen,te,https://static.app.biggie.com.py/images/products/7840127001152.jpg,2026-08-22T21:20:04.000000Z
7840045060453,Manzanilla Primicia de 15 gr.,3200,Primicia,almacen,hierbas-medicinales,,2026-08-22T21:20:04.000000Z
7792180006455,Galletita Paseo con Salvado de 300 gr.,10050,PASEO,almacen,galletitas-integrales,https://static.app.biggie.com.py/images/products/7792180006455.jpg,2026-08-22T21:20:04.000000Z
7898115900178,Bolinho light Suavipan vainilla c/ chocolate de 40 gr.,6700,Suavipan,almacen,postres,https://static.app.biggie.com.py/images/products/7898115900178.jpg,2026-08-22T21:20:04.000000Z
7771214006029,Mayonesa Nativo Sobre de 125 ml.,3650,Nativo,almacen,mayonesas,https://static.app.biggie.com.py/images/products/7771214006029-33166376.jpg,2026-08-22T21:20:04.000000Z
7840045018829,Azucar Primicia Impalpable de 500 gr.,9150,Primicia,almacen,azucares,https://static.app.biggie.com.py/images/products/7840045018829.jpg,2026-08-22T21:20:04.000000Z
7771214006494,Mayonesa Nativo Sachet de 50 ml.,2500,Nativo,almacen,mayonesas,https://static.app.biggie.com.py/images/products/7771214006494-31417077.jpg,2026-08-22T21:20:04.000000Z
7840100453220,Cereal Mickey Copos de 200 gr.,10000,MICKEY,almacen,cereales,,2026-08-22T21:20:04.000000Z
7840023000174,Arroz Supremo Tipo lll de 1.000 gr.,4950,Supremo,almacen,arroz,https://static.app.biggie.com.py/images/products/7840023000174.jpg,2026-08-22T21:20:04.000000Z
7840100607036,Manzanilla Mickey de 15 gr.,3050,MICKEY,almacen,hierbas-medicinales,https://static.app.biggie.com.py/images/products/7840100607036.jpg,2026-08-22T21:20:04.000000Z
7842500000349,Yerba Mate Santo Tomas Menta y Boldo de 100 gr.,2500,Santo Tomas,almacen,yerba,https://static.app.biggie.com.py/images/products/7842500000349.jpg,2026-08-22T21:20:04.000000Z
7896072050035,Gelatina Bretzke Sin Sabor de 24 gr.,6500,BRETZKE,almacen,dulces-y-mermeladas,https://static.app.biggie.com.py/images/products/7896072050035.jpg,2026-08-22T21:20:04.000000Z
7898514353032,Fideo Instantaneo Sandella Sabor Costela con Pimienta de 85 gr.,3000,Sandella,almacen,fideo-secos,https://static.app.biggie.com.py/images/products/7898514353032.jpg,2026-08-22T21:20:04.000000Z
7794000006379,Pure de Papas Knorr Tradicional de 125 gr.,18750,KNORR,almacen,alimentos-para-preparar,https://static.app.biggie.com.py/images/products/7794000006379.jpg,2026-08-22T21:20:04.000000Z
7794000006072,Mayonesa Hellmanns Clásica sin Tacc Doypack de 475 gr.,19900,Hellmanns,almacen,mayonesas,https://static.app.biggie.com.py/images/products/7794000006072.jpg,2026-08-22T21:20:04.000000Z
7891000877456,Cafe Nescafe Capuccino Moca Dulce de Leche 10 Capsulas de 170 gr.,39900,Nestle,almacen,cafe,,2026-08-22T21:20:04.000000Z
7802215301742,Barra Proteica Vivo Berries de 40 gr.,14500,Vivo,almacen,cereales-en-barra,https://static.app.biggie.com.py/images/products/7802215301742.jpg,2026-08-22T21:20:04.000000Z
7840821003179,Fideo Instantaneo Bon Gusto sabor Carne de 85 gr.,3150,Bon Gusto,almacen,fideo-secos,,2026-08-22T21:20:04.000000Z
7840117010485,Salsa Picante Frutika de 150 ml.,6950,Frutika,almacen,salsas-picantes,https://static.app.biggie.com.py/images/products/7840117010485.jpg,2026-08-22T21:20:04.000000Z
7841554001487,Discos para Empanadas De La Nonna para Frir Mediano x Uni.,5600,De La Nonna,almacen,tapa-de-empanada,https://static.app.biggie.com.py/images/products/7841554001487.jpg,2026-08-22T21:20:04.000000Z
7840536001675,Dulce de Mani 3 Hermanas molido de 135 gr.,6900,3 Hermanas,almacen,dulces-y-mermeladas,https://static.app.biggie.com.py/images/products/7840536001675.jpg,2026-08-22T21:20:04.000000Z
7840505123452,Esencia de Vainilla Kado de 100 ml.,9450,Kado,almacen,esencias-y-colorantes,https://static.app.biggie.com.py/images/products/7840505123452.jpg,2026-08-22T21:20:04.000000Z
7841731000210,Galleta molida Hildrebrand 400 gr.,5800,HILDEBRAND,almacen,harinas-y-polvos,https://static.app.biggie.com.py/images/products/7841731000210.jpg,2026-08-22T21:20:04.000000Z
7841745000428,Atun Tops Desmenuzado en Agua de 170 gr.,8500,TOPS,almacen,pescados-mariscos-en-conserva,,2026-08-22T21:20:04.000000Z
7840045040028,Yerba Indega Menta Boldo de 250 gr.,6600,INDEGA,almacen,yerba,https://static.app.biggie.com.py/images/products/7840045040028.jpg,2026-08-22T21:20:04.000000Z
7896003739367,Galletita Marilan Magic Toast Light de 110 gr.,11500,MARILAN,almacen,galletitas-integrales,https://static.app.biggie.com.py/images/products/7896003739367.jpg,2026-08-22T21:20:04.000000Z
1004000000007,Cafe Tostado Quattro D en Grano de 1.000 gr.,265650,Quattro D,almacen,cafe,https://static.app.biggie.com.py/images/products/1004000000007.jpg,2026-08-22T21:20:04.000000Z
7840045039510,Mermelada de Guayaba Primicia de 250 gr.,6650,Primicia,almacen,dulces-y-mermeladas,https://static.app.biggie.com.py/images/products/7840045039510.jpg,2026-08-22T21:20:04.000000Z
7840045035604,Salsa de Soja Primicia de 450 ml.,5700,Primicia,almacen,salsa-de-soja,https://static.app.biggie.com.py/images/products/7840045035604.jpg,2026-08-22T21:20:04.000000Z
7842500000363,Yerba Mate Santo Tomas Menta y Limon de 100 gr.,2500,Santo Tomas,almacen,yerba,https://static.app.biggie.com.py/images/products/7842500000363.jpg,2026-08-22T21:20:04.000000Z
7840100131265,Galleta Molida Mickey de 400 gr.,6000,MICKEY,almacen,harinas-y-polvos,https://static.app.biggie.com.py/images/products/7840100131265-32621754.jpg,2026-08-22T21:20:04.000000Z
7840097000018,Salsa de Soja San Ken de 1.000 ml.,9400,San Ken,almacen,salsa-de-soja,https://static.app.biggie.com.py/images/products/7840097000018-32619704.jpg,2026-08-22T21:20:04.000000Z
7840821000352,Fideo Hildebrand Tallarin Casero de 400 gr.,5750,HILDEBRAND,almacen,fideo-secos,https://static.app.biggie.com.py/images/products/7840821000352.jpg,2026-08-22T21:20:04.000000Z
7891152802054,Galletita Richester Cream Cracker Superiore de 170 gr.,5000,Richester,almacen,galletitas-integrales,https://static.app.biggie.com.py/images/products/7891152802054.jpg,2026-08-22T21:20:04.000000Z
7840045044347,Vinagre Primicia vino blanco de 250 ml.,5700,Primicia,almacen,vinagres,https://static.app.biggie.com.py/images/products/7840045044347.jpg,2026-08-22T21:20:04.000000Z
7840045047867,Mate cocido Indega sin azucar de 200 gr.,8150,INDEGA,almacen,cocido,https://static.app.biggie.com.py/images/products/7840045047867-32628032.jpg,2026-08-22T21:20:04.000000Z
7802215301643,Barra Proteica Vivo Chocolate de 40 gr.,14500,Vivo,almacen,cereales-en-barra,https://static.app.biggie.com.py/images/products/7802215301643.jpg,2026-08-22T21:20:04.000000Z
7840821000079,Fideo Spagetti Nido Hildebrand de 400 gr.,5750,HILDEBRAND,almacen,fideo-secos,https://static.app.biggie.com.py/images/products/7840821000079.jpg,2026-08-22T21:20:04.000000Z
7841745000435,Atun Tops Desmenuzado en aceite de 170 gr.,8500,TOPS,almacen,pescados-mariscos-en-conserva,,2026-08-22T21:20:04.000000Z
7840045047836,Mate cocido Indega con azucar de 200 gr.,8000,INDEGA,almacen,cocido,https://static.app.biggie.com.py/images/products/7840045047836.jpg,2026-08-22T21:20:04.000000Z
7804666271902,Barra Revitta Proteica Dulce de Leche de 45 gr.,19500,Revitta,almacen,cereales-en-barra,,2026-08-22T21:20:04.000000Z
7898943163103,Atun R.Crusoe Trozos Agua de 170 gr.,18300,Crusoe,almacen,pescados-mariscos-en-conserva,https://static.app.biggie.com.py/images/products/7898943163103.jpg,2026-08-22T21:20:04.000000Z
7840006201253,Postre Gelatina Parmalat Frutilla de 125 gr.,2350,Parmalat,almacen,postres,https://static.app.biggie.com.py/images/products/7840006201253.jpg,2026-08-22T21:20:04.000000Z
7840045056210,Almidon de Maiz Primicia de 500 gr.,9350,Primicia,almacen,harinas-y-polvos,https://static.app.biggie.com.py/images/products/7840045056210.jpg,2026-08-22T21:20:04.000000Z
7840045000152,Sal Primicia Condimentada Pote de 450 gr.,10000,Primicia,almacen,sal,https://static.app.biggie.com.py/images/products/7840045000152.jpg,2026-08-22T21:20:04.000000Z
7840037014792,Dulce de Leche los Colonos en pote de 220 gr.,7600,Los Colonos,almacen,dulces-y-mermeladas,https://static.app.biggie.com.py/images/products/7840037014792.jpg,2026-08-22T21:20:04.000000Z
7840543000623,Vinagre Alcazar de Vino Blanco de 500 ml.,9000,Alcazar,almacen,vinagres,https://static.app.biggie.com.py/images/products/7840543000623-32632939.jpg,2026-08-22T21:20:04.000000Z
7840045037905,Pimenton Dulce Primicia de15 gr.,2650,Primicia,almacen,condimentos-secos,https://static.app.biggie.com.py/images/products/7840045037905.jpg,2026-08-22T21:20:04.000000Z
7840006201246,Postre Gelatina Parmalat Uva de 125 gr.,2350,Parmalat,almacen,postres,https://static.app.biggie.com.py/images/products/7840006201246.jpg,2026-08-22T21:20:04.000000Z
7840006201550,Postre Gelatina Chicle ParmalatTutti de 125 gr.,2350,Parmalat,almacen,postres,https://static.app.biggie.com.py/images/products/7840006201550.jpg,2026-08-22T21:20:04.000000Z
7840127001916,Mate Cocido Kurupi con Azucar x 10 Uni.,3500,Kurupi,almacen,cocido,https://static.app.biggie.com.py/images/products/7840127001916.jpg,2026-08-22T21:20:04.000000Z
7730976821745,Ketchup Pontevedra Doypack de 200 gr.,7000,Pontevedra,almacen,ketchup,https://static.app.biggie.com.py/images/products/7730976821745.jpg,2026-08-22T21:20:04.000000Z
7802575003188,Fideos Carozzi Mascarroni de 400 gr.,10850,Carozzi,almacen,fideo-secos,https://static.app.biggie.com.py/images/products/7802575003188-32621576.jpg,2026-08-22T21:20:04.000000Z
7840127020320,Te Guaraní Jaguarete Kaa 20 Saq.,7100,Kurupi,almacen,te,https://static.app.biggie.com.py/images/products/7840127020320.jpg,2026-08-22T21:20:04.000000Z
7798128000684,Galletita Cachafaz Integral Algarroba x Uni.,14000,Cachafaz,almacen,galletitas-integrales,https://static.app.biggie.com.py/images/products/7798128000684.jpg,2026-08-22T21:20:04.000000Z
7730964000015,Cereal en Barra Natural Bars Con Coco Rallado y Almendras de 45 gr.,5900,NATURAL BARS,almacen,cereales-en-barra,https://static.app.biggie.com.py/images/products/7730964000015.jpg,2026-08-22T21:20:04.000000Z
7891331008178,Cereal Nutry en Barra Bolo de Chocolate de 22 gr.,3500,NUTRY,almacen,cereales-en-barra,https://static.app.biggie.com.py/images/products/7891331008178.jpg,2026-08-22T21:20:04.000000Z
7730964000114,Cereal en Barra Natural Bars con Coco Rallado Avena y Baño de Dulce de Leche de 45 gr.,5900,NATURAL BARS,almacen,cereales-en-barra,https://static.app.biggie.com.py/images/products/7730964000114.jpg,2026-08-22T21:20:04.000000Z
01322109,Mostaza Heinz Yellow Mustard 9 oz de 255 gr.,24000,Heinz,almacen,mostaza,https://static.app.biggie.com.py/images/products/01322109.jpg,2026-08-22T21:20:04.000000Z
7842500000226,Yerba Santo Tomas Menta y Limon de 250 gr.,6900,Santo Tomas,almacen,yerba,https://static.app.biggie.com.py/images/products/7842500000226.jpg,2026-08-22T21:20:04.000000Z
7840100314286,Sal Marina entrefina yodada Mickey de 500 gr.,5350,MICKEY,almacen,sal,https://static.app.biggie.com.py/images/products/7840100314286-32604826.jpg,2026-08-22T21:20:04.000000Z
7840045019260,Arroz Primicia Tipo I Azul de 500 gr.,4000,Primicia,almacen,arroz,https://static.app.biggie.com.py/images/products/7840045019260.jpg,2026-08-22T21:20:04.000000Z
7840097000025,Salsa de Soja Sanken de 500 ml.,5500,Sanken,almacen,salsa-de-soja,https://static.app.biggie.com.py/images/products/7840097000025.jpg,2026-08-22T21:20:04.000000Z
7804666271926,Barra Revitta Proteica Chocolate de 45 gr.,19500,Revitta,almacen,cereales-en-barra,https://static.app.biggie.com.py/images/products/7804666271926.jpg,2026-08-22T21:20:04.000000Z
7840821001274,Fideo Moñito Hildebrand de 400 gr.,5750,HILDEBRAND,almacen,fideo-secos,https://static.app.biggie.com.py/images/products/7840821001274.jpg,2026-08-22T21:20:04.000000Z
7771214006081,Ketchup Nativo Sobre de 50 gr.,2550,Nativo,almacen,ketchup,https://static.app.biggie.com.py/images/products/7771214006081-31151541.jpg,2026-08-22T21:20:04.000000Z
754590432023,Postre La Tarteria Moka x Uni.,14300,La Tarteria,almacen,postres,,2026-08-22T21:20:04.000000Z
7840045060224,Boldo Primicia de 15 gr.,3000,Primicia,almacen,hierbas-medicinales,,2026-08-22T21:20:04.000000Z
7840127001381,Manzanilla Te Guarani de 20 gr.,3050,Te Guarani,almacen,hierbas-medicinales,https://static.app.biggie.com.py/images/products/7840127001381.jpg,2026-08-22T21:20:04.000000Z
7891331014520,Cereal Nutry en Barra Fruta Vermelhas y Cookies de 22 gr.,3500,NUTRY,almacen,cereales-en-barra,https://static.app.biggie.com.py/images/products/7891331014520.jpg,2026-08-22T21:20:04.000000Z
7896072016017,Polvo Chantilly-Bretzke de 50 gr.,6750,BRETZKE,almacen,reposteria,https://static.app.biggie.com.py/images/products/7896072016017.jpg,2026-08-22T21:20:04.000000Z
7842500000202,Yerba Santo Tomas Menta y Boldo de 250 gr.,7500,Santo Tomas,almacen,yerba,https://static.app.biggie.com.py/images/products/7842500000202.jpg,2026-08-22T21:20:04.000000Z
7730116263138,Galletita El Trigal salvado de 180 gr.,8500,El Trigal,almacen,galletitas-integrales,https://static.app.biggie.com.py/images/products/7730116263138.jpg,2026-08-22T21:20:04.000000Z
7840045017839,Ajo en polvo Primicia de 25 gr.,4350,Primicia,almacen,condimentos-secos,https://static.app.biggie.com.py/images/products/7840045017839.jpg,2026-08-22T21:20:04.000000Z
0793591007205,Aderezo para Ensalada Artisan Che Mi Churri de 350 ml.,15000,ARTISAN,almacen,aderezos-para-ensalada,https://static.app.biggie.com.py/images/products/0793591007205-32613384.jpg,2026-08-22T21:20:04.000000Z
7840045052946,Sal Entrefina Yodada Primica de 1.000 gr.,6350,INDEGA,almacen,sal,https://static.app.biggie.com.py/images/products/7840045052946-32613549.jpg,2026-08-22T21:20:04.000000Z
7841787000110,Galletas de Arroz B-light con Glase Chocolate de 17 gr.,2400,B-light,almacen,galletitas-integrales,https://static.app.biggie.com.py/images/products/7841787000110-25504233.jpg,2026-08-22T21:20:04.000000Z
7840045010892,Pimienta Molida Primicia de 25 gr.,6700,Primicia,almacen,condimentos-secos,https://static.app.biggie.com.py/images/products/7840045010892.jpg,2026-08-22T21:20:04.000000Z
7730976822926,Pure de Tomate Pontevedra de 520 gr.,6200,Pontevedra,almacen,salsa-de-tomate,https://static.app.biggie.com.py/images/products/7730976822926.jpg,2026-08-22T21:20:04.000000Z
7840045010793,Oregano Primicia de 25 gr.,4450,Primicia,almacen,condimentos-secos,https://static.app.biggie.com.py/images/products/7840045010793.jpg,2026-08-22T21:20:04.000000Z
7840127001930,Mate Cocido Kurupi sin Azucar x 10 Uni.,3500,Kurupi,almacen,cocido,https://static.app.biggie.com.py/images/products/7840127001930.jpg,2026-08-22T21:20:04.000000Z
7841229002320,Postre Gelatina La Fortuna Frutilla de 120 gr.,1900,La Fortuna,almacen,postres,https://static.app.biggie.com.py/images/products/7841229002320.jpg,2026-08-22T21:20:04.000000Z
7840097000070,Salsa de Soja San ken de 250 ml.,3950,San Ken,almacen,salsa-de-soja,https://static.app.biggie.com.py/images/products/7840097000070-32636367.jpg,2026-08-22T21:20:04.000000Z
7891079001028,Fideo Nissin Lamen Monica Lomate de 85 gr.,4900,Nissin,almacen,fideo-secos,,2026-08-22T21:20:04.000000Z
7898288570604,Chocolate en Polvo Primicia de 200 gr.,5600,Primicia,almacen,chocolate-en-polvo,https://static.app.biggie.com.py/images/products/7898288570604-32631022.jpg,2026-08-22T21:20:04.000000Z
7501017006038,Salsa Picante La Costeña de 145 gr.,14600,La Costeña,almacen,salsas-picantes,https://static.app.biggie.com.py/images/products/7501017006038-32610523.jpg,2026-08-22T21:20:04.000000Z
7841056000575,Arveja Sun en Conserva de 200 gr.,4900,SUN,almacen,vegetales-y-legumbres-en-conserva,https://static.app.biggie.com.py/images/products/7841056000575.jpg,2026-08-22T21:20:04.000000Z
7791866004464,Ketchup Natura Sachet de 125 gr.,4300,Natura,almacen,mostaza,https://static.app.biggie.com.py/images/products/7791866004464.jpg,2026-08-22T21:20:04.000000Z
7891150012363,Caldo Knorr Carne Caja de 114 gr.,11450,KNORR,almacen,caldo-en-cubo,https://static.app.biggie.com.py/images/products/7891150012363-27958245.jpg,2026-08-22T21:20:04.000000Z
7840078002901,Yerba Mate Selecta Extra Menta de 500 gr.,12000,SELECTA,almacen,yerba,https://static.app.biggie.com.py/images/products/7840078002901.jpg,2026-08-22T21:20:04.000000Z
7840533000022,Arroz El pais tipo II de 1.000 gr,6000,EL PAIS,almacen,arroz,https://static.app.biggie.com.py/images/products/7840533000022.jpg,2026-08-22T21:20:04.000000Z
7840078001485,Yerba Selecta Siempre Mate de 500 gr.,13800,SELECTA,almacen,yerba,https://static.app.biggie.com.py/images/products/7840078001485-32620106.jpg,2026-08-22T21:20:04.000000Z
7771214006128,Mostaza Nativo Sobre de 50 gr.,2550,Nativo,almacen,mostaza,https://static.app.biggie.com.py/images/products/7771214006128-31151571.jpg,2026-08-22T21:20:04.000000Z
7792180006448,Galletita Paseo Crackers de 300 gr.,9600,PASEO,almacen,galletitas-integrales,https://static.app.biggie.com.py/images/products/7792180006448-32612090.jpg,2026-08-22T21:20:04.000000Z
7896072005080,Chocolate en Polvo Mucky de 400 gr.,13950,MUKY,almacen,chocolate-en-polvo,https://static.app.biggie.com.py/images/products/7896072005080-32615017.jpg,2026-08-22T21:20:04.000000Z
7842500000257,Yerba Santo Tomas Clasica de 500 gr.,9200,Santo Tomas,almacen,yerba,https://static.app.biggie.com.py/images/products/7842500000257.jpg,2026-08-22T21:20:04.000000Z
7842500000721,Yerba Mate Santo Tomas Menta Purete de 250 gr.,8000,Santo Tomas,almacen,yerba,https://static.app.biggie.com.py/images/products/7842500000721.jpg,2026-08-22T21:20:04.000000Z
7841745000022,Choclo Tops en Lata de 200 gr.,6200,TOPS,almacen,vegetales-y-legumbres-en-conserva,https://static.app.biggie.com.py/images/products/7841745000022.jpg,2026-08-22T21:20:04.000000Z
7840127020467,Te Guarani Verde Limon de 20 Saquitos.,15200,Te Guarani,almacen,te,https://static.app.biggie.com.py/images/products/7840127020467.jpg,2026-08-22T21:20:04.000000Z
7730976820595,Ketchup Pontevedra Doypack de 60 gr.,2300,Pontevedra,almacen,ketchup,https://static.app.biggie.com.py/images/products/7730976820595.jpg,2026-08-22T21:20:04.000000Z
7840100146283,Harina de maiz para sopa Mickey de 500 gr.,9300,MICKEY,almacen,harinas-y-polvos,https://static.app.biggie.com.py/images/products/7840100146283.jpg,2026-08-22T21:20:04.000000Z
7848002410013,Choclo Lupinni en Conserva de 170 gr.,5950,Lupinni,almacen,vegetales-y-legumbres-en-conserva,https://static.app.biggie.com.py/images/products/7848002410013.jpg,2026-08-22T21:20:04.000000Z
7794000008038,Salsa Knorr Guisos Arroces de 340 gr.,10300,KNORR,almacen,salsa-lista,https://static.app.biggie.com.py/images/products/7794000008038.jpg,2026-08-22T21:20:04.000000Z
7841341000341,Azucar Organica Jerovia Bolsa biodegradable de 1.000 gr.,13500,Jerovia,almacen,azucares,https://static.app.biggie.com.py/images/products/7841341000341-25834754.jpg,2026-08-22T21:20:04.000000Z
7840005013055,Gelatina Trebol Diet Frutilla de 200 gr.,2350,Trebol,almacen,postres,https://static.app.biggie.com.py/images/products/7840005013055-28815587.jpg,2026-08-22T21:20:04.000000Z
7802575341136,Salsa de Tomate Carozzi Toscana de 200 gr.,10350,Carozzi,almacen,salsa-de-tomate,https://static.app.biggie.com.py/images/products/7802575341136-32630982.jpg,2026-08-22T21:20:04.000000Z
7896045104406,Cafe Iguacu Cappuccino Vainilla Sachet de 10 gr.,3500,IGUAÇU,almacen,cafe,https://static.app.biggie.com.py/images/products/7896045104406.jpg,2026-08-22T21:20:04.000000Z
7840127000612,Te Guarani Burrito de 10 Saquitos.,4400,Kurupi,almacen,te,https://static.app.biggie.com.py/images/products/7840127000612.jpg,2026-08-22T21:20:04.000000Z
7840117012557,Pure de Tomate Frutika de 530 gr.,6900,Frutika,almacen,salsa-de-tomate,https://static.app.biggie.com.py/images/products/7840117012557.jpg,2026-08-22T21:20:04.000000Z
7840533000206,Arroz El Pais tipo I rojo 500 gr.,4300,EL PAIS,almacen,arroz,https://static.app.biggie.com.py/images/products/7840533000206.jpg,2026-08-22T21:20:04.000000Z
7840045061207,Arroz Primicia Integral Tipo 1 de 1.000 gr.,10300,Primicia,almacen,arroz,https://static.app.biggie.com.py/images/products/7840045061207.jpg,2026-08-22T21:20:04.000000Z
7896071019439,Fideo Instantaneo Sandella Pollo de 85 gr.,3100,Sandella,almacen,fideo-secos,https://static.app.biggie.com.py/images/products/7896071019439.jpg,2026-08-22T21:20:04.000000Z
7842260000207,Miel de Abeja en Sachet Don Carlos de 60 gr.,13400,DON CARLOS,almacen,dulces-y-mermeladas,,2026-08-22T21:20:04.000000Z
7840821003155,Vinagre Bon Gusto de Alcohol de 450 ml.,6000,Bon Gusto,almacen,vinagres,https://static.app.biggie.com.py/images/products/7840821003155.jpg,2026-08-22T21:20:04.000000Z
7840117011567,Pure de Tomate Frutika Bajo en Sodio de 220 gr.,3800,Frutika,almacen,salsa-de-tomate,https://static.app.biggie.com.py/images/products/7840117011567.jpg,2026-08-22T21:20:04.000000Z
8413700164460,Molinillo Carmencita Sal Mediterranea de 390 gr.,62500,Carmencita,almacen,sal,https://static.app.biggie.com.py/images/products/8413700164460.jpg,2026-08-22T21:20:04.000000Z
7896272000496,Aceitunas Vale Fertil Verde Sachet con Carozo de 160 gr.,5150,Vale Fertil,almacen,aceitunas,https://static.app.biggie.com.py/images/products/7896272000496.jpg,2026-08-22T21:20:04.000000Z
7891331001094,Cereal Nutry en Barra Muito mas Banana de 22 gr.,4350,NUTRY,almacen,cereales-en-barra,https://static.app.biggie.com.py/images/products/7891331001094.jpg,2026-08-22T21:20:04.000000Z
7840797000172,Huevos Los Faisanes de Codornis en Conserva Al Vinagre de 524 gr.,28700,LOS FAISANES,almacen,huevos,https://static.app.biggie.com.py/images/products/7840797000172.jpg,2026-08-22T21:20:04.000000Z
7840045019314,Arroz Primicia Tipo II Amarillo de 250 gr.,1800,Primicia,almacen,arroz,https://static.app.biggie.com.py/images/products/7840045019314.jpg,2026-08-22T21:20:04.000000Z
7790036973357,Pure de Tomates 7 Dias 530 gr.,6850,7  DÍAS,almacen,salsa-de-tomate,https://static.app.biggie.com.py/images/products/7790036973357-32594635.jpg,2026-08-22T21:20:04.000000Z
7840821000130,Fideo Tirabuzon Hildebrand de 400 gr.,5750,HILDEBRAND,almacen,fideo-secos,https://static.app.biggie.com.py/images/products/7840821000130.jpg,2026-08-22T21:20:04.000000Z
7840100603038,Boldo Mickey de 15 gr.,2500,MICKEY,almacen,hierbas-medicinales,https://static.app.biggie.com.py/images/products/7840100603038.jpg,2026-08-22T21:20:04.000000Z
77952127,Galletita Oblea Oblita Fit de Limon de 16 gr.,1500,Oblita,almacen,galletitas-integrales,https://static.app.biggie.com.py/images/products/77952127.jpg,2026-08-22T21:20:04.000000Z
7840821000093,Fideos Hildebrand Nido Cinta de 400 gr.,5750,HILDEBRAND,almacen,fideo-secos,https://static.app.biggie.com.py/images/products/7840821000093.jpg,2026-08-22T21:20:04.000000Z
7840031000180,Dulce de leche Doña Angela de 200 gr.,7300,Doña Ángela,almacen,dulces-y-mermeladas,https://static.app.biggie.com.py/images/products/7840031000180.jpg,2026-08-22T21:20:04.000000Z
7896045104390,Cafe Iguacu Cappuccino Clasico Sachet de 10 gr.,3500,IGUAÇU,almacen,cafe,https://static.app.biggie.com.py/images/products/7896045104390.jpg,2026-08-22T21:20:04.000000Z
7840100761103,Canela Molida Mickey de 50 gr.,4650,MICKEY,almacen,esencias-y-colorantes,https://static.app.biggie.com.py/images/products/7840100761103.jpg,2026-08-22T21:20:04.000000Z
7804682950027,Cereal en Barra Natural Bars con Coco Rallado y Uvas Pasas de 45 gr.,5900,NATURAL BARS,almacen,cereales-en-barra,https://static.app.biggie.com.py/images/products/7804682950027.jpg,2026-08-22T21:20:04.000000Z
7840023000266,Arroz Campobelo tipo II de 500 gr.,5900,Campobelo,almacen,arroz,https://static.app.biggie.com.py/images/products/7840023000266-32628695.jpg,2026-08-22T21:20:04.000000Z
7896045104383,Cafe Iguacu Cappuccino Chocolate Sachet de 10 gr.,3500,IGUAÇU,almacen,cafe,https://static.app.biggie.com.py/images/products/7896045104383.jpg,2026-08-22T21:20:04.000000Z
7840117010782,Salsa Chimichurri Frutika Clasico de 400 gr.,14500,Frutika,almacen,salsa-lista,https://static.app.biggie.com.py/images/products/7840117010782.jpg,2026-08-22T21:20:04.000000Z
8007150903658,Aceite de Oliva Olitalia Extra Virgen de 500 ml.,105000,Olitalia,almacen,aceites-de-oliva,https://static.app.biggie.com.py/images/products/8007150903658.jpg,2026-08-22T21:20:04.000000Z
7840016000099,Bizcochuelo Ersa Doña Matilde Vainilla de 540 gr.,16000,Ersa,almacen,postres-para-preparar,https://static.app.biggie.com.py/images/products/7840016000099.jpg,2026-08-22T21:20:04.000000Z
7840045017273,Oregano Primicia de 15 gr.,2550,Primicia,almacen,condimentos-secos,,2026-08-22T21:20:04.000000Z
7840127020863,Te Guarani de Curcuma y Naranja de 20 gr.,14300,Te Guarani,almacen,te,https://static.app.biggie.com.py/images/products/7840127020863.jpg,2026-08-22T21:20:04.000000Z
7896009301063,Sardina Coqueiro en Tomate de 125 gr.,10100,COQUEIRO,almacen,pescados-mariscos-en-conserva,https://static.app.biggie.com.py/images/products/7896009301063-30095249.jpg,2026-08-22T21:20:04.000000Z
7841229002313,Postre Gelatina La Fortuna Naranja de 120 gr.,1900,La Fortuna,almacen,postres,https://static.app.biggie.com.py/images/products/7841229002313.jpg,2026-08-22T21:20:04.000000Z
7896072093766,Gelatina Bretzke Diet Frambuesa de 10 gr.,4500,BRETZKE,almacen,postres-para-preparar,https://static.app.biggie.com.py/images/products/7896072093766.jpg,2026-08-22T21:20:04.000000Z
7840821003186,Fideo Instantaneo Bon Gusto con Condimento Sabor Pollo De 85 gr.,3150,Bon Gusto,almacen,fideo-secos,https://static.app.biggie.com.py/images/products/7840821003186.jpg,2026-08-22T21:20:04.000000Z
7842500000684,Yerba Mate Santo Tomas Con Todo de 250 gr.,7500,Santo Tomas,almacen,yerba,https://static.app.biggie.com.py/images/products/7842500000684.jpg,2026-08-22T21:20:04.000000Z
8007150901968,Vinagre Balsamico Olitalia de 250 ml.,26000,Olitalia,almacen,aderezos-para-ensalada,https://static.app.biggie.com.py/images/products/8007150901968-32625896.jpg,2026-08-22T21:20:04.000000Z
7840117010362,Extracto de Tomate Perita de 140 gr.,2400,Perita,almacen,salsa-de-tomate,https://static.app.biggie.com.py/images/products/7840117010362.jpg,2026-08-22T21:20:04.000000Z
7896111419847,Fideo Instantaneo Ninfa Bacon de 70 gr.,2650,Ninfa,almacen,fideo-secos,,2026-08-22T21:20:04.000000Z
7840045038186,Eneldo Primicia de 30 gr.,3000,Primicia,almacen,hierbas-medicinales,,2026-08-22T21:20:04.000000Z
7841787000097,Galletas de arroz B-light con Glase de Lemon Pie y Yogurt de 17 gr.,2450,B-light,almacen,galletitas-integrales,https://static.app.biggie.com.py/images/products/7841787000097-25503916.jpg,2026-08-22T21:20:04.000000Z
7891331010522,Cereal Nutry en Barra Morango con Chocolate de 22 gr.,3500,NUTRY,almacen,cereales-en-barra,https://static.app.biggie.com.py/images/products/7891331010522.jpg,2026-08-22T21:20:04.000000Z
7841229002337,Postre Gelatina La Fortuna Manzana de 120 gr.,1900,La Fortuna,almacen,postres,https://static.app.biggie.com.py/images/products/7841229002337.jpg,2026-08-22T21:20:04.000000Z
7842500000523,Yerba Mate Santo Tomas Anis de 500 gr.,12000,Santo Tomas,almacen,yerba,https://static.app.biggie.com.py/images/products/7842500000523.jpg,2026-08-22T21:20:04.000000Z
7840533000190,Arroz El Pais Parbolizado de 500 gr,5000,EL PAIS,almacen,arroz,https://static.app.biggie.com.py/images/products/7840533000190.jpg,2026-08-22T21:20:04.000000Z
7840023002185,Fideo Pastas Maestra Spaghetti de 400 gr.,5500,Pastas Maestra,almacen,fideo-secos,https://static.app.biggie.com.py/images/products/7840023002185.jpg,2026-08-22T21:20:04.000000Z
7841819000019,Azucar Alcotec Blanca de 1.000 gr.,10400,ALCOTEC,almacen,azucares,https://static.app.biggie.com.py/images/products/7841819000019.jpg,2026-08-22T21:20:04.000000Z
7898943163066,Atun R.Crusoe Desmenuzado Natural de 170 gr.,10200,Crusoe,almacen,pescados-mariscos-en-conserva,https://static.app.biggie.com.py/images/products/7898943163066.jpg,2026-08-22T21:20:04.000000Z
7840821001229,Dulce de Leche Bon Gusto de 130 gr.,5150,Bon Gusto,almacen,dulces-y-mermeladas,https://static.app.biggie.com.py/images/products/7840821001229.jpg,2026-08-22T21:20:04.000000Z
7841056000438,Ketchup Sun Clasico Sachet de 50 gr.,3900,SUN,almacen,ketchup,https://static.app.biggie.com.py/images/products/7841056000438.jpg,2026-08-22T21:20:04.000000Z
7840023000150,Arroz Supremo tipo II de 500 gr.,3050,Supremo,almacen,arroz,https://static.app.biggie.com.py/images/products/7840023000150-32599942.jpg,2026-08-22T21:20:04.000000Z
7841787000103,Galletas de arroz B-light con Glase de Frutilla y Yogurt de 17 gr.,2450,B-light,almacen,galletitas-integrales,https://static.app.biggie.com.py/images/products/7841787000103-25503561.jpg,2026-08-22T21:20:04.000000Z
7701362014881,Cafe Juan Valdez Liofilizado Dulce de Leche de 95 gr.,115000,Juan Valdez,almacen,cafe,https://static.app.biggie.com.py/images/products/7701362014881-30241828.jpg,2026-08-22T21:20:04.000000Z
041500000527,Mostaza French s con miel de 340 gr.,29500,Frenchs,almacen,mostaza,https://static.app.biggie.com.py/images/products/041500000527.jpg,2026-08-22T21:20:04.000000Z
7840045052939,Sal Primicia entrefina yodada de 500 gr.,3550,Primicia,almacen,sal,https://static.app.biggie.com.py/images/products/7840045052939-32632663.jpg,2026-08-22T21:20:04.000000Z
7840005014052,Dulce De Leche Trebol de 200 gr.,7500,Trebol,almacen,dulces-y-mermeladas,,2026-08-22T21:20:04.000000Z
7840023002154,Fideo Pastas Maestra Tallarin de 400 gr.,5500,Pastas Maestra,almacen,fideo-secos,https://static.app.biggie.com.py/images/products/7840023002154.jpg,2026-08-22T21:20:04.000000Z
7840100761844,Esencia de Vainilla Mickey de 120 ml.,6650,MICKEY,almacen,esencias-y-colorantes,https://static.app.biggie.com.py/images/products/7840100761844-32593687.jpg,2026-08-22T21:20:04.000000Z
7841738000398,Choclo Vivaz Lata de 300 gr.,5900,Vivaz,almacen,vegetales-y-legumbres-en-conserva,,2026-08-22T21:20:04.000000Z
7896007811007,Salsa de Soja Sakura Tipo Tradicional de 150 ml.,6950,SAKURA,almacen,salsa-de-soja,https://static.app.biggie.com.py/images/products/7896007811007.jpg,2026-08-22T21:20:04.000000Z
7798096031079,Garbanzos Doña Pupa Secos Remojados de 340 gr.,8100,Doña Pupa,almacen,vegetales-y-legumbres-en-conserva,https://static.app.biggie.com.py/images/products/7798096031079.jpg,2026-08-22T21:20:04.000000Z
7896072005202,Chocolate en Polvo Muky de 200 gr.,7500,BRETZKE,almacen,chocolate-en-polvo,https://static.app.biggie.com.py/images/products/7896072005202-32621352.jpg,2026-08-22T21:20:04.000000Z
7840005013062,Gelatina Trebol Diet Naranja de 200 gr.,2350,Trebol,almacen,postres,https://static.app.biggie.com.py/images/products/7840005013062-28815596.jpg,2026-08-22T21:20:04.000000Z
7730976820878,Mostaza Pontevedra Doypack de 60 gr.,2300,Pontevedra,almacen,mostaza,https://static.app.biggie.com.py/images/products/7730976820878.jpg,2026-08-22T21:20:04.000000Z
7842500000738,Yerba Mate Santo Tomas Menta Purete de 100 gr.,3000,Santo Tomas,almacen,yerba,https://static.app.biggie.com.py/images/products/7842500000738.jpg,2026-08-22T21:20:04.000000Z
7840045019055,Locrillo Primicia de 200 gr.,4000,Primicia,almacen,vegetales-y-legumbres-en-conserva,https://static.app.biggie.com.py/images/products/7840045019055.jpg,2026-08-22T21:20:04.000000Z
7802575341150,Salsa de Tomate Carozzi Tostana Arrabbiata de 200 gr.,10350,Carozzi,almacen,salsa-de-tomate,https://static.app.biggie.com.py/images/products/7802575341150.jpg,2026-08-22T21:20:04.000000Z
7840821000147,Fideo Hildebrand Caracol de 400 gr.,5750,HILDEBRAND,almacen,fideo-secos,https://static.app.biggie.com.py/images/products/7840821000147-32590865.jpg,2026-08-22T21:20:04.000000Z
7840045033600,Poroto Primicia Negro de 500 gr.,15650,Primicia,almacen,legumb-granos-semillas,https://static.app.biggie.com.py/images/products/7840045033600.jpg,2026-08-22T21:20:04.000000Z
7840045012049,Bicarbonato de sodio Primicia de 25 gr.,1300,Primicia,almacen,esencias-y-colorantes,https://static.app.biggie.com.py/images/products/7840045012049.jpg,2026-08-22T21:20:04.000000Z
7840100312237,Sal Condimentada Mickey de 250 gr.,2800,MICKEY,almacen,sal,https://static.app.biggie.com.py/images/products/7840100312237.jpg,2026-08-22T21:20:04.000000Z
7840006201697,Postre Gelatina Parmalat Diet Naranja de 180 gr.,2900,Parmalat,almacen,postres,https://static.app.biggie.com.py/images/products/7840006201697.jpg,2026-08-22T21:20:04.000000Z
7840045037745,Sal Condimentada Primicia de 200 gr.,2100,Primicia,almacen,sal,https://static.app.biggie.com.py/images/products/7840045037745.jpg,2026-08-22T21:20:04.000000Z
7840100312282,Sal Condimentada Mickey de 500 gr.,5100,MICKEY,almacen,sal,https://static.app.biggie.com.py/images/products/7840100312282.jpg,2026-08-22T21:20:04.000000Z
7841341001591,Azucar Jerovia de Caña Organico Morena de 500 gr.,10550,Jerovia,almacen,azucares,,2026-08-22T21:20:04.000000Z
7840078000129,Yerba Selecta Granulada de 500 gr.,10450,SELECTA,almacen,yerba,https://static.app.biggie.com.py/images/products/7840078000129-32638898.jpg,2026-08-22T21:20:04.000000Z
7840127001404,Anis Te Guarani Semillas de 20 gr.,3500,Te Guarani,almacen,hierbas-medicinales,https://static.app.biggie.com.py/images/products/7840127001404-32620644.jpg,2026-08-22T21:20:04.000000Z
7841341001614,Azucar Jerovia de Caña Organico Panela de 500 gr.,14450,Jerovia,almacen,azucares,https://static.app.biggie.com.py/images/products/7841341001614.jpg,2026-08-22T21:20:04.000000Z
7840005013079,Gelatina Trebol Diet Manzana Verde de 200 gr.,2350,Trebol,almacen,postres,https://static.app.biggie.com.py/images/products/7840005013079-28815636.jpg,2026-08-22T21:20:04.000000Z
7840821000123,Fideo Hildebrand Cortadito de 400 gr.,5750,HILDEBRAND,almacen,fideo-secos,https://static.app.biggie.com.py/images/products/7840821000123.jpg,2026-08-22T21:20:04.000000Z
011210009387,Salsa Picante Tabasco Jalapeño 60 ml.,30950,TABASCO,almacen,salsas-picantes,https://static.app.biggie.com.py/images/products/011210009387-32630593.jpg,2026-08-22T21:20:04.000000Z
7840821001410,Salsa de Soja Bon Gusto de 250 ml.,3900,Bon Gusto,almacen,salsa-de-soja,https://static.app.biggie.com.py/images/products/7840821001410.jpg,2026-08-22T21:20:04.000000Z
7896111419885,Fideo instantaneo Ninfa carne de 85 gr.,2700,Ninfa,almacen,fideo-secos,https://static.app.biggie.com.py/images/products/7896111419885.jpg,2026-08-22T21:20:04.000000Z
7840100509033,Oregano Mickey 15 gr.,2650,MICKEY,almacen,condimentos-secos,https://static.app.biggie.com.py/images/products/7840100509033.jpg,2026-08-22T21:20:04.000000Z
7840006201260,Postre Gelatina Parmalat Naranja de 125 gr.,2350,Parmalat,almacen,postres,https://static.app.biggie.com.py/images/products/7840006201260.jpg,2026-08-22T21:20:04.000000Z
7896111419908,Fideo Instantaneo Ninfa Gallina Caipira de 70 gr.,2650,Ninfa,almacen,fideo-secos,https://static.app.biggie.com.py/images/products/7896111419908.jpg,2026-08-22T21:20:04.000000Z
7840100183554,Cocido Mickey de 25 gr.,1600,MICKEY,almacen,cocido,https://static.app.biggie.com.py/images/products/7840100183554-32631660.jpg,2026-08-22T21:20:04.000000Z
7840821002868,Tapa de Empanada Hilagro al Horno Grande de 440 gr.,12000,Hilagro,almacen,tapa-de-empanada,https://static.app.biggie.com.py/images/products/7840821002868.jpg,2026-08-22T21:20:04.000000Z
7840031000197,Dulce de leche Doña Angela de 400gr.,12150,Doña Ángela,almacen,dulces-y-mermeladas,https://static.app.biggie.com.py/images/products/7840031000197.jpg,2026-08-22T21:20:04.000000Z
7840045011004,Aji Molido Primicia de 25 gr.,4000,Primicia,almacen,condimentos-secos,https://static.app.biggie.com.py/images/products/7840045011004.jpg,2026-08-22T21:20:04.000000Z
793969104659,Harina de Maiz para Chipa Granos de mi Tierra de 900 gr.,18900,granos de mi tierra,almacen,harinas-y-polvos,https://static.app.biggie.com.py/images/products/793969104659.jpg,2026-08-22T21:20:04.000000Z
7840023001997,Fideo Pastas Maestra Moñito de 400 gr.,5500,Pastas Maestra,almacen,fideo-secos,,2026-08-22T21:20:04.000000Z
7840821002875,Tapa de Pascualina Hilagro de 780 gr.,11700,Hilagro,almacen,tapa-de-pascualina,https://static.app.biggie.com.py/images/products/7840821002875.jpg,2026-08-22T21:20:04.000000Z
7842500000325,Yerba Mate Santo Tomas Clasica de 100 gr.,2000,Santo Tomas,almacen,yerba,https://static.app.biggie.com.py/images/products/7842500000325.jpg,2026-08-22T21:20:04.000000Z
7841341000785,Azucar Organica Jerovia Bolsa Biodegradable de 500 gr.,7550,Jerovia,almacen,azucares,https://static.app.biggie.com.py/images/products/7841341000785.jpg,2026-08-22T21:20:04.000000Z
7840045038230,Burrito Primicia de 15 gr.,2200,Primicia,almacen,hierbas-medicinales,,2026-08-22T21:20:04.000000Z
7840016000167,Galleta Molida Ersa de 500 gr.,5600,Ersa,almacen,harinas-y-polvos,https://static.app.biggie.com.py/images/products/7840016000167.jpg,2026-08-22T21:20:04.000000Z
7842500000691,Yerba Mate Santo Tomas con Todo de 100 gr.,3000,Santo Tomas,almacen,yerba,https://static.app.biggie.com.py/images/products/7842500000691.jpg,2026-08-22T21:20:04.000000Z
7840100614034,Ka´a He´e Mickey de 15 gr.,2400,MICKEY,almacen,hierbas-medicinales,https://static.app.biggie.com.py/images/products/7840100614034.jpg,2026-08-22T21:20:04.000000Z
7840023000181,Arroz Supremo Tipo lll de 500 gr.,2650,Supremo,almacen,arroz,https://static.app.biggie.com.py/images/products/7840023000181.jpg,2026-08-22T21:20:04.000000Z
7840100321284,Sal Mickey Fina Yodada de 500 gr.,3400,MICKEY,almacen,sal,https://static.app.biggie.com.py/images/products/7840100321284-32622336.jpg,2026-08-22T21:20:04.000000Z
7840100321239,Sal Fina Mickey Yodada de 250 gr.,1900,MICKEY,almacen,sal,https://static.app.biggie.com.py/images/products/7840100321239.jpg,2026-08-22T21:20:04.000000Z
7896022201913,Fideo Renata express Gallina C. de 85 gr.,2800,Salemma,almacen,fideo-secos,https://static.app.biggie.com.py/images/products/7896022201913.jpg,2026-08-22T21:20:04.000000Z
7840100453053,Cereal Mickey Copos de 25 gr.,1650,MICKEY,almacen,cereales,https://static.app.biggie.com.py/images/products/7840100453053.jpg,2026-08-22T21:20:04.000000Z
016000157606,Mezcla para Pancake Betty Crocker Buttermilk Mix de 191 gr.,21000,Betty Crocker,almacen,postres-para-preparar,https://static.app.biggie.com.py/images/products/016000157606-32596014.jpg,2026-08-22T21:20:04.000000Z
7840100451059,Cereal Mickey Choco de 25 gr.,1600,MICKEY,almacen,cereales,https://static.app.biggie.com.py/images/products/7840100451059.jpg,2026-08-22T21:20:04.000000Z
7896072093728,Gelatina Bretzke Diet Uva de 10 gr.,4500,BRETZKE,almacen,postres-para-preparar,https://static.app.biggie.com.py/images/products/7896072093728.jpg,2026-08-22T21:20:04.000000Z
7840100452056,Cereal Mickey Anillos de 25 gr.,1650,MICKEY,almacen,cereales,https://static.app.biggie.com.py/images/products/7840100452056.jpg,2026-08-22T21:20:04.000000Z
7841819000040,Azucar Alcotec Blanca de 500 gr.,6000,ALCOTEC,almacen,azucares,https://static.app.biggie.com.py/images/products/7841819000040.jpg,2026-08-22T21:20:04.000000Z
7840821000062,Harina Integral Hildebrand de 800 gr.,7700,HILDEBRAND,almacen,harinas-y-polvos,https://static.app.biggie.com.py/images/products/7840821000062-32588191.jpg,2026-08-22T21:20:04.000000Z
7896054903168,Ketchup D´ajuda Tradicional de 200 gr.,4700,Dajuda,almacen,ketchup,https://static.app.biggie.com.py/images/products/7896054903168.jpg,2026-08-22T21:20:04.000000Z
7840045009070,Galleta Molida Primicia de 200 gr.,2950,Primicia,almacen,harinas-y-polvos,https://static.app.biggie.com.py/images/products/7840045009070.jpg,2026-08-22T21:20:04.000000Z
7791866004457,Mostaza Natura Sachet de 125 gr.,4300,Natura,almacen,mostaza,,2026-08-22T21:20:04.000000Z
7771214008528,Mayonesa Nativo Light de 118 gr.,5350,Nativo,almacen,mayonesas,https://static.app.biggie.com.py/images/products/7771214008528.jpg,2026-08-22T21:20:04.000000Z
7840045060385,Ka'a He'e Primicia de 15 gr.,2300,Primicia,almacen,hierbas-medicinales,,2026-08-22T21:20:04.000000Z
7896022201906,Fideo Renata Espress Carne de 85 gr.,2800,Salemma,almacen,fideo-secos,https://static.app.biggie.com.py/images/products/7896022201906.jpg,2026-08-22T21:20:04.000000Z
7840045052922,Sal Primicia entrefina yodada de 250 gr.,1850,Primicia,almacen,sal,https://static.app.biggie.com.py/images/products/7840045052922.jpg,2026-08-22T21:20:04.000000Z
7848990010714,Cocido Quemado Masiado Rico Frasco de 200 gr.,9300,masiado rico,almacen,cocido,https://static.app.biggie.com.py/images/products/7848990010714.jpg,2026-08-22T21:20:04.000000Z
7840037000757,Yerba Colon Tradicional de 500 gr.,10150,COLON,almacen,yerba,https://static.app.biggie.com.py/images/products/7840037000757-32612115.jpg,2026-08-22T21:20:04.000000Z
7840821000765,Harina Hildebrand Tipo 000 de 250 gr.,2150,HILDEBRAND,almacen,harinas-y-polvos,https://static.app.biggie.com.py/images/products/7840821000765.jpg,2026-08-22T21:20:04.000000Z
7896054906084,Salsa de Tomate D´ajuda para Pizza de 200 gr.,3400,Dajuda,almacen,salsa-de-tomate,https://static.app.biggie.com.py/images/products/7896054906084.jpg,2026-08-22T21:20:04.000000Z
7896022201890,Fideo Renata Express gallina Selmi de 85 gr.,2800,Salemma,almacen,fideo-secos,https://static.app.biggie.com.py/images/products/7896022201890.jpg,2026-08-22T21:20:04.000000Z
7840821002851,Tapa de Empanada Hilagro Para Freir Grande de 440 gr.,7200,Hilagro,almacen,tapa-de-empanada,https://static.app.biggie.com.py/images/products/7840821002851.jpg,2026-08-22T21:20:04.000000Z
7848990010738,Cocido Quemado Masiado Rico de 30 gr.,1150,masiado rico,almacen,cocido,https://static.app.biggie.com.py/images/products/7848990010738.jpg,2026-08-22T21:20:04.000000Z
7841731000203,Galleta molida Hildrebrand 200 gr.,3400,HILDEBRAND,almacen,harinas-y-polvos,https://static.app.biggie.com.py/images/products/7841731000203.jpg,2026-08-22T21:20:04.000000Z
7795711008720,Ravioles Villa Dagri con Carne y Verdura de 520 gr.,16750,Villa Dagri,almacen,pastas-rellenas,https://static.app.biggie.com.py/images/products/7795711008720.jpg,2026-08-22T21:20:04.000000Z
7840100522032,Ajo Mickey en Polvo de 15 gr.,3500,MICKEY,almacen,condimentos-secos,https://static.app.biggie.com.py/images/products/7840100522032.jpg,2026-08-22T21:20:04.000000Z
7840100632038,Urusu He´e Mickey de 15 gr.,2400,MICKEY,almacen,hierbas-medicinales,https://static.app.biggie.com.py/images/products/7840100632038.jpg,2026-08-22T21:20:04.000000Z
7840100763053,Bicarbonato de Sodio Mickey de 25 gr.,1450,MICKEY,almacen,esencias-y-colorantes,https://static.app.biggie.com.py/images/products/7840100763053-32626833.jpg,2026-08-22T21:20:04.000000Z
7798128001902,Dulce de Leche Cachafaz de 450 gr.,22500,Cachafaz,almacen,dulces-y-mermeladas,https://static.app.biggie.com.py/images/products/7798128001902.jpg,2026-08-22T21:20:04.000000Z
7842500000912,Yerba Mate Santo Tomas Burrito de 500 gr.,14500,Santo Tomas,almacen,yerba,https://static.app.biggie.com.py/images/products/7842500000912.jpg,2026-08-22T21:20:04.000000Z
7840821002820,Ñoquis Hildebrand con Papas de 500 gr.,9100,HILDEBRAND,almacen,pastas-rellenas,https://static.app.biggie.com.py/images/products/7840821002820.jpg,2026-08-22T21:20:04.000000Z
84137029,Pimentón Dulce Carmencita 30 gr.,18500,Carmencita,almacen,condimentos-secos,https://static.app.biggie.com.py/images/products/84137029-32599244.jpg,2026-08-22T21:20:04.000000Z
7840078002284,Yerba Selecta Granulada Especial de 500 gr.,9300,SELECTA,almacen,yerba,https://static.app.biggie.com.py/images/products/7840078002284.jpg,2026-08-22T21:20:04.000000Z
8853602003304,Fideo Star Lion Spaguetti de Arroz Seco 200 gr.,19050,Star Lion,almacen,fideo-secos,https://static.app.biggie.com.py/images/products/8853602003304-31445880.jpg,2026-08-22T21:20:04.000000Z
7840821001380,Ketchup Bon Gusto de 50 gr.,2250,Bon Gusto,almacen,ketchup,https://static.app.biggie.com.py/images/products/7840821001380-29036418.jpg,2026-08-22T21:20:04.000000Z
7842500000950,Yerba Mate Santo Tomas Frutos Rojos de 500 gr.,14500,Santo Tomas,almacen,yerba,https://static.app.biggie.com.py/images/products/7842500000950.jpg,2026-08-22T21:20:04.000000Z
7840821002844,Tapa de Empanada Hilagro Para Freir de 320 gr.,5900,Hilagro,almacen,tapa-de-empanada,https://static.app.biggie.com.py/images/products/7840821002844.jpg,2026-08-22T21:20:04.000000Z
7896072048988,Gelatina Bretzke Frambuesa de 30 gr.,4200,BRETZKE,almacen,postres-para-preparar,https://static.app.biggie.com.py/images/products/7896072048988.jpg,2026-08-22T21:20:04.000000Z
7730124384511,Dulce de Leche Tradicional Los Nietitos 400 gr.,38000,LOS NIETITOS,almacen,dulces-y-mermeladas,https://static.app.biggie.com.py/images/products/7730124384511.jpg,2026-08-22T21:20:04.000000Z
7790040154865,Galletita Arcor Hogareñas salvado de 185 gr.,6000,Arcor,almacen,galletitas-integrales,,2026-08-22T21:20:04.000000Z
7840100508258,Polvo para Hornear Mickey de 25 gr.,1950,MICKEY,almacen,reposteria,https://static.app.biggie.com.py/images/products/7840100508258-32629704.jpg,2026-08-22T21:20:04.000000Z
8007150903900,Vinagre Balsamico Olitalia condishake chef de 250 ml.,56000,Olitalia,almacen,aderezos-para-ensalada,https://static.app.biggie.com.py/images/products/8007150903900.jpg,2026-08-22T21:20:04.000000Z
7842569000045,Sal Massabor Parrillera de 30 gr..,3000,Massabor,almacen,sal,https://static.app.biggie.com.py/images/products/7842569000045-27572451.jpg,2026-08-22T21:20:04.000000Z
7842557002716,Aceite de Girasol Cacique de 500 ml.,11900,Cacique,almacen,aceites-de-girasol,https://static.app.biggie.com.py/images/products/7842557002716.jpg,2026-08-22T21:20:04.000000Z
7840045010915,Vainilla Primicia de 25 gr.,2050,Primicia,almacen,condimentos-secos,,2026-08-22T21:20:04.000000Z
7840045038032,Jaguarete Ka'a Primicia de 15 gr.,2100,Primicia,almacen,hierbas-medicinales,https://static.app.biggie.com.py/images/products/7840045038032.jpg,2026-08-22T21:20:04.000000Z
7840306000242,Alfajorcito de Maicena Croccante La Negrita de 150 gr.,18100,La Negrita,almacen,postres,https://static.app.biggie.com.py/images/products/7840306000242-32597291.jpg,2026-08-22T21:20:04.000000Z
7841204000297,Galletita Kelwa de Mani de 30 gr.,2650,KELWA,almacen,galletitas-integrales,https://static.app.biggie.com.py/images/products/7841204000297.jpg,2026-08-22T21:20:04.000000Z
7841674001039,Cocido Amelia Con Leche de 25 gr.,2550,AMELIA,almacen,cocido,https://static.app.biggie.com.py/images/products/7841674001039.jpg,2026-08-22T21:20:04.000000Z
7896382500589,Fideo Instantaneo Hileia Carne de 85 gr.,3500,Hileia,almacen,fideo-secos,,2026-08-22T21:20:04.000000Z
7840543000456,Vinagre Alcazar Abadia Manzana de 500 ml.,6500,Alcazar,almacen,vinagres,,2026-08-22T21:20:04.000000Z
7840306000082,Pastafrola Croccante La Negrita redonda x unid.,27750,La Negrita,almacen,postres,https://static.app.biggie.com.py/images/products/7840306000082-32592443.jpg,2026-08-22T21:20:04.000000Z
7842557002709,Aceite de Girasol Cacique de 250 ml.,6900,Cacique,almacen,aceites-de-girasol,https://static.app.biggie.com.py/images/products/7842557002709.jpg,2026-08-22T21:20:04.000000Z
7842557001313,Aceite de Soja Cacique de 500 ml.,9750,Cacique,almacen,aceite-de-soja,,2026-08-22T21:20:04.000000Z
7840045038209,Cola de Caballo Primicia de 15 gr.,2000,Primicia,almacen,hierbas-medicinales,https://static.app.biggie.com.py/images/products/7840045038209.jpg,2026-08-22T21:20:04.000000Z
7790040154858,Galletita Arcor Hogareñas Salvado x 3 de 185 gr.,15000,ARCOR,almacen,galletitas-integrales,,2026-08-22T21:20:04.000000Z
7840100155223,Carne de Soja Mickey de 200 gr.,5450,MICKEY,almacen,legumb-granos-semillas,https://static.app.biggie.com.py/images/products/7840100155223.jpg,2026-08-22T21:20:04.000000Z
7842569000205,Pimenton Dulce Massabor Clasica de 15 gr.,2100,Massabor,almacen,condimentos-secos,,2026-08-22T21:20:04.000000Z
9777221107122,Trufas Proteicas Belite x 5 Unidades.,26250,Belite Fit Bakery,almacen,,https://static.app.biggie.com.py/images/products/9777221107122.jpg,2026-08-22T21:20:04.000000Z
7702746036093,"Te Aromatica Hindu Jengibre, Naranja y Curcuma Caja x 20 saq.",18650,Hindú,almacen,te,https://static.app.biggie.com.py/images/products/7702746036093.jpg,2026-08-22T21:20:04.000000Z
016000302808,Brownie Betty Crocker mix fudge de 290 gr.,24800,BC La Campagnola,almacen,postres-para-preparar,https://static.app.biggie.com.py/images/products/016000302808.jpg,2026-08-22T21:20:04.000000Z
7842557001306,Aceite de Soja Cacique  de 250 ml.,5500,Cacique,almacen,aceite-de-soja,https://static.app.biggie.com.py/images/products/7842557001306.jpg,2026-08-22T21:20:04.000000Z
7840100620035,Yaguarete Ka´a Mickey de 15 gr.,1800,MICKEY,almacen,hierbas-medicinales,https://static.app.biggie.com.py/images/products/7840100620035.jpg,2026-08-22T21:20:04.000000Z
7840100762100,Vainilla Azucarada Mickey de 50 gr.,4100,MICKEY,almacen,esencias-y-colorantes,https://static.app.biggie.com.py/images/products/7840100762100-32605540.jpg,2026-08-22T21:20:04.000000Z
7840037014099,Yerba Colon Compuesta M.k.B. de 500 gr.,12400,COLON,almacen,yerba,https://static.app.biggie.com.py/images/products/7840037014099-32633568.jpg,2026-08-22T21:20:04.000000Z
7730976820311,Extracto de Tomate Pontevedra de 60 gr.,1300,Pontevedra,almacen,salsa-de-tomate,https://static.app.biggie.com.py/images/products/7730976820311.jpg,2026-08-22T21:20:04.000000Z
7840306000235,Alfajorcito de Maicena Croccante La Negrita de 550 gr.,45100,La Negrita,almacen,postres,https://static.app.biggie.com.py/images/products/7840306000235-32615381.jpg,2026-08-22T21:20:04.000000Z
7840078000310,Yerba Selecta Intermedia de 500 gr.,9100,SELECTA,almacen,yerba,https://static.app.biggie.com.py/images/products/7840078000310-32617800.jpg,2026-08-22T21:20:04.000000Z
7840042005143,Leche en Polvo Lactolanda Descremada bolsita 800 gr.,54100,Lactolanda,almacen,leche-en-polvo,https://static.app.biggie.com.py/images/products/7840042005143-32624413.jpg,2026-08-22T21:20:04.000000Z
7840030001362,Postre Dulce de Leche La Pradera de 120 gr.,3550,La Pradera,almacen,dulces-y-mermeladas,https://static.app.biggie.com.py/images/products/7840030001362.jpg,2026-08-22T21:20:04.000000Z
041500000992,Mostaza French’s Dijon 340 gr.,29500,Frenchs,almacen,mostaza,,2026-08-22T21:20:04.000000Z
7840045017884,Cedron Primicia de 15 gr.,1700,Primicia,almacen,condimentos-secos,,2026-08-22T21:20:04.000000Z
7840048000098,Polvo de hornear Copalsa de 30 gr.,2400,COPALSA,almacen,reposteria,https://static.app.biggie.com.py/images/products/7840048000098.jpg,2026-08-22T21:20:04.000000Z
7898905356185,Aceite de Coco Extra Virgen de 500 ml.,97550,Virgen,almacen,otros-aceites,https://static.app.biggie.com.py/images/products/7898905356185.jpg,2026-08-22T21:20:04.000000Z
0754590432030,Postre La Tarteria Cheesecake de Frutos Rojos x Uni.,14300,La Tarteria,almacen,postres,https://static.app.biggie.com.py/images/products/0754590432030.jpg,2026-08-22T21:20:04.000000Z
7840395003261,Mayonesa Natura de 250 gr + Mostaza Natura de 250 gr.,15850,Natura,almacen,mayonesas,,2026-08-22T21:20:04.000000Z
1077221107121,Galletas Belite de Avena.,26000,Belite Fit Bakery,almacen,galletitas-integrales,https://static.app.biggie.com.py/images/products/1077221107121.jpg,2026-08-22T21:20:04.000000Z
7840045060415,Lino Primicia de 25 gr.,1750,Primicia,almacen,hierbas-medicinales,,2026-08-22T21:20:04.000000Z
7702746090118,Te Hindu Infusion Frutos Rojos Caja x 10 Saq.,10700,Hindú,almacen,te,https://static.app.biggie.com.py/images/products/7702746090118.jpg,2026-08-22T21:20:04.000000Z
7848004650066,Pave Cretta de Dulce de Leche.,20000,Postres Cretta,almacen,postres,,2026-08-22T21:20:04.000000Z
7840100151201,Soja Torrada Mickey Molida de 100 gr.,3100,MICKEY,almacen,condimentos-secos,https://static.app.biggie.com.py/images/products/7840100151201.jpg,2026-08-22T21:20:04.000000Z
7798128001919,Dulce de Leche Cachafaz de 800 gr.,46000,Cachafaz,almacen,dulces-y-mermeladas,https://static.app.biggie.com.py/images/products/7798128001919.jpg,2026-08-22T21:20:04.000000Z
0670087121693,Rebozador Om Gluten Free de 500 gr.,23600,OM,almacen,harinas-y-polvos,,2026-08-22T21:20:04.000000Z
0735745314425,Postrecito Tia Laura Delicias Tres Leches Menos Dulce de 160 gr.,23000,Tia Laura Delicias,almacen,postres,https://static.app.biggie.com.py/images/products/0735745314425.jpg,2026-08-22T21:20:04.000000Z
7848004650059,Postre Tres Leches Cretta.,20000,Postres Cretta,almacen,postres,,2026-08-22T21:20:04.000000Z
0781159004179,Cafe Marley Coffee Soul Rebel Capuccino Mocaccino x Uni.,6000,Marley Coffee,almacen,cafe,https://static.app.biggie.com.py/images/products/0781159004179.jpg,2026-08-22T21:20:04.000000Z
7848004650028,Pie de Limon Cretta.,20000,Postres Cretta,almacen,postres,,2026-08-22T21:20:04.000000Z
0781159004018,Cafe Marley Coffee Soul Rebel Capuccino Clasico x Uni.,6000,Marley Coffee,almacen,cafe,https://static.app.biggie.com.py/images/products/0781159004018.jpg,2026-08-22T21:20:04.000000Z
745853399948,Cafe Marley Coffee Higt Tide Descafeinado de 100 gr.,85500,Marley Coffee,almacen,cafe,https://static.app.biggie.com.py/images/products/745853399948.jpg,2026-08-22T21:20:04.000000Z
0781159004025,Cafe Marley Coffee Soul Rebel Capuccino Vainilla x Uni.,6000,Marley Coffee,almacen,cafe,,2026-08-22T21:20:04.000000Z
7848004650011,Postre Oreo Cretta.,20000,Postres Cretta,almacen,postres,,2026-08-22T21:20:04.000000Z
721688743521,Cheesecake Bite a Bite Frutos Rojos x Uni.,24500,Bite a Bite,almacen,postres,https://static.app.biggie.com.py/images/products/721688743521.jpg,2026-08-22T21:20:04.000000Z
7842500000875,Yerba Mate Santo Tomas Pomelo de 500 gr.,14500,Santo Tomas,almacen,yerba,https://static.app.biggie.com.py/images/products/7842500000875.jpg,2026-08-22T21:20:04.000000Z
0781159004193,Cafe Marley Coffee Soul Rebel Capucino Caramel Latte x Uni.,6000,Marley Coffee,almacen,cafe,https://static.app.biggie.com.py/images/products/0781159004193.jpg,2026-08-22T21:20:04.000000Z
7896003740783,Galletita Marilan Cookies Original de 40 gr.,3500,MARILAN,almacen,galletitas-integrales,https://static.app.biggie.com.py/images/products/7896003740783.jpg,2026-08-22T21:20:04.000000Z
0735745314388,Copita Tia Laura 4 Chocolate x Uni.,25000,Tia Laura Delicias,almacen,postres,,2026-08-22T21:20:04.000000Z
7841064006132,Salsa Agridulce Todo Sur Picante de 100 ml.,8900,Todo Sur,almacen,salsas-picantes,,2026-08-22T21:20:04.000000Z
7842738000319,Postre Tres Leches La Postreria de 195 gr.,23500,La Postreria,almacen,postres,,2026-08-22T21:20:04.000000Z
7842738000302,Postre Pave La Postreria de 200 gr.,23500,La Postreria,almacen,postres,https://static.app.biggie.com.py/images/products/7842738000302.jpg,2026-08-22T21:20:04.000000Z
7791337010628,Postre Ser Flan Dulce de Leche X2 de 190 gr.,10000,SER,almacen,postres,https://static.app.biggie.com.py/images/products/7791337010628.jpg,2026-08-22T21:20:04.000000Z
762111364357,Cafe Nestle Starbucks Medium Colombia R&G de 250 gr.,79000,Nestle,almacen,cafe,https://static.app.biggie.com.py/images/products/762111364357.jpg,2026-08-22T21:20:04.000000Z
745853016593,Cafe Marley Coffee Talkin'Blues Cappuccino Classic de 125 gr.,66000,Marley Coffee,almacen,cafe,,2026-08-22T21:20:04.000000Z
7842558000094,Mantequilla de Mani Nature Fit de 400 gr.,32000,NATURE FIT,almacen,mantequillas,https://static.app.biggie.com.py/images/products/7842558000094.jpg,2026-08-22T21:20:04.000000Z
7842738000296,Postre Pie de Limón La Postreria de 180 gr.,23500,La Postreria,almacen,postres,,2026-08-22T21:20:04.000000Z
745853016609,Cafe Marley Coffee Talkin'Blues Cappuccino Vainilla de 125 gr.,66000,Marley Coffee,almacen,cafe,,2026-08-22T21:20:04.000000Z
762111364418,Cafe Nestle Starbucks Dark Caffe Verona R&G de 250 gr.,79000,Nestle,almacen,cafe,,2026-08-22T21:20:04.000000Z
7840061000440,Huevos Yemita Tipo A x 20 Uni.,19800,YEMITA,almacen,huevos,https://static.app.biggie.com.py/images/products/7840061000440-34116434.jpg,2026-08-22T21:20:04.000000Z
7790550029479,Cafe Cabrales La Planta de Cafe Instantaneo Sin Azucar Frasco de 100 gr.,58100,CABRALES,almacen,cafe,https://static.app.biggie.com.py/images/products/7790550029479.jpg,2026-08-22T21:20:04.000000Z
7798142880019,Galletas de Arroz Molinos del Bosque Original de 150 gr.,12750,Molinos del Bosque,almacen,galletitas-integrales,https://static.app.biggie.com.py/images/products/7798142880019.jpg,2026-08-22T21:20:04.000000Z
7795711001769,"Sorrentinos Villa Dagri Ricota, Jamon y Muzzarella de 520 gr.",20200,Villa Dagri,almacen,pastas-rellenas,https://static.app.biggie.com.py/images/products/7795711001769.jpg,2026-08-22T21:20:04.000000Z
0798190060361,Cafe Marley Coffee Stir It Up de 100 gr.,109500,Marley Coffee,almacen,cafe,https://static.app.biggie.com.py/images/products/0798190060361.jpg,2026-08-22T21:20:04.000000Z
8000070038868,Cafe Lavazza Crema e Gusto Clasico de 250 gr.,71000,Lavazza,almacen,cafe,https://static.app.biggie.com.py/images/products/8000070038868-32813957.jpg,2026-08-22T21:20:04.000000Z
7848004650035,Pave de Chocolate Cretta.,20000,Postres Cretta,almacen,postres,,2026-08-22T21:20:04.000000Z
7842632000019,Volcan de Chocolate Congelado Volc de 120 gr.,28750,VOLC,almacen,postres,https://static.app.biggie.com.py/images/products/7842632000019.jpg,2026-08-22T21:20:04.000000Z
8000070035980,Cafe Lavazza Qualita Rossa de 250 gr.,79000,Lavazza,almacen,cafe,https://static.app.biggie.com.py/images/products/8000070035980-32813938.jpg,2026-08-22T21:20:04.000000Z
7842738000142,Postre Familiar La Postreria Tres Leches de 900 gr.,65000,La Postreria,almacen,postres,,2026-08-22T21:20:04.000000Z
8000070012783,Cafe Lavazza Qualita Oro de 250 gr.,96000,Lavazza,almacen,cafe,https://static.app.biggie.com.py/images/products/8000070012783-32813923.jpg,2026-08-22T21:20:04.000000Z
7842632000026,Volcan de Dulce de Leche Congelado Volc de 120 gr.,29900,VOLC,almacen,postres,,2026-08-22T21:20:04.000000Z
8410660034543,Aceite de Oliva La Española Spray de 200 ml.,51000,La Española,almacen,aceites-de-oliva,,2026-08-22T21:20:04.000000Z
7842654000172,Croissant Don Frances de 360 gr.,28600,Don Francés,almacen,comidas-listas,,2026-08-22T21:20:04.000000Z
410120,Pizza Oveja Negra de Masa Madre a la Piedra Mozzarella x Uni.,45000,OVEJA NEGRA,almacen,comidas-listas,https://static.app.biggie.com.py/images/products/410120.jpg,2026-08-22T21:20:04.000000Z
799142774831,Mantequilla de Maní LanderFit sabor Chocolate,160000,LANDERFIT,almacen,mantequillas,https://static.app.biggie.com.py/images/products/799142774831.png,2026-08-22T21:21:25.000000Z
5902609001400,Galleta de Garbanzo Lestello de 130 gr.,29000,LESTELLO,almacen,galletitas-integrales,https://static.app.biggie.com.py/images/products/5902609001400.jpg,2026-08-22T21:20:04.000000Z
039045207914,Mostaza Kuhne de Mesa Beermug de 255 gr.,35150,KUHNE,almacen,mostaza,https://static.app.biggie.com.py/images/products/039045207914.jpg,2026-08-22T21:20:04.000000Z
0659525148690,Cafe Marley Coffee Wake Up & Live de 100 gr.,67500,Marley Coffee,almacen,cafe,https://static.app.biggie.com.py/images/products/0659525148690.jpg,2026-08-22T21:20:04.000000Z
5902609001608,Galleta de Maiz Lestello de 130 gr.,25000,LESTELLO,almacen,galletitas-integrales,https://static.app.biggie.com.py/images/products/5902609001608.jpg,2026-08-22T21:20:04.000000Z
799142774947,Mantequilla de Maní LanderFit sabor Cookies and Cream,160000,LANDERFIT,almacen,mantequillas,https://static.app.biggie.com.py/images/products/799142774947.png,2026-08-22T21:21:25.000000Z
7840201959720,Mix Jaka'ay'u Mandu'a Blend Premium de 100 gr.,30600,Jaka'ay'u,almacen,hierbas-medicinales,,2026-08-22T21:20:04.000000Z
8004323110318,Fideo Colavita Rigatoni de 500 gr.,18500,COLAVITA,almacen,fideo-secos,,2026-08-22T21:20:04.000000Z
7840045010922,Canela Molida Primicia de 25 gr.,3150,Primicia,almacen,condimentos-secos,https://static.app.biggie.com.py/images/products/7840045010922.jpg,2026-08-22T21:20:04.000000Z
799142775081,Mantequilla de Maní LandertFit sabor Leche en Polvo (LEITINHO),160000,LANDERFIT,almacen,mantequillas,https://static.app.biggie.com.py/images/products/799142775081.jpg,2026-08-22T21:21:25.000000Z
0041500013527,Mostaza French s classic 226 gr.,17500,Frenchs,almacen,mostaza,,2026-08-22T21:20:04.000000Z
320201,Cafe Expresso Largo Pausa.,4000,Pausa,almacen,cafe,,2026-08-22T21:20:04.000000Z
7795711000052,Fideo Villa Dagri Tallarin de 500 gr.,12800,Villa Dagri,almacen,fideo-frescos,https://static.app.biggie.com.py/images/products/7795711000052.jpg,2026-08-22T21:20:04.000000Z
7841170000048,Tapa de Empanada Doña Mery Grande x Uni.,3800,Doña Mery,almacen,tapa-de-empanada,,2026-08-22T21:20:04.000000Z
500602,Mini Torta en Pote Chocolate La Dolceria x unidad,20000,Patricia Ledesma (La Dolceria),almacen,postres,,2026-08-22T21:20:04.000000Z
290820,Pie de limón La Pazteleria por unidad.,19000,La Pazteleria,almacen,postres,,2026-08-22T21:20:04.000000Z
154235,Cookies La Postreria mixtas.,29000,La Postreria,almacen,postres,,2026-08-22T21:20:04.000000Z
7840061000488,Huevo Yemita Tipo A Promo x 12 Uni.,15200,YEMITA,almacen,huevos,https://static.app.biggie.com.py/images/products/7840061000488.jpg,2026-08-22T21:20:04.000000Z
7798181481383,Miel de Abeja Bee Power En Panal Libre de Gluten de 340 gr.,89600,Bee Power,almacen,miel,,2026-08-22T21:20:04.000000Z
7798181481390,Miel de Abeja Bee Power Liquida Libre de Gluten de 250 gr.,35000,Bee Power,almacen,miel,,2026-08-22T21:20:04.000000Z
7798181481017,Miel de Abeja Bee Power Liquida Libre de Gluten de 300 gr.,50000,Bee Power,almacen,miel,,2026-08-22T21:20:04.000000Z
7798181481505,Miel de Abeja Pirity Liquida Libre de Gluten de 500 gr.,55300,Pirity,almacen,miel,,2026-08-22T21:20:04.000000Z
7798181481512,Miel de Abeja Pirity Untable Libre de Gluten de 500 gr.,49000,Pirity,almacen,miel,,2026-08-22T21:20:04.000000Z
3250282005058,Miel de Abeja Tasty Foods Pack x 8 Uni.,16650,Tasty Foods,almacen,miel,,2026-08-22T21:20:04.000000Z
500603,Mini Torta en Pote Blanca La Dolceria x unidad,18000,Patricia Ledesma (La Dolceria),almacen,postres,,2026-08-22T21:20:04.000000Z
500606,Mini Torta en Pote de Limon La Dolceria x unidad.,18000,Patricia Ledesma (La Dolceria),almacen,postres,,2026-08-22T21:20:04.000000Z
500611,Mini torta La Dolceria red velvet x unidad.,20000,Patricia Ledesma (La Dolceria),almacen,postres,,2026-08-22T21:20:04.000000Z
701010320231,Mousse Pasteleria Abente Dulce de Leche y Oreo de 120 gr.,10400,Pasteleria Abente,almacen,postres,,2026-08-22T21:20:04.000000Z
701020320238,Mousse Pasteleria Abente Dulce de Leche y Oreo de 240 gr.,18200,Pasteleria Abente,almacen,postres,,2026-08-22T21:20:04.000000Z
7841170000055,Ñoquis Doña Mery de 450 gr.,6000,Doña Mery,almacen,pastas-rellenas,,2026-08-22T21:20:04.000000Z
7841257000046,PASTA FUERTE TOMATES DES. S. MILLAN FCO.200GR,21500,MILLAN,almacen,pastas-rellenas,https://static.app.biggie.com.py/images/products/7841257000046.jpg,2026-08-22T21:20:04.000000Z
7842730000027,Pave de Oreo Alma Dulce.,13000,ALMA DULCE,almacen,postres,,2026-08-22T21:20:04.000000Z
121022,Postre Chokolina La Sazon de Ruthy Mousse de Dulce de Leche con Trozos de Galletitas de 110 gr.,11000,La Sazon de Ruthy,almacen,postres,,2026-08-22T21:20:04.000000Z
902014,Postre sin Azucar Dulces Fit x Unidad.,15500,Dulces fit,almacen,postres,,2026-08-22T21:20:04.000000Z
41500827728,Salsa Picante Frenchs Red Hot Sweet Chili de 354 ml.,49000,Frenchs,almacen,salsas-picantes,https://static.app.biggie.com.py/images/products/41500827728.jpg,2026-08-22T21:20:04.000000Z
7840419000986,Sandwich Fatecha de Milanesa de Carne x Uni.,18200,Panaderia Fatecha,almacen,comidas-listas,,2026-08-22T21:20:04.000000Z
99170,Sandwich Smuchi x Uni.,25600,SMUCHI,almacen,comidas-listas,,2026-08-22T21:20:04.000000Z
7841170000017,Tapa de Empanada Doña Mery Economico x Uni.,3150,Doña Mery,almacen,tapa-de-empanada,,2026-08-22T21:20:04.000000Z
7841170000031,Tapa de Empanada Doña Mery Mediano x Uni.,3650,Doña Mery,almacen,tapa-de-empanada,,2026-08-22T21:20:04.000000Z
7840419000238,Tapa de Empanada Fatecha Grande de 480 gr.,6250,Panaderia Fatecha,almacen,tapa-de-empanada,,2026-08-22T21:20:04.000000Z
7841170000024,Tapa de Pascualina Doña Mary x 2 Uni.,6250,Doña Mery,almacen,tapa-de-pascualina,,2026-08-22T21:20:04.000000Z
290818,Torta oreo La Pazteleria por unidad.,19000,La Pazteleria,almacen,postres,,2026-08-22T21:20:04.000000Z
100200304,Vaso Mediano Marley Coffe de 270 ml.,1840,Marley Coffee,almacen,cafe,,2026-08-22T21:20:04.000000Z
7841395000045,Alcohol de Quemar Alcofuego de 500 ml.,11500,Alcofuego,asado,articulo-para-asado,https://static.app.biggie.com.py/images/products/7841395000045.jpg,2026-08-22T21:20:04.000000Z
7840154103799,Alcohol de Quemar Base Base en Pastilla por 8 Uni.,18500,Base Base,asado,combustibles,https://static.app.biggie.com.py/images/products/7840154103799.jpg,2026-08-22T21:20:04.000000Z
7841395000014,Alcohol en Pastilla Alcofuego de 160 gr.,15950,Alcofuego,asado,articulo-para-asado,https://static.app.biggie.com.py/images/products/7841395000014.jpg,2026-08-22T21:20:04.000000Z
7841899000015,Carbon premium Don Heriberto bolsa de 3 kg.,20650,Don Heriberto,asado,carbones,https://static.app.biggie.com.py/images/products/7841899000015.jpg,2026-08-22T21:20:04.000000Z
7841899000022,Carbon premium Don Heriberto bolsa de 5 kg.,26500,Don Heriberto,asado,carbones,https://static.app.biggie.com.py/images/products/7841899000022.jpg,2026-08-22T21:20:04.000000Z
7840392000249,Carbon vegetal Bricapar de 3 kg.,25800,Bricapar,asado,carbones,https://static.app.biggie.com.py/images/products/7840392000249.jpg,2026-08-22T21:20:04.000000Z
7840392000454,Carbon vegetal Bricapar de 5 kg.,40800,Bricapar,asado,carbones,https://static.app.biggie.com.py/images/products/7840392000454.jpg,2026-08-22T21:20:04.000000Z
7841899000046,Carbon Vegetal Don Heriberto de 2 kg.,15000,Don Heriberto,asado,carbones,https://static.app.biggie.com.py/images/products/7841899000046.jpg,2026-08-22T21:20:04.000000Z
7841939000142,Carbon Vegetal Grillco 100% de 5.000 Kgr.,35050,GRILLCO,asado,carbones,https://static.app.biggie.com.py/images/products/7841939000142.jpg,2026-08-22T21:20:04.000000Z
7841884000013,Carbon Vegetal Karai Guazu de 3.000 gr.,17250,Karai Guazu,asado,carbones,https://static.app.biggie.com.py/images/products/7841884000013.jpg,2026-08-22T21:20:04.000000Z
7841884000020,Carbon Vegetal Karai Guazu de 5.000 gr.,28000,Karai Guazu,asado,carbones,,2026-08-22T21:20:04.000000Z
7896007942633,Fosforo de Cocina Fiat Lux x 200 Uni.,4200,Fiat Lux,asado,articulo-para-asado,https://static.app.biggie.com.py/images/products/7896007942633.jpg,2026-08-22T21:20:04.000000Z
7896100900141,Fosforo Foscasa Caja 10 Unidades.,4650,QUELUZ,asado,combustibles,https://static.app.biggie.com.py/images/products/7896100900141.jpg,2026-08-22T21:20:04.000000Z
7896100900011,Fosforo Queluz 10 Cajas de 40 Palitos.,5200,QUELUZ,asado,combustibles,https://static.app.biggie.com.py/images/products/7896100900011.jpg,2026-08-22T21:20:04.000000Z
7841899000039,Leña Don Heriberto de 8 kg.,30000,Don Heriberto,asado,lenas,,2026-08-22T21:20:04.000000Z
7841939000012,Mix Carbon + Briquetas de 3.000 Kgr.,23200,GRILLCO,asado,articulo-para-asado,https://static.app.biggie.com.py/images/products/7841939000012.jpg,2026-08-22T21:20:04.000000Z
7841939000029,Mix Carbon + Briquetas Grillco de 5.000 Kgr.,35300,GRILLCO,asado,articulo-para-asado,https://static.app.biggie.com.py/images/products/7841939000029-32612947.jpg,2026-08-22T21:20:04.000000Z
7841260000323,Toallitas Humedas Maxima Suavidad Agubaby x 100 Unidades.,12950,Agubaby,bebes,toallitas-humedas,https://static.app.biggie.com.py/images/products/7841260000323.jpg,2026-08-22T21:20:04.000000Z
7840508034892,Toallitas Humedas Doddy con Manzanilla con Tapa x 100 Uni.,14350,Doddy,bebes,toallitas-humedas,https://static.app.biggie.com.py/images/products/7840508034892.jpg,2026-08-22T21:20:04.000000Z
7840508032942,Toallitas Humedas Doddy con Aloe Vera x 100 Uni.,14350,Doddy,bebes,toallitas-humedas,https://static.app.biggie.com.py/images/products/7840508032942.jpg,2026-08-22T21:20:04.000000Z
7840508032959,Toallitas Humedas Doddy Premiun con vitamina E x 100 Uni.,14350,Doddy,bebes,toallitas-humedas,https://static.app.biggie.com.py/images/products/7840508032959.jpg,2026-08-22T21:20:04.000000Z
7702425809147,Toallita Humeda Huggies BW Limpieza Efectiva x 192 uni,63000,HUGGIES,bebes,toallitas-humedas,https://static.app.biggie.com.py/images/products/7702425809147.jpg,2026-08-22T21:20:04.000000Z
7842202001002,Pañal Mimo Medio XG Mini Pack x 8 Uni.,16500,Mimo,bebes,panales-desechables,https://static.app.biggie.com.py/images/products/7842202001002.jpg,2026-08-22T21:20:04.000000Z
7794626011047,Toallitas Humedas Huggies Triple Proteccion de 96 Unidades.,25300,HUGGIES,bebes,toallitas-humedas,https://static.app.biggie.com.py/images/products/7794626011047.jpg,2026-08-22T21:20:04.000000Z
7848002410679,Toallitas Humedas Muddi Manzanilla x 100 Uni.,13350,Muddi,bebes,toallitas-humedas,https://static.app.biggie.com.py/images/products/7848002410679.jpg,2026-08-22T21:20:04.000000Z
7848002410556,Toallitas Humedas Muddi Aloe Vera x 100 Uni.,13350,Muddi,bebes,toallitas-humedas,https://static.app.biggie.com.py/images/products/7848002410556.jpg,2026-08-22T21:20:04.000000Z
7842202000920,Pañal Mimo Eco XG Mini Pack x 8 Uni.,14000,Mimo,bebes,panales-desechables,https://static.app.biggie.com.py/images/products/7842202000920.jpg,2026-08-22T21:20:04.000000Z
7840508042514,Toallita Humeda Doddy Piel Sensible Hipoalergenico Sin Alcohol x 100 Uni.,15350,Doddy,bebes,toallitas-humedas,https://static.app.biggie.com.py/images/products/7840508042514.jpg,2026-08-22T21:20:04.000000Z
7841396000020,Toallitas Baby Manzanilla con Tapa Infanzia x 100 Uni.,12000,BABY,bebes,toallitas-humedas,https://static.app.biggie.com.py/images/products/7841396000020.jpg,2026-08-22T21:20:04.000000Z
7842202000913,Pañal Mimo Eco G Mini Pack x 9 Uni.,14000,Mimo,bebes,panales-desechables,https://static.app.biggie.com.py/images/products/7842202000913.jpg,2026-08-22T21:20:04.000000Z
7841260000330,Toallitas Humedas con Aloe Vera Agubaby con Tapa x 50 Unidades.,7950,Agubaby,bebes,toallitas-humedas,https://static.app.biggie.com.py/images/products/7841260000330.jpg,2026-08-22T21:20:04.000000Z
7842202000999,Pañal Mimo Super Grande Mini x 9 Uni.,16500,MIMO,bebes,panales-desechables,https://static.app.biggie.com.py/images/products/7842202000999.jpg,2026-08-22T21:20:04.000000Z
7842202000968,Pañal Mimo Clasico XG Mega Pack x 44 Uni.,62000,Mimo,bebes,panales-desechables,https://static.app.biggie.com.py/images/products/7842202000968.jpg,2026-08-22T21:20:04.000000Z
7842202001057,Pañal Mimo Clasico XXG MegaPack x 40 Uni.,62000,Mimo,bebes,panales-desechables,https://static.app.biggie.com.py/images/products/7842202001057.jpg,2026-08-22T21:20:04.000000Z
7790773008466,Toallitas Facial Desmaquillante Contra Acne de 25 Unidades.,21000,Q-SOFT,bebes,toallitas-humedas,https://static.app.biggie.com.py/images/products/7790773008466.jpg,2026-08-22T21:20:04.000000Z
7848002412031,Toallita Humeda Muddi Neutro x 100 Uni.,13350,Muddi,bebes,toallitas-humedas,https://static.app.biggie.com.py/images/products/7848002412031.jpg,2026-08-22T21:20:04.000000Z
7842202000951,Pañal Mimo Clasico G Mega Pack x 50 Uni.,62000,Mimo,bebes,panales-desechables,https://static.app.biggie.com.py/images/products/7842202000951.jpg,2026-08-22T21:20:04.000000Z
7842202000906,Pañal Mimo Eco M Mini Pack x 10 Uni.,14000,Mimo,bebes,panales-desechables,https://static.app.biggie.com.py/images/products/7842202000906.jpg,2026-08-22T21:20:04.000000Z
7794626012891,Pañal Huggies Flex Comfort XXXL x 48 Uni.,162000,HUGGIES,bebes,panales-desechables,https://static.app.biggie.com.py/images/products/7794626012891.jpg,2026-08-22T21:20:04.000000Z
7794626011023,Toallitas Húmedas Triple Protección Huggies x 48 unidades,14000,HUGGIES,bebes,panales-desechables,https://static.app.biggie.com.py/images/products/7794626011023.jpg,2026-08-22T21:20:04.000000Z
7790773008350,Toallitas Humedas Baby Clasica QSoft x 25 Unidades.,11000,Q-SOFT,bebes,toallitas-humedas,https://static.app.biggie.com.py/images/products/7790773008350.jpg,2026-08-22T21:20:04.000000Z
7842202000890,Pañal Mimo Eco P Mini Pack x 11 Uni.,14000,Mimo,bebes,panales-desechables,https://static.app.biggie.com.py/images/products/7842202000890.jpg,2026-08-22T21:20:04.000000Z
7794626013393,Pañal Huggies Supreme Care P x 50 Uni.,126650,HUGGIES,bebes,panales-desechables,https://static.app.biggie.com.py/images/products/7794626013393.jpg,2026-08-22T21:20:04.000000Z
7794626012938,Pañal Desechable Huggies Flex Comfort P x 50 Uni.,107600,HUGGIES,bebes,panales-desechables,https://static.app.biggie.com.py/images/products/7794626012938.jpg,2026-08-22T21:20:04.000000Z
7794626013348,Pañal Huggies Supreme Care Ahorrapack XXG x 50 Uni.,190500,HUGGIES,bebes,panales-desechables,https://static.app.biggie.com.py/images/products/7794626013348.jpg,2026-08-22T21:20:04.000000Z
7794626013331,Pañal Huggies Supreme Care Ahorrapack XG x 52 Uni.,190500,HUGGIES,bebes,panales-desechables,https://static.app.biggie.com.py/images/products/7794626013331.jpg,2026-08-22T21:20:04.000000Z
7794626012860,Pañal Huggies Flex Comfort G x 60 Uni.,162000,HUGGIES,bebes,panales-desechables,https://static.app.biggie.com.py/images/products/7794626012860.jpg,2026-08-22T21:20:04.000000Z
7794626012853,Pañal Huggies Flex Comfort M x 68 Uni.,162000,HUGGIES,bebes,panales-desechables,https://static.app.biggie.com.py/images/products/7794626012853.jpg,2026-08-22T21:20:04.000000Z
7794626013584,Pañal Huggies Protec Plus Tamaño P Mega x 30 uni,60000,HUGGIES,bebes,panales-desechables,https://static.app.biggie.com.py/images/products/7794626013584.jpg,2026-08-22T21:20:04.000000Z
7794626012952,Pañal Huggies Flexi Comfort XXG Jumbo x 30 Uni.,129000,HUGGIES,bebes,panales-desechables,https://static.app.biggie.com.py/images/products/7794626012952.jpg,2026-08-22T21:20:04.000000Z
7702425800700,Toallitas Humedas Huggies Cuidado 4en1 x 48 Uni.,23850,HUGGIES,bebes,toallitas-humedas,https://static.app.biggie.com.py/images/products/7702425800700.jpg,2026-08-22T21:20:04.000000Z
7794626012945,Pañal Huggies Flexi Comfort XG Jumbo x 32 Uni.,129000,HUGGIES,bebes,panales-desechables,https://static.app.biggie.com.py/images/products/7794626012945.jpg,2026-08-22T21:20:04.000000Z
7500435132398,Pañales Pampers Premium Care XXG x 24 Uni.,110250,Pampers,bebes,panales-desechables,https://static.app.biggie.com.py/images/products/7500435132398.jpg,2026-08-22T21:20:04.000000Z
7500435132466,Pañal Pampers Premiun Care XXG x 56 Uni.,199400,Pampers,bebes,panales-desechables,https://static.app.biggie.com.py/images/products/7500435132466.jpg,2026-08-22T21:20:04.000000Z
7730219048274,Pañal Babysec Premium Jumbo G x 60 Uni.,161800,BABYSEC,bebes,panales-desechables,https://static.app.biggie.com.py/images/products/7730219048274.jpg,2026-08-22T21:20:04.000000Z
7794626013362,Huggies Supreme Natural Care RN De 34 unidades,108350,HUGGIES,bebes,panales-desechables,https://static.app.biggie.com.py/images/products/7794626013362.jpg,2026-08-22T21:20:04.000000Z
7500435106627,Pañales Pampers Confort Sec Mediano x 44 Uni.,123500,Pampers,bebes,panales-desechables,https://static.app.biggie.com.py/images/products/7500435106627.jpg,2026-08-22T21:20:04.000000Z
7794626013409,Pañal Huggies Supreme Natural Care XXXG x 48 Uni.,232400,HUGGIES,bebes,panales-desechables,https://static.app.biggie.com.py/images/products/7794626013409.jpg,2026-08-22T21:20:04.000000Z
7794626012914,Huggies Flexi Comfort RN 0 De 34 uni,74950,HUGGIES,bebes,panales-desechables,https://static.app.biggie.com.py/images/products/7794626012914.jpg,2026-08-22T21:20:04.000000Z
7794626012877,Huggies Flexi Comfort XG De 52 uni,162000,HUGGIES,bebes,panales-desechables,https://static.app.biggie.com.py/images/products/7794626012877.jpg,2026-08-22T21:20:04.000000Z
7794626013317,Huggies Supreme Natural Care M De 68 unidades,232400,HUGGIES,bebes,panales-desechables,https://static.app.biggie.com.py/images/products/7794626013317.jpg,2026-08-22T21:20:04.000000Z
7702026147891,Toallitas humedas Pequeñin de Manzanilla x 63 Uni.,16100,Pequeñin,bebes,toallitas-humedas,https://static.app.biggie.com.py/images/products/7702026147891.jpg,2026-08-22T21:20:04.000000Z
7794626012884,Pañal Huggies Active Sec XXG x 50 Uni.,197900,HUGGIES,bebes,panales-desechables,https://static.app.biggie.com.py/images/products/7794626012884.jpg,2026-08-22T21:20:04.000000Z
7794626011252,Aposito Desechable Adultos Incontinencia Leve x 20 unidades,38800,PLENITUD,bebes,panales-desechables,https://static.app.biggie.com.py/images/products/7794626011252.jpg,2026-08-22T21:20:04.000000Z
7896007551088,Pañal Huggies Para Agua Little Swimmers G x 10 Uni.,94400,HUGGIES,bebes,panales-desechables,https://static.app.biggie.com.py/images/products/7896007551088.jpg,2026-08-22T21:20:04.000000Z
7896018700642,Toallitas Humedas Huggies Puro Natural de 48 Uni.,37430,HUGGIES,bebes,toallitas-humedas,https://static.app.biggie.com.py/images/products/7896018700642.jpg,2026-08-22T21:20:04.000000Z
7840050009867,Cerveza Michelob Ultra Edicion Limitada de 269 ml Pack x 15 Uni.,60000,Michelob,bebidas-con-alcohol,cerveza,https://static.app.biggie.com.py/images/products/7840050009867.jpg,2026-08-22T21:20:04.000000Z
7891149108749,Cerveza Corona Extra de 210 ml.,7000,Corona,bebidas-con-alcohol,cerveza,https://static.app.biggie.com.py/images/products/7891149108749.jpg,2026-08-22T21:20:04.000000Z
7840025000011,Cerveza Munich Ultra de 269 ml.,3750,MUNICH ULTRA,bebidas-con-alcohol,cerveza,https://static.app.biggie.com.py/images/products/7840025000011.jpg,2026-08-22T21:20:04.000000Z
7802100004185,Cerveza Heineken Botella de 650 ml.,16000,Heineken,bebidas-con-alcohol,cerveza,https://static.app.biggie.com.py/images/products/7802100004185.jpg,2026-08-22T21:20:04.000000Z
7790290101602,Fernet Branca Botella de 750 ml.,80000,FERNET BRANCA,bebidas-con-alcohol,destilados,https://static.app.biggie.com.py/images/products/7790290101602-31360289.jpg,2026-08-22T21:20:04.000000Z
5000267125046,Whisky Johnnie Walker Black Label de 1.000 ml.,225000,Johnnie Walker,bebidas-con-alcohol,whisky,https://static.app.biggie.com.py/images/products/5000267125046.jpg,2026-08-22T21:20:04.000000Z
7790290000523,Fernet Branca botella de 1.000 ml.,107000,FERNET BRANCA,bebidas-con-alcohol,destilados,https://static.app.biggie.com.py/images/products/7790290000523-32611671.jpg,2026-08-22T21:20:04.000000Z
7891149108718,Cerveza Corona Botella de 330 ml.,8500,Corona,bebidas-con-alcohol,cerveza,https://static.app.biggie.com.py/images/products/7891149108718.jpg,2026-08-22T21:20:04.000000Z
7840025110857,Cerveza Polar Ice Lata de 269 ml.,2500,Polar,bebidas-con-alcohol,cerveza,https://static.app.biggie.com.py/images/products/7840025110857.jpg,2026-08-22T21:20:04.000000Z
7802100005441,Cerveza Heineken Botella de 250 ml.,7500,Heineken,bebidas-con-alcohol,cerveza,https://static.app.biggie.com.py/images/products/7802100005441.jpg,2026-08-22T21:20:04.000000Z
5000267190143,Whisky Johnnie Walker Red Label de 1.000 ml.,120000,Johnnie Walker,bebidas-con-alcohol,whisky,https://static.app.biggie.com.py/images/products/5000267190143.jpg,2026-08-22T21:20:04.000000Z
7893218003603,Smirnoff ice botellita de 275 ml.,9000,Smirnoff,bebidas-con-alcohol,ready-to-drink,https://static.app.biggie.com.py/images/products/7893218003603.jpg,2026-08-22T21:20:04.000000Z
7840050007696,Cerveza Pilsen Lata de 355 ml.,4500,Pilsen,bebidas-con-alcohol,cerveza,https://static.app.biggie.com.py/images/products/7840050007696.jpg,2026-08-22T21:20:04.000000Z
7893218003610,Smirnoff Ice original lata de 269 ml.,8000,Smirnoff,bebidas-con-alcohol,ready-to-drink,https://static.app.biggie.com.py/images/products/7893218003610.jpg,2026-08-22T21:20:04.000000Z
7840050008884,Cerveza Skol Botella Abre Facil de 275 ml.,6000,SKOL,bebidas-con-alcohol,cerveza,https://static.app.biggie.com.py/images/products/7840050008884.jpg,2026-08-22T21:20:04.000000Z
7790290001179,Fernet Branca Botella de 450 ml.,49500,FERNET BRANCA,bebidas-con-alcohol,destilados,https://static.app.biggie.com.py/images/products/7790290001179.jpg,2026-08-22T21:20:04.000000Z
7802100005373,Cerveza Heineken Lata de 269 ml.,6000,Heineken,bebidas-con-alcohol,cerveza,https://static.app.biggie.com.py/images/products/7802100005373.jpg,2026-08-22T21:20:04.000000Z
7840050009157,Cerveza Skol Lata de 269 ml Edicion Pack Promo x 15 Uni.,60000,SKOL,bebidas-con-alcohol,cerveza,https://static.app.biggie.com.py/images/products/7840050009157.jpg,2026-08-22T21:20:04.000000Z
7840050008655,Cerveza Brahma Ultra Cero de 269 ml.,2750,Brahma,bebidas-con-alcohol,cerveza,https://static.app.biggie.com.py/images/products/7840050008655.jpg,2026-08-22T21:20:04.000000Z
7802100005526,Cerveza Amstel Export Lata de 269 ml.,4500,AMSTEL,bebidas-con-alcohol,cerveza,https://static.app.biggie.com.py/images/products/7802100005526.jpg,2026-08-22T21:20:04.000000Z
7802100006080,Cerveza Amstel Botellita de 250 ml.,6000,AMSTEL,bebidas-con-alcohol,cerveza,https://static.app.biggie.com.py/images/products/7802100006080.jpg,2026-08-22T21:20:04.000000Z
7840050009508,Cerveza Michelob Ultra de 269 ml por unidad,4000,Michelob,bebidas-con-alcohol,cerveza,https://static.app.biggie.com.py/images/products/7840050009508.jpg,2026-08-22T21:20:04.000000Z
7840050009515,Cerveza Michelob Ultra Lata de 350 ml.,5500,Michelob,bebidas-con-alcohol,cerveza,https://static.app.biggie.com.py/images/products/7840050009515.jpg,2026-08-22T21:20:04.000000Z
7891149103102,Cerveza Skol Lata de 269 ml.,4000,SKOL,bebidas-con-alcohol,cerveza,https://static.app.biggie.com.py/images/products/7891149103102.jpg,2026-08-22T21:20:04.000000Z
7898032910168,Cerveza Miller Genuine Draft Botella de 600 ml.,11500,Miller,bebidas-con-alcohol,cerveza,https://static.app.biggie.com.py/images/products/7898032910168.jpg,2026-08-22T21:20:04.000000Z
7802100005472,Cerveza Amstel Ow Export de 650 ml.,11500,AMSTEL,bebidas-con-alcohol,cerveza,https://static.app.biggie.com.py/images/products/7802100005472.jpg,2026-08-22T21:20:04.000000Z
7840025110994,Cerveza Munich Original Lata de 269 ml.,3333,MUNICH,bebidas-con-alcohol,cerveza,https://static.app.biggie.com.py/images/products/7840025110994.jpg,2026-08-22T21:20:04.000000Z
7791250003189,Smirnoff Ice Red Berries de 473ml,11500,Smirnoff,bebidas-con-alcohol,ready-to-drink,https://static.app.biggie.com.py/images/products/7791250003189.jpg,2026-08-22T21:20:04.000000Z
7791250003127,Smirnoff Ice Green Apple de 473ml,11500,Smirnoff,bebidas-con-alcohol,ready-to-drink,https://static.app.biggie.com.py/images/products/7791250003127.jpg,2026-08-22T21:20:04.000000Z
7802100005946,Cerveza Heineken Silver Botellita de 250 ml.,7500,Heineken,bebidas-con-alcohol,cerveza,https://static.app.biggie.com.py/images/products/7802100005946.jpg,2026-08-22T21:20:04.000000Z
78409736,Cerveza Ouro Fino Retornable de 940 ml.,7500,Ouro Fino,bebidas-con-alcohol,cerveza,https://static.app.biggie.com.py/images/products/78409736.jpg,2026-08-22T21:20:04.000000Z
7802100004789,Cerveza Heineken Silver Botella de 650 ml.,16000,Heineken,bebidas-con-alcohol,cerveza,https://static.app.biggie.com.py/images/products/7802100004789.jpg,2026-08-22T21:20:04.000000Z
7840050004992,Cerveza Pilsen Lata de 269 ml.,3500,Pilsen,bebidas-con-alcohol,cerveza,https://static.app.biggie.com.py/images/products/7840050004992.jpg,2026-08-22T21:20:04.000000Z
5000196002807,Whisky Buchanans 12 Años Sin Estuche de 1.000 ml.,230000,BUCHANANS,bebidas-con-alcohol,whisky,https://static.app.biggie.com.py/images/products/5000196002807.jpg,2026-08-22T21:20:04.000000Z
78404533,Cerveza Ouro Fino lata de 354 ml.,3750,Ouro Fino,bebidas-con-alcohol,cerveza,https://static.app.biggie.com.py/images/products/78404533.jpg,2026-08-22T21:20:04.000000Z
7802100003270,Cerveza Heineken Holanda 0.0 Botellita de 330 ml.,9000,Heineken,bebidas-con-alcohol,cerveza,https://static.app.biggie.com.py/images/products/7802100003270.jpg,2026-08-22T21:20:04.000000Z
7840050003605,Cerveza Budweiser 66 Lata de 310 ml.,5500,Budweiser,bebidas-con-alcohol,cerveza,https://static.app.biggie.com.py/images/products/7840050003605.jpg,2026-08-22T21:20:04.000000Z
7891991305679,Cerveza Corona Cero Botella de 330 ml.,8500,Corona,bebidas-con-alcohol,cerveza,https://static.app.biggie.com.py/images/products/7891991305679.jpg,2026-08-22T21:20:04.000000Z
7802100003287,"Cerveza Heineken sin Alcohol 0,0 Lata de 350 ml.",7500,Heineken,bebidas-con-alcohol,cerveza,https://static.app.biggie.com.py/images/products/7802100003287.jpg,2026-08-22T21:20:04.000000Z
78409613,Cerveza Pilsen Clasica botella retornable 940 ml.,7500,Pilsen,bebidas-con-alcohol,cerveza,https://static.app.biggie.com.py/images/products/78409613.jpg,2026-08-22T21:20:04.000000Z
7840050009737,Cerveza Michelob Ultra de 275 ml.,6000,Michelob,bebidas-con-alcohol,cerveza,https://static.app.biggie.com.py/images/products/7840050009737.jpg,2026-08-22T21:20:04.000000Z
7840025011024,Cerveza Polar Lata de 350 ml.,2500,Polar,bebidas-con-alcohol,cerveza,https://static.app.biggie.com.py/images/products/7840025011024.jpg,2026-08-22T21:20:04.000000Z
7840050002639,Cerveza Ouro Fino Lata de 269 ml.,3333,Ouro Fino,bebidas-con-alcohol,cerveza,https://static.app.biggie.com.py/images/products/7840050002639.jpg,2026-08-22T21:20:04.000000Z
5000267112077,Whisky Johnnie Walker double black de 1.000 ml.,260000,Johnnie Walker,bebidas-con-alcohol,whisky,https://static.app.biggie.com.py/images/products/5000267112077.jpg,2026-08-22T21:20:04.000000Z
5000267197630,Whisky Johnnie Walker Gold Label Reserve de 750 ml.,370000,Johnnie Walker,bebidas-con-alcohol,whisky,https://static.app.biggie.com.py/images/products/5000267197630.jpg,2026-08-22T21:20:04.000000Z
7804300120566,Vino Tinto Santa Helena de 1.500 ml.,51500,Santa Helena,bebidas-con-alcohol,vino-tinto,https://static.app.biggie.com.py/images/products/7804300120566.jpg,2026-08-22T21:20:04.000000Z
7891991295109,Cerveza Stella Artois de 600 ml.,13000,Stella Artois,bebidas-con-alcohol,cerveza,https://static.app.biggie.com.py/images/products/7891991295109.jpg,2026-08-22T21:20:04.000000Z
7898032910083,Cerveza Miller Genuine Draft Lata de 350 ml.,5500,Miller,bebidas-con-alcohol,cerveza,https://static.app.biggie.com.py/images/products/7898032910083.jpg,2026-08-22T21:20:04.000000Z
7891136057029,Licor Aperol Aperitivo de 750 ml.,94000,APEROL,bebidas-con-alcohol,destilados,https://static.app.biggie.com.py/images/products/7891136057029-32611780.jpg,2026-08-22T21:20:04.000000Z
7804300120467,Vino Tinto Santa Helena de 750 ml.,27500,Santa Helena,bebidas-con-alcohol,vino-tinto,https://static.app.biggie.com.py/images/products/7804300120467.jpg,2026-08-22T21:20:04.000000Z
7840025000028,Cerveza Munich Ultra Botella de 275 ml.,5000,MUNICH ULTRA,bebidas-con-alcohol,cerveza,https://static.app.biggie.com.py/images/products/7840025000028.jpg,2026-08-22T21:20:04.000000Z
7840025000127,Cerveza Munich Gluten Free Botella de 275 ml.,5000,MUNICH ULTRA,bebidas-con-alcohol,cerveza,https://static.app.biggie.com.py/images/products/7840025000127.jpg,2026-08-22T21:20:04.000000Z
7840138001257,Ron Fortin Coctel Frutos Rojos de 750 ml.,18700,Fortin,bebidas-con-alcohol,destilados,https://static.app.biggie.com.py/images/products/7840138001257.jpg,2026-08-22T21:20:04.000000Z
7790290101473,Fernet Brancamenta de 750 ml.,80000,FERNET BRANCA,bebidas-con-alcohol,destilados,https://static.app.biggie.com.py/images/products/7790290101473-31671702.jpg,2026-08-22T21:20:04.000000Z
7898032910106,Cerveza Miller Genuine Draft de 269 ml.,4500,Miller,bebidas-con-alcohol,cerveza,https://static.app.biggie.com.py/images/products/7898032910106.jpg,2026-08-22T21:20:04.000000Z
7840050002561,Cerveza Brahma SubZero Lata de 269 ml.,3000,Brahma,bebidas-con-alcohol,cerveza,https://static.app.biggie.com.py/images/products/7840050002561.jpg,2026-08-22T21:20:04.000000Z
7840025000219,Cerveza Munich Ultra Botella de 600 ml Ow,10000,MUNICH ULTRA,bebidas-con-alcohol,cerveza,https://static.app.biggie.com.py/images/products/7840025000219.jpg,2026-08-22T21:20:04.000000Z
7840050006644,Cerveza Skol Retornable de 940 ml.,10000,SKOL,bebidas-con-alcohol,cerveza,https://static.app.biggie.com.py/images/products/7840050006644.jpg,2026-08-22T21:20:04.000000Z
7802100004796,Cerveza Heineken Silver lata de 269 ml,6000,Heineken,bebidas-con-alcohol,cerveza,https://static.app.biggie.com.py/images/products/7802100004796.jpg,2026-08-22T21:20:04.000000Z
7791728000115,Vino Blanco Santa Julia Chenin Dulce Natural de 750 ml.,75000,Santa Julia,bebidas-con-alcohol,vino-blanco,https://static.app.biggie.com.py/images/products/7791728000115.jpg,2026-08-22T21:20:04.000000Z
7528300647822,Vino Tinto Santa Claudia de 1.5 ml.,39500,SANTA CLAUDIA,bebidas-con-alcohol,vino-tinto,https://static.app.biggie.com.py/images/products/7528300647822.jpg,2026-08-22T21:20:04.000000Z
7840025110864,Cerveza Munich Retornable de 1.000 ml.,8000,MUNICH,bebidas-con-alcohol,cerveza,https://static.app.biggie.com.py/images/products/7840025110864.jpg,2026-08-22T21:20:04.000000Z
7898032910144,Cerveza Miller Genuine Draft Botella de 355 ml.,7500,Miller,bebidas-con-alcohol,cerveza,https://static.app.biggie.com.py/images/products/7898032910144.jpg,2026-08-22T21:20:04.000000Z
7840050008549,Cerveza Budweiser 66 Botella de 275 ml.,7000,Budweiser,bebidas-con-alcohol,cerveza,https://static.app.biggie.com.py/images/products/7840050008549.jpg,2026-08-22T21:20:04.000000Z
5000267190556,Whisky Johnnie Walker Blonde de 750 ml.,120000,Johnnie Walker,bebidas-con-alcohol,whisky,https://static.app.biggie.com.py/images/products/5000267190556.jpg,2026-08-22T21:20:04.000000Z
7898032910281,Cerveza Miller High Life Botella de 600 ml.,13000,Miller,bebidas-con-alcohol,cerveza,https://static.app.biggie.com.py/images/products/7898032910281.jpg,2026-08-22T21:20:04.000000Z
7840050003704,Cerveza Budweiser 66 lata de 269 ml.,5000,Budweiser,bebidas-con-alcohol,cerveza,https://static.app.biggie.com.py/images/products/7840050003704.jpg,2026-08-22T21:20:04.000000Z
5010327000039,Whisky Grants sin caja con gotero de 1.000 m.,74500,Grants,bebidas-con-alcohol,whisky,https://static.app.biggie.com.py/images/products/5010327000039.jpg,2026-08-22T21:20:04.000000Z
7898032910274,Cerveza Miller High Life Botella de 355 ml.,8000,Miller,bebidas-con-alcohol,cerveza,https://static.app.biggie.com.py/images/products/7898032910274.jpg,2026-08-22T21:20:04.000000Z
7842132000199,Cerveza Sajonia Naranjito de 640 ml.,15000,Sajonia,bebidas-con-alcohol,cerveza,https://static.app.biggie.com.py/images/products/7842132000199.jpg,2026-08-22T21:20:04.000000Z
7804300157029,Vino Blanco Santa Helena Dulce de 750 ml.,26500,Santa Helena,bebidas-con-alcohol,vino-blanco,https://static.app.biggie.com.py/images/products/7804300157029.jpg,2026-08-22T21:20:04.000000Z
7804300149314,Vino Santa Helena Dulce de 1.500 ml.,50500,Santa Helena,bebidas-con-alcohol,vino-tinto,https://static.app.biggie.com.py/images/products/7804300149314.jpg,2026-08-22T21:20:04.000000Z
7840050009362,Cerveza Pilsen Edicion Limitada Albirroja Retornable de 940 ml.,7500,Pilsen,bebidas-con-alcohol,cerveza,https://static.app.biggie.com.py/images/products/7840050009362.jpg,2026-08-22T21:20:04.000000Z
5010106111956,Whisky Ballantines Finest sin Estuche de 1.000 ml.,115000,Ballantines,bebidas-con-alcohol,whisky,https://static.app.biggie.com.py/images/products/5010106111956.jpg,2026-08-22T21:20:04.000000Z
7528300666878,Vino Tinto Santa Claudia de 1.000 ml.,26000,SANTA CLAUDIA,bebidas-con-alcohol,vino-tinto,https://static.app.biggie.com.py/images/products/7528300666878-33803961.jpg,2026-08-22T21:20:04.000000Z
7802130003585,Cerveza Corona Extra de 620 ml.,15500,Corona,bebidas-con-alcohol,cerveza,https://static.app.biggie.com.py/images/products/7802130003585.jpg,2026-08-22T21:20:04.000000Z
7891991295055,Cerveza Corona Extra Lata 350ml.,7500,Corona,bebidas-con-alcohol,cerveza,https://static.app.biggie.com.py/images/products/7891991295055.jpg,2026-08-22T21:20:04.000000Z
7840138001509,Ron Fortin Coctel Frutos del Bosque de 750 ml.,19500,Fortin,bebidas-con-alcohol,destilados,,2026-08-22T21:20:04.000000Z
7790139002879,Fernet 1882 Original de 750 ml.,58900,1882,bebidas-con-alcohol,destilados,https://static.app.biggie.com.py/images/products/7790139002879.jpg,2026-08-22T21:20:04.000000Z
7790975198651,Vino Espumante Chandon Delice de 750 ml.,127300,CHANDON,bebidas-con-alcohol,espumantes,https://static.app.biggie.com.py/images/products/7790975198651.jpg,2026-08-22T21:20:04.000000Z
7804300149307,Vino Santa Helena Dulce de 750 ml.,26500,Santa Helena,bebidas-con-alcohol,vino-tinto,https://static.app.biggie.com.py/images/products/7804300149307.jpg,2026-08-22T21:20:04.000000Z
7840025000080,Cerveza Munich Original de 600 ml.,8000,MUNICH,bebidas-con-alcohol,cerveza,https://static.app.biggie.com.py/images/products/7840025000080.jpg,2026-08-22T21:20:04.000000Z
082184000328,Whisky Jack Daniel´s Honey de 1.000 ml.,209000,Jack Daniels,bebidas-con-alcohol,whisky,https://static.app.biggie.com.py/images/products/082184000328.jpg,2026-08-22T21:20:04.000000Z
7792410523165,Fernet Buhero Negro de 700 ml.,62000,Buhero,bebidas-con-alcohol,destilados,https://static.app.biggie.com.py/images/products/7792410523165.jpg,2026-08-22T21:20:04.000000Z
7528309352666,Vino Tinto Santa Claudia de 750 ml.,21000,SANTA CLAUDIA,bebidas-con-alcohol,vino-tinto,https://static.app.biggie.com.py/images/products/7528309352666-34270428.jpg,2026-08-22T21:20:04.000000Z
7891991015462,Cerveza Stella Artois Belga botella de 330 ml.,7500,Stella Artois,bebidas-con-alcohol,cerveza,https://static.app.biggie.com.py/images/products/7891991015462.jpg,2026-08-22T21:20:04.000000Z
7896037917427,Vino Tinto Quinta Do Morgado Rojo Suave 1.500 ml.,48650,Quinta Do Morgado,bebidas-con-alcohol,vino-tinto,https://static.app.biggie.com.py/images/products/7896037917427.jpg,2026-08-22T21:20:04.000000Z
4066600601920,Cerveza Paulaner Weissbierm Lata de 500 ml.,14000,Paulaner,bebidas-con-alcohol,cerveza,https://static.app.biggie.com.py/images/products/4066600601920.jpg,2026-08-22T21:20:04.000000Z
7791250000935,Vino Tinto Los Arboles Malbec de 750 ml.,45000,Los Arboles,bebidas-con-alcohol,vino-tinto,https://static.app.biggie.com.py/images/products/7791250000935.jpg,2026-08-22T21:20:04.000000Z
7790975001340,Vino Espumante Chandon Brut Rose de 750 ml.,127300,CHANDON,bebidas-con-alcohol,espumantes,https://static.app.biggie.com.py/images/products/7790975001340.jpg,2026-08-22T21:20:04.000000Z
7792798002351,Cerveza Patagonia Amber Lager de 730 ml.,17500,Patagonia,bebidas-con-alcohol,cerveza,https://static.app.biggie.com.py/images/products/7792798002351.jpg,2026-08-22T21:20:04.000000Z
7794450090096,Vino Tinto D. V. Catena Malbec de 750 ml.,160000,CATENA ZAPATA,bebidas-con-alcohol,vino-tinto,https://static.app.biggie.com.py/images/products/7794450090096.jpg,2026-08-22T21:20:04.000000Z
7791305600035,Sidra Preferida de 910 ml.,19000,LA PREFERIDA,bebidas-con-alcohol,sidras,https://static.app.biggie.com.py/images/products/7791305600035.jpg,2026-08-22T21:20:04.000000Z
7840027130006,Caña Tres Leones Etiqueta Negra de 190 ml.,5100,TRES LEONES,bebidas-con-alcohol,destilados,https://static.app.biggie.com.py/images/products/7840027130006.jpg,2026-08-22T21:20:04.000000Z
7791203003396,Vino Blanco Luigi Bosca La Linda Dulce Viogner de 750 ml.,59500,Luigi Bosca,bebidas-con-alcohol,vino-blanco,https://static.app.biggie.com.py/images/products/7791203003396.jpg,2026-08-22T21:20:04.000000Z
7790577002165,Vino Tinto Trumpeter Malbec de 750 ml.,70000,TRUMPETER,bebidas-con-alcohol,vino-tinto,https://static.app.biggie.com.py/images/products/7790577002165.jpg,2026-08-22T21:20:04.000000Z
7790975000183,Vino Espumante Chandon Extra Brut 750 ml.,127300,CHANDON,bebidas-con-alcohol,espumantes,https://static.app.biggie.com.py/images/products/7790975000183.jpg,2026-08-22T21:20:04.000000Z
082184090442,Whisky Jack Daniels Black de 1.000 ml.,209000,Jack Daniels,bebidas-con-alcohol,whisky,https://static.app.biggie.com.py/images/products/082184090442.jpg,2026-08-22T21:20:04.000000Z
7840050009607,Cerveza Brahma Ultra Cero Retornable de 940 ml.,7000,Brahma,bebidas-con-alcohol,cerveza,https://static.app.biggie.com.py/images/products/7840050009607.jpg,2026-08-22T21:20:04.000000Z
5010327000091,Whisky Grants Triangular de 500 ml.,61500,Grants,bebidas-con-alcohol,whisky,https://static.app.biggie.com.py/images/products/5010327000091.jpg,2026-08-22T21:20:04.000000Z
7798167047923,Fernet 1882 + Cola de 473 ml.,10000,1882,bebidas-con-alcohol,fernet,https://static.app.biggie.com.py/images/products/7798167047923.jpg,2026-08-22T21:20:04.000000Z
8008440212412,Cerveza Peroni Botella de 660 ml.,17500,Peroni,bebidas-con-alcohol,cerveza,https://static.app.biggie.com.py/images/products/8008440212412.jpg,2026-08-22T21:20:04.000000Z
7840050009270,Cerveza Brahma Edicion Limitada Pablito Lezcano Retornable de 940 ml.,7500,Brahma,bebidas-con-alcohol,cerveza,https://static.app.biggie.com.py/images/products/7840050009270.jpg,2026-08-22T21:20:04.000000Z
7804300156411,Vino Tinto Santa Helena Gran Vino Cabernet Sauvignon de 750 ml.,29900,Santa Helena,bebidas-con-alcohol,vino-tinto,https://static.app.biggie.com.py/images/products/7804300156411.jpg,2026-08-22T21:20:04.000000Z
7804300157852,Vino Santa Helena Dulce Rose de 750 ml.,26500,Santa Helena,bebidas-con-alcohol,vino-rosado,https://static.app.biggie.com.py/images/products/7804300157852.jpg,2026-08-22T21:20:04.000000Z
7840050008372,Cerveza Budweiser 66 Retornable 710 ml.,11000,Budweiser,bebidas-con-alcohol,cerveza,https://static.app.biggie.com.py/images/products/7840050008372.jpg,2026-08-22T21:20:04.000000Z
7896037913849,Vino Tinto Quinta Do Morgado suave de 1.000 ml.,32000,Quinta Do Morgado,bebidas-con-alcohol,vino-tinto,https://static.app.biggie.com.py/images/products/7896037913849.jpg,2026-08-22T21:20:04.000000Z
7842132000328,Cerveza Sajonia Lager de 640 ml.,15000,Sajonia,bebidas-con-alcohol,cerveza,https://static.app.biggie.com.py/images/products/7842132000328.jpg,2026-08-22T21:20:04.000000Z
7790577001663,Vino Tinto Rutini cabernet Malbec de 750 ml.,119000,Rutini,bebidas-con-alcohol,vino-tinto,https://static.app.biggie.com.py/images/products/7790577001663.jpg,2026-08-22T21:20:04.000000Z
7791203001231,Vino Tinto Luigi Bosca malbec de 750 ml.,105500,Luigi Bosca,bebidas-con-alcohol,vino-tinto,https://static.app.biggie.com.py/images/products/7791203001231.jpg,2026-08-22T21:20:04.000000Z
7791250001673,Vino Tinto Navarro Correas malbec coleccion privada de 750 ml.,80000,Navarro Correas,bebidas-con-alcohol,vino-tinto,https://static.app.biggie.com.py/images/products/7791250001673.jpg,2026-08-22T21:20:04.000000Z
7840050009256,Cerveza Brahma Edicion Limitada Pablito Lezcano de 269 ml.,3000,Brahma,bebidas-con-alcohol,cerveza,https://static.app.biggie.com.py/images/products/7840050009256.jpg,2026-08-22T21:20:04.000000Z
7804300120276,Vino Blanco Santa Helena de 750 ml.,27500,Santa Helena,bebidas-con-alcohol,vino-blanco,https://static.app.biggie.com.py/images/products/7804300120276.jpg,2026-08-22T21:20:04.000000Z
8008440222008,Cerveza Peroni Botella de 330 ml.,10500,Peroni,bebidas-con-alcohol,cerveza,https://static.app.biggie.com.py/images/products/8008440222008.jpg,2026-08-22T21:20:04.000000Z
7794450088581,Vino Tinto Saint Felicen Malbec de 750 ml.,105000,Saint Felicien,bebidas-con-alcohol,vino-tinto,https://static.app.biggie.com.py/images/products/7794450088581.jpg,2026-08-22T21:20:04.000000Z
8000020000020,Vermouth Cinzano Rosso de 1.000 ml.,51000,CINZANO,bebidas-con-alcohol,destilados,https://static.app.biggie.com.py/images/products/8000020000020.jpg,2026-08-22T21:20:04.000000Z
7840050010146,Cerveza Michelob Ultra Retornable de 710 ml.,7500,Michelob,bebidas-con-alcohol,cerveza,https://static.app.biggie.com.py/images/products/7840050010146.jpg,2026-08-22T21:20:04.000000Z
7791540092336,Vino Tinto Alma Mora Malbec de 750 ml.,49000,Alma Mora,bebidas-con-alcohol,vino-tinto,https://static.app.biggie.com.py/images/products/7791540092336.jpg,2026-08-22T21:20:04.000000Z
7891991016223,Cerveza Stella Artois Lata de 350 ml.,6000,Stella Artois,bebidas-con-alcohol,cerveza,https://static.app.biggie.com.py/images/products/7891991016223.jpg,2026-08-22T21:20:04.000000Z
7791540126222,Vino Tinto La Escondida malbec reserva 750 ml.,45000,LA ESCONDIDA,bebidas-con-alcohol,vino-tinto,https://static.app.biggie.com.py/images/products/7791540126222.jpg,2026-08-22T21:20:04.000000Z
4067700014559,Licor Jagermeister de 700 ml.,132000,Jagermeister,bebidas-con-alcohol,destilados,https://static.app.biggie.com.py/images/products/4067700014559.jpg,2026-08-22T21:20:04.000000Z
5000265001335,Whisky White Horse Botella de 1.000 ml.,99000,WHITE HORSE,bebidas-con-alcohol,whisky,https://static.app.biggie.com.py/images/products/5000265001335.jpg,2026-08-22T21:20:04.000000Z
50196081,Whisky Black & White 8 Años de 1.000 ml.,74000,Black & White,bebidas-con-alcohol,whisky,https://static.app.biggie.com.py/images/products/50196081.jpg,2026-08-22T21:20:04.000000Z
78400528,Caña Fortín de Añejada Especial de 200 ml.,2450,Fortin,bebidas-con-alcohol,destilados,https://static.app.biggie.com.py/images/products/78400528.jpg,2026-08-22T21:20:04.000000Z
7896037913146,Vino Tinto Quinta Do Morgado Suave de 750 ml.,25250,Quinta Do Morgado,bebidas-con-alcohol,vino-tinto,https://static.app.biggie.com.py/images/products/7896037913146.jpg,2026-08-22T21:20:04.000000Z
5000299606728,Whisky Finest Ballantines Caja Botella de 500 ml,66500,Ballantines,bebidas-con-alcohol,whisky,https://static.app.biggie.com.py/images/products/5000299606728.jpg,2026-08-22T21:20:04.000000Z
7790703100321,Vino Tinto Don Valentin lacrado de 750 ml.,24900,Don Valentin,bebidas-con-alcohol,vino-tinto,https://static.app.biggie.com.py/images/products/7790703100321.jpg,2026-08-22T21:20:04.000000Z
7791203003341,Vino Tinto Finca La Linda Malbec de 750 ml.,59500,Finca La Linda,bebidas-con-alcohol,vino-tinto,https://static.app.biggie.com.py/images/products/7791203003341.jpg,2026-08-22T21:20:04.000000Z
7794450090492,Vino Tinto D. V. catena cabernet malbec de 750 ml.,137500,CATENA ZAPATA,bebidas-con-alcohol,vino-tinto,https://static.app.biggie.com.py/images/products/7794450090492.jpg,2026-08-22T21:20:04.000000Z
7840050002806,Cerveza Pilsen botella retornable de 710 ml.,6500,Pilsen,bebidas-con-alcohol,cerveza,https://static.app.biggie.com.py/images/products/7840050002806.jpg,2026-08-22T21:20:04.000000Z
7842132000250,Cerveza Sajonia Naranjito de 330 ml.,10000,Sajonia,bebidas-con-alcohol,cerveza,https://static.app.biggie.com.py/images/products/7842132000250.jpg,2026-08-22T21:20:04.000000Z
5000291020706,Gin Tanqueray sin caja de 750 ml.,130000,Tanqueray,bebidas-con-alcohol,destilados,https://static.app.biggie.com.py/images/products/5000291020706.jpg,2026-08-22T21:20:04.000000Z
7640175740047,Gin Bombay Sapphire de 750 ml.,145000,Bombay,bebidas-con-alcohol,destilados,https://static.app.biggie.com.py/images/products/7640175740047.jpg,2026-08-22T21:20:04.000000Z
7842132000175,Cerveza Sajonia Pale Ale de 640 ml.,15000,Sajonia,bebidas-con-alcohol,cerveza,https://static.app.biggie.com.py/images/products/7842132000175.jpg,2026-08-22T21:20:04.000000Z
7840138001264,Ron Fortin Coctel Frutos Rojos de 475 ml.,14650,Fortin,bebidas-con-alcohol,destilados,https://static.app.biggie.com.py/images/products/7840138001264.jpg,2026-08-22T21:20:04.000000Z
7798117471242,Vino Tinto Santa Helena Gran Malbec de 750 ml.,29900,Santa Helena,bebidas-con-alcohol,vino-tinto,https://static.app.biggie.com.py/images/products/7798117471242.jpg,2026-08-22T21:20:04.000000Z
7898367983790,Cerveza Eisenbahn Pilsen Lata de 350 ml.,5000,EISENBAHN,bebidas-con-alcohol,cerveza,https://static.app.biggie.com.py/images/products/7898367983790.jpg,2026-08-22T21:20:04.000000Z
7840027340009,Caña Tres Leones Etiqueta Negra de 420 ml.,15450,TRES LEONES,bebidas-con-alcohol,destilados,https://static.app.biggie.com.py/images/products/7840027340009.jpg,2026-08-22T21:20:04.000000Z
7790975204307,Vino Espumante Chandon Delice Rose de 750 ml.,124150,CHANDON,bebidas-con-alcohol,espumantes,https://static.app.biggie.com.py/images/products/7790975204307.jpg,2026-08-22T21:20:04.000000Z
5000289020701,Gin Gordons de 750 ml.,58000,Gordon s,bebidas-con-alcohol,destilados,https://static.app.biggie.com.py/images/products/5000289020701.jpg,2026-08-22T21:20:04.000000Z
7794450000972,Vino Tinto El Enemigo Malbec de 750 ml.,172500,EL ENEMIGO,bebidas-con-alcohol,vino-tinto,https://static.app.biggie.com.py/images/products/7794450000972.jpg,2026-08-22T21:20:04.000000Z
7791250000959,Vino Blanco Los Arboles chardonnay de 750 ml.,45000,Los Arboles,bebidas-con-alcohol,vino-blanco,https://static.app.biggie.com.py/images/products/7791250000959.jpg,2026-08-22T21:20:04.000000Z
7840027210005,Caña Tres Leones de 190 ml.,2450,TRES LEONES,bebidas-con-alcohol,destilados,https://static.app.biggie.com.py/images/products/7840027210005.jpg,2026-08-22T21:20:04.000000Z
7840027320001,Caña Tres Leones Etiqueta Negra de 750 ml.,19300,TRES LEONES,bebidas-con-alcohol,destilados,https://static.app.biggie.com.py/images/products/7840027320001.jpg,2026-08-22T21:20:04.000000Z
7840027040008,Caña Tres Leones de 450 ml.,4650,TRES LEONES,bebidas-con-alcohol,destilados,https://static.app.biggie.com.py/images/products/7840027040008.jpg,2026-08-22T21:20:04.000000Z
7791250000942,Vino Tinto Los Arboles Cabernet Sauvignon de 750 ml.,45000,Los Arboles,bebidas-con-alcohol,vino-tinto,https://static.app.biggie.com.py/images/products/7791250000942.jpg,2026-08-22T21:20:04.000000Z
7840050003230,Cerveza Ouro Fino Botella Retornable de 340 ml.,2500,Ouro Fino,bebidas-con-alcohol,cerveza,https://static.app.biggie.com.py/images/products/7840050003230.jpg,2026-08-22T21:20:04.000000Z
7840138000281,Ron Fortin Coconut de 750 ml.,18700,Fortin,bebidas-con-alcohol,destilados,https://static.app.biggie.com.py/images/products/7840138000281.jpg,2026-08-22T21:20:04.000000Z
8412598005893,Cerveza Estrella Galicia Especial sin Gluten de 330 ml.,16900,Estrella Galicia,bebidas-con-alcohol,cerveza,https://static.app.biggie.com.py/images/products/8412598005893-34039106.jpg,2026-08-22T21:20:04.000000Z
7790415126022,Vino Tinto Escorihuela Gascon Malbec de 750 ml.,91000,ESCORIHUELA GASCON,bebidas-con-alcohol,vino-tinto,https://static.app.biggie.com.py/images/products/7790415126022.jpg,2026-08-22T21:20:04.000000Z
7840050006200,Cerveza Bud 66 Cadillac de 550 ml.,11000,Budweiser,bebidas-con-alcohol,cerveza,https://static.app.biggie.com.py/images/products/7840050006200.jpg,2026-08-22T21:20:04.000000Z
7898953990218,Cerveza Estrella Galicia Premium Lager de 600 ml.,15500,Estrella Galicia,bebidas-con-alcohol,cerveza,https://static.app.biggie.com.py/images/products/7898953990218-28616153.jpg,2026-08-22T21:20:04.000000Z
7790036046327,Vino Tinto Uvita tetra de 1.000 ml.,19600,Uvita,bebidas-con-alcohol,vino-tinto,https://static.app.biggie.com.py/images/products/7790036046327.jpg,2026-08-22T21:20:04.000000Z
8437004142115,Gin Puerto de Indias Strawberry de 700 ml.,165800,PUERTO DE INDIAS,bebidas-con-alcohol,destilados,https://static.app.biggie.com.py/images/products/8437004142115-1.jpg,2026-08-22T21:20:04.000000Z
4067700014535,Licor Jagermeister de 1.000 ml.,162500,Jagermeister,bebidas-con-alcohol,destilados,https://static.app.biggie.com.py/images/products/4067700014535.jpg,2026-08-22T21:20:04.000000Z
8410384012087,Vino Espumante Freixenet Mía Pink moscato delicate and sweeet 750 ml.,85000,Freixenet,bebidas-con-alcohol,espumantes,https://static.app.biggie.com.py/images/products/8410384012087.jpg,2026-08-22T21:20:04.000000Z
7794450000149,Vino Tinto Nicasia Vineyarsd red blend Malbec de 750 ml.,93500,Nicasia,bebidas-con-alcohol,vino-tinto,https://static.app.biggie.com.py/images/products/7794450000149.jpg,2026-08-22T21:20:04.000000Z
7790577002141,Vino Tinto Trumperter Cabernet Sauvignon de 750 ml.,70000,TRUMPETER,bebidas-con-alcohol,vino-tinto,https://static.app.biggie.com.py/images/products/7790577002141.jpg,2026-08-22T21:20:04.000000Z
7893218000473,Smirnoff Red de 1.000 ml.,54900,Smirnoff,bebidas-con-alcohol,destilados,https://static.app.biggie.com.py/images/products/7893218000473.jpg,2026-08-22T21:20:04.000000Z
7840050003803,Cerveza Budweiser Roja Lata de 269 ml.,3750,Budweiser,bebidas-con-alcohol,cerveza,https://static.app.biggie.com.py/images/products/7840050003803.jpg,2026-08-22T21:20:04.000000Z
7840050002783,Cerveza Pilsen Botella Retornable de 340 ml.,3000,Pilsen,bebidas-con-alcohol,cerveza,https://static.app.biggie.com.py/images/products/7840050002783.jpg,2026-08-22T21:20:04.000000Z
7896780902466,Vino Tinto Cancao Suave de 1.000 ml.,31000,Cancao,bebidas-con-alcohol,vino-tinto,https://static.app.biggie.com.py/images/products/7896780902466.jpg,2026-08-22T21:20:04.000000Z
7840003026156,Aperitivo San Onofre Estuche + Espumante Federico de Alvear x Uni.,90000,San Onofre,bebidas-con-alcohol,destilados,https://static.app.biggie.com.py/images/products/7840003026156.jpg,2026-08-22T21:20:04.000000Z
8008440412195,Cerveza Peroni Lata de 330 ml.,8500,Peroni,bebidas-con-alcohol,cerveza,https://static.app.biggie.com.py/images/products/8008440412195.jpg,2026-08-22T21:20:04.000000Z
7840027000125,Tres Leones Lata Frutos Rojos RTD,4850,TRES LEONES,bebidas-con-alcohol,ready-to-drink,https://static.app.biggie.com.py/images/products/7840027000125.jpg,2026-08-22T21:20:04.000000Z
7790480008926,Vino Espumante Federico de Alvear Rosado Dulce de 750 ml.,40000,Federico de Alvear,bebidas-con-alcohol,vino-espumante,https://static.app.biggie.com.py/images/products/7790480008926.jpg,2026-08-22T21:20:04.000000Z
7840138000021,Caña Fortin 450 de ml.,4500,Fortin,bebidas-con-alcohol,destilados,https://static.app.biggie.com.py/images/products/7840138000021.jpg,2026-08-22T21:20:04.000000Z
7791540043369,Vino Tinto Alma Mora Cabernet Sauv. de 750 ml.,49000,Alma Mora,bebidas-con-alcohol,vino-tinto,https://static.app.biggie.com.py/images/products/7791540043369.jpg,2026-08-22T21:20:04.000000Z
7790480008940,Vino Espumante Federico de Alvear Extra Brut de 750 ml.,40000,Federico de Alvear,bebidas-con-alcohol,vino-espumante,https://static.app.biggie.com.py/images/products/7790480008940.jpg,2026-08-22T21:20:04.000000Z
5010327903101,Whisky Clan Mac Gregor de 1.000 ml.,51500,Clan  Macgregor,bebidas-con-alcohol,whisky,https://static.app.biggie.com.py/images/products/5010327903101.jpg,2026-08-22T21:20:04.000000Z
7790415127777,Vino Tinto Flia. Gascon Malbec de 750 ml.,60000,Gascón,bebidas-con-alcohol,vino-tinto,https://static.app.biggie.com.py/images/products/7790415127777.jpg,2026-08-22T21:20:04.000000Z
7794450008084,Vino Tinto Alamos malbec de 750 ml.,58000,Almos,bebidas-con-alcohol,vino-tinto,https://static.app.biggie.com.py/images/products/7794450008084.jpg,2026-08-22T21:20:04.000000Z
7804300003234,Vino Tinto Santa Helena reservado cabernet sauvignon de 750 ml.,32900,Santa Helena,bebidas-con-alcohol,vino-tinto,https://static.app.biggie.com.py/images/products/7804300003234.jpg,2026-08-22T21:20:04.000000Z
78401037,Caña Fortin Etiqueta Negra Petaca de 200 ml.,4850,Fortin,bebidas-con-alcohol,destilados,https://static.app.biggie.com.py/images/products/78401037.jpg,2026-08-22T21:20:04.000000Z
7802107000562,Cerveza Kunstmann Torobayo Lata de 470 ml.,10000,Kunstmann,bebidas-con-alcohol,cerveza,https://static.app.biggie.com.py/images/products/7802107000562.jpg,2026-08-22T21:20:04.000000Z
7790036047324,Vino Rosado Uvita Tetra de 1.000 ml.,19600,Uvita,bebidas-con-alcohol,vino-rosado,https://static.app.biggie.com.py/images/products/7790036047324.jpg,2026-08-22T21:20:04.000000Z
7840027000118,Tres Leones Lata Pomelo RTD,4850,TRES LEONES,bebidas-con-alcohol,ready-to-drink,https://static.app.biggie.com.py/images/products/7840027000118.jpg,2026-08-22T21:20:04.000000Z
7791203000142,Vino Tinto Luigi Bosca Malbec Doc de 750 ml.,155000,Luigi Bosca,bebidas-con-alcohol,vino-tinto,https://static.app.biggie.com.py/images/products/7791203000142.jpg,2026-08-22T21:20:04.000000Z
080432400432,Whisky Chivas Regal 12 años con caja de 1.000 ml.,218000,Chivas  Regal,bebidas-con-alcohol,whisky,https://static.app.biggie.com.py/images/products/080432400432.jpg,2026-08-22T21:20:04.000000Z
7840027620002,Caña Tres Leones Tubo Premiun 12 años de 750 ml.,52950,TRES LEONES,bebidas-con-alcohol,destilados,https://static.app.biggie.com.py/images/products/7840027620002.jpg,2026-08-22T21:20:04.000000Z
5011007003227,Whisky Jameson de 1.000 ml.,128000,Jameson,bebidas-con-alcohol,whisky,https://static.app.biggie.com.py/images/products/5011007003227.jpg,2026-08-22T21:20:04.000000Z
7798159947989,Vino Tinto Mosquita Muerta Cordero con Piel de Lobo Malbec de 750 ml.,69000,Mosquita Muerta,bebidas-con-alcohol,vino-tinto,https://static.app.biggie.com.py/images/products/7798159947989.jpg,2026-08-22T21:20:04.000000Z
7791203003327,Vino Tinto Finca la Linda Cabernet Sauvignon de 750 ml.,59500,Finca La Linda,bebidas-con-alcohol,vino-tinto,https://static.app.biggie.com.py/images/products/7791203003327.jpg,2026-08-22T21:20:04.000000Z
7840138001516,Ron Fortin Arandano de 450 ml.,15400,Fortin,bebidas-con-alcohol,destilados,https://static.app.biggie.com.py/images/products/7840138001516.jpg,2026-08-22T21:20:04.000000Z
7898367984056,Cerveza Eisenbahn American Ipa Lata de 350 ml.,6250,EISENBAHN,bebidas-con-alcohol,cerveza,https://static.app.biggie.com.py/images/products/7898367984056.jpg,2026-08-22T21:20:04.000000Z
7791250003257,Vino Tinto Navarro Correas Los Arboles Red Blend 750 ml,45000,Navarro Correas,bebidas-con-alcohol,vino-tinto,https://static.app.biggie.com.py/images/products/7791250003257.jpg,2026-08-22T21:20:04.000000Z
7896780900196,Vino Tinto Cancao de 750 ml.,23500,Cancao,bebidas-con-alcohol,vino-tinto,https://static.app.biggie.com.py/images/products/7896780900196-34481651.jpg,2026-08-22T21:20:04.000000Z
7804300123512,Vino Tinto Santa Helena reservado carmenere de 750 ml.,32900,Santa Helena,bebidas-con-alcohol,vino-tinto,https://static.app.biggie.com.py/images/products/7804300123512.jpg,2026-08-22T21:20:04.000000Z
7792798010059,Cerveza Stella Artois Cero Brasil de 330 ml.,7500,Stella Artois,bebidas-con-alcohol,cerveza,https://static.app.biggie.com.py/images/products/7792798010059.jpg,2026-08-22T21:20:04.000000Z
7840025110895,Cerveza Polar Ice Retornable de 970 ml.,7000,Polar,bebidas-con-alcohol,cerveza,https://static.app.biggie.com.py/images/products/7840025110895-33771743.jpg,2026-08-22T21:20:04.000000Z
7896037913719,Suco de uva Quinta Do Morgado de 1.000 ml.,28200,Quinta Do Morgado,bebidas-con-alcohol,vino-tinto,https://static.app.biggie.com.py/images/products/7896037913719-32619634.jpg,2026-08-22T21:20:04.000000Z
7790950140859,Vodka Dr. Lemon Pomelo de 473 ml.,8500,Dr. Lemon,bebidas-con-alcohol,ready-to-drink,https://static.app.biggie.com.py/images/products/7790950140859.jpg,2026-08-22T21:20:04.000000Z
7792410528887,Fernet Capri de 750 ml.,55000,ESPIRITUOSOS,bebidas-con-alcohol,destilados,https://static.app.biggie.com.py/images/products/7792410528887.jpg,2026-08-22T21:20:04.000000Z
7804300120252,Vino Tinto Santa Helena Rosado de 750 ml.,27500,Santa Helena,bebidas-con-alcohol,vino-tinto,https://static.app.biggie.com.py/images/products/7804300120252.jpg,2026-08-22T21:20:04.000000Z
7840027640017,Ron Tres Leones Natural Frutos Rojos de 750 ml.,19550,TRES LEONES,bebidas-con-alcohol,destilados,https://static.app.biggie.com.py/images/products/7840027640017.jpg,2026-08-22T21:20:04.000000Z
7898367984377,Cerveza Eisenbahn Unfiltered Lata de 350 ml.,5000,EISENBAHN,bebidas-con-alcohol,cerveza,https://static.app.biggie.com.py/images/products/7898367984377.jpg,2026-08-22T21:20:04.000000Z
8412598001659,Cerveza Estrella Galicia sin alcohol de 250 ml.,12500,Estrella Galicia,bebidas-con-alcohol,cerveza,https://static.app.biggie.com.py/images/products/8412598001659.jpg,2026-08-22T21:20:04.000000Z
7893218002576,Smirnoff red XXI de 600 ml.,36500,Smirnoff,bebidas-con-alcohol,destilados,https://static.app.biggie.com.py/images/products/7893218002576.jpg,2026-08-22T21:20:04.000000Z
7793440702940,Vino Tinto Benjamin Nieto Senetiner malbec de 750 ml.,47000,BENJAMIN NIETO,bebidas-con-alcohol,vino-tinto,https://static.app.biggie.com.py/images/products/7793440702940.jpg,2026-08-22T21:20:04.000000Z
7840138000038,Caña Fortín Etiqueta Negra de 750 ml.,18100,Fortin,bebidas-con-alcohol,destilados,https://static.app.biggie.com.py/images/products/7840138000038.jpg,2026-08-22T21:20:04.000000Z
8437004142122,Gin Puerto de Indias Clasico Celeste de 700 ml.,128250,PUERTO DE INDIAS,bebidas-con-alcohol,destilados,https://static.app.biggie.com.py/images/products/8437004142122-1.jpg,2026-08-22T21:20:04.000000Z
7790649000112,Vino Tinto Navarro Correas malbec reserva selección parcelas 750 ml.,105000,Navarro Correas,bebidas-con-alcohol,vino-tinto,https://static.app.biggie.com.py/images/products/7790649000112.jpg,2026-08-22T21:20:04.000000Z
7791540092565,Vino Blanco Alma Mora Pinot Griogio de 750 ml.,49000,Alma Mora,bebidas-con-alcohol,vino-blanco,https://static.app.biggie.com.py/images/products/7791540092565.jpg,2026-08-22T21:20:04.000000Z
7790480001415,Vino Espumante Federico de Alvear Demi Sec de 750 ml.,40000,Federico de Alvear,bebidas-con-alcohol,vino-espumante,https://static.app.biggie.com.py/images/products/7790480001415.jpg,2026-08-22T21:20:04.000000Z
7791540049347,Vino Tinto Los Intocables Malbec de 750 ml.,90000,Finca Las Moras,bebidas-con-alcohol,vino-tinto,https://static.app.biggie.com.py/images/products/7791540049347.jpg,2026-08-22T21:20:04.000000Z
7840138000144,Ron Fortin Limon de 750 ml.,18700,Fortin,bebidas-con-alcohol,destilados,https://static.app.biggie.com.py/images/products/7840138000144.jpg,2026-08-22T21:20:04.000000Z
7791250001680,Vino Tinto Navarro Correas colección privada cabernet sauvignon 750 ml.,80000,Navarro Correas,bebidas-con-alcohol,vino-tinto,https://static.app.biggie.com.py/images/products/7791250001680.jpg,2026-08-22T21:20:04.000000Z
7790577001700,Vino Blanco Rutini sauvignon blanc de 750 ml.,112500,Rutini,bebidas-con-alcohol,vino-blanco,https://static.app.biggie.com.py/images/products/7790577001700.jpg,2026-08-22T21:20:04.000000Z
7898953990027,Cerveza Estrella Galicia Lata de 269 ml.,6150,Estrella Galicia,bebidas-con-alcohol,cerveza,https://static.app.biggie.com.py/images/products/7898953990027.jpg,2026-08-22T21:20:04.000000Z
7791540126215,Vino Tinto Finca La Escondida cabernet sauvignon de 750 ml.,45000,LA ESCONDIDA,bebidas-con-alcohol,vino-tinto,https://static.app.biggie.com.py/images/products/7791540126215.jpg,2026-08-22T21:20:04.000000Z
7840027000675,Ron Tres Leones Añejo Reserva Fundador de 720 ml.,36150,TRES LEONES,bebidas-con-alcohol,destilados,https://static.app.biggie.com.py/images/products/7840027000675.jpg,2026-08-22T21:20:04.000000Z
7794450008282,Vino Tinto Angelica Zapata alta cabernet sauvignon de 750 ml.,237500,ANGELICA ZAPATA,bebidas-con-alcohol,vino-tinto,https://static.app.biggie.com.py/images/products/7794450008282.jpg,2026-08-22T21:20:04.000000Z
7840050009805,Cerveza Pilsen Albirroja de 600 ml,9000,Pilsen,bebidas-con-alcohol,cerveza,https://static.app.biggie.com.py/images/products/7840050009805.jpg,2026-08-22T21:20:04.000000Z
7896037916338,Whisky Black Stone de 1.000 ml.,27650,BLACK STONE,bebidas-con-alcohol,whisky,https://static.app.biggie.com.py/images/products/7896037916338.jpg,2026-08-22T21:20:04.000000Z
7798159948856,Vino Tinto Mosquita Muerta Cordero con Piel de Lobo Cabernet Sauvignon de 750 ml.,69000,Mosquita Muerta,bebidas-con-alcohol,vino-tinto,https://static.app.biggie.com.py/images/products/7798159948856.jpg,2026-08-22T21:20:04.000000Z
7794450002679,Vino Tinto Saint Felicien Cabernet Franc de 750 ml.,105000,Saint Felicien,bebidas-con-alcohol,vino-tinto,https://static.app.biggie.com.py/images/products/7794450002679.jpg,2026-08-22T21:20:04.000000Z
7798126080626,Vino Tinto Alma Negra Bonarda/Malbec de 750 ml.,137500,ALMA NEGRA,bebidas-con-alcohol,vino-tinto,https://static.app.biggie.com.py/images/products/7798126080626.jpg,2026-08-22T21:20:04.000000Z
7791540127168,Vino Tinto Finca Las Moras varietal Malbec de 750 ml.,35000,Finca Las Moras,bebidas-con-alcohol,vino-tinto,https://static.app.biggie.com.py/images/products/7791540127168.jpg,2026-08-22T21:20:04.000000Z
7840138000137,Caña Fortin etiqueta negra de 475 ml.,14550,Fortin,bebidas-con-alcohol,destilados,https://static.app.biggie.com.py/images/products/7840138000137.jpg,2026-08-22T21:20:04.000000Z
7804305002041,Vino Tinto Don Luis cabernet sauvignon de 750 ml.,52500,Cousiño Macul,bebidas-con-alcohol,vino-tinto,https://static.app.biggie.com.py/images/products/7804305002041.jpg,2026-08-22T21:20:04.000000Z
7898367984070,Cerveza Eisenbahn Pale Ale Lata de 350 ml.,6200,EISENBAHN,bebidas-con-alcohol,cerveza,https://static.app.biggie.com.py/images/products/7898367984070.jpg,2026-08-22T21:20:04.000000Z
5000281004020,Whisky Old Parr 12 años con caja de 1.000 ml.,235000,Old Par,bebidas-con-alcohol,whisky,https://static.app.biggie.com.py/images/products/5000281004020.jpg,2026-08-22T21:20:04.000000Z
7790975198699,Vino Espumante Chandon brut nature de 750 ml.,179750,CHANDON,bebidas-con-alcohol,espumantes,https://static.app.biggie.com.py/images/products/7790975198699.jpg,2026-08-22T21:20:04.000000Z
7794450008053,Vino Tinto Catena Malbec de 750 ml.,130000,CATENA ZAPATA,bebidas-con-alcohol,vino-tinto,https://static.app.biggie.com.py/images/products/7794450008053.jpg,2026-08-22T21:20:04.000000Z
7793440000619,Vino Blanco Benjamin Nieto tardio de 750 ml.,47000,BENJAMIN NIETO,bebidas-con-alcohol,vino-blanco,https://static.app.biggie.com.py/images/products/7793440000619.jpg,2026-08-22T21:20:04.000000Z
7791728000139,Vino Blanco Santa Julia Sauvingnon de 750 ml.,65000,Santa Julia,bebidas-con-alcohol,vino-blanco,https://static.app.biggie.com.py/images/products/7791728000139.jpg,2026-08-22T21:20:04.000000Z
7898367984285,Cerveza Eisenbahn Pilsen Lata 269 ml,4500,EISENBAHN,bebidas-con-alcohol,cerveza,https://static.app.biggie.com.py/images/products/7898367984285.jpg,2026-08-22T21:20:04.000000Z
7840138000199,Caña Fortin etiqueta blanca de 750 ml.,18700,Fortin,bebidas-con-alcohol,destilados,https://static.app.biggie.com.py/images/products/7840138000199.jpg,2026-08-22T21:20:04.000000Z
7840025000196,Cerveza Munich Chopp Ultra Barrilito de 5.000 ml + Vaso de Regalo.,150000,MUNICH,bebidas-con-alcohol,cerveza,https://static.app.biggie.com.py/images/products/7840025000196.jpg,2026-08-22T21:20:04.000000Z
7793440000046,Vino tinto Nieto Sentiner reserva malbec de 750 ml.,80000,NIETO SENETINER,bebidas-con-alcohol,vino-tinto,https://static.app.biggie.com.py/images/products/7793440000046.jpg,2026-08-22T21:20:04.000000Z
7809623806463,vino Tinto Indomita Varietal Malbec de 750 ml.,31500,Indomita,bebidas-con-alcohol,vino-tinto,https://static.app.biggie.com.py/images/products/7809623806463.jpg,2026-08-22T21:20:04.000000Z
7791540090066,Vino Tinto Finca Las Moras Reserva Malbec de 750 ml.,49000,Finca Las Moras,bebidas-con-alcohol,vino-tinto,https://static.app.biggie.com.py/images/products/7791540090066.jpg,2026-08-22T21:20:04.000000Z
7840050006491,Cerveza Antartica Original Lata de 269 ml.,3750,Antarctica,bebidas-con-alcohol,cerveza,https://static.app.biggie.com.py/images/products/7840050006491.jpg,2026-08-22T21:20:04.000000Z
7840027000651,Ron RTD Piña Colada Lata de 269 ml.,4500,TRES LEONES,bebidas-con-alcohol,ready-to-drink,https://static.app.biggie.com.py/images/products/7840027000651.jpg,2026-08-22T21:20:04.000000Z
6001495062508,Licor Amarula crema 750 ml.,104700,AMARULA,bebidas-con-alcohol,destilados,https://static.app.biggie.com.py/images/products/6001495062508.jpg,2026-08-22T21:20:04.000000Z
7896100504592,Vino Tinto Grand Vinito Tetra de 1.000 ml.,14900,Vinito,bebidas-con-alcohol,vino-tinto,https://static.app.biggie.com.py/images/products/7896100504592.jpg,2026-08-22T21:20:04.000000Z
7791250001857,Smirnoff Green Apple de 700 ml,54900,Smirnoff,bebidas-con-alcohol,vodka,https://static.app.biggie.com.py/images/products/7791250001857.jpg,2026-08-22T21:20:04.000000Z
7791203001248,Vino Tinto Luigi Bosca cabernet sauvignon de 750 ml.,105500,Luigi Bosca,bebidas-con-alcohol,vino-tinto,https://static.app.biggie.com.py/images/products/7791203001248.jpg,2026-08-22T21:20:04.000000Z
7790950144055,Vodka Dr. Lemon Mojito Sin Tacc de 473 ml.,8500,Dr. Lemon,bebidas-con-alcohol,ready-to-drink,https://static.app.biggie.com.py/images/products/7790950144055.jpg,2026-08-22T21:20:04.000000Z
7804300120573,Vino Blanco Santa Helena Gran Vino de 1.500 ml.,51500,Santa Helena,bebidas-con-alcohol,vino-blanco,,2026-08-22T21:20:04.000000Z
5000289929417,Gin Gordon's Premium Pink de 700 ml.,64800,Gordon s,bebidas-con-alcohol,destilados,https://static.app.biggie.com.py/images/products/5000289929417.jpg,2026-08-22T21:20:04.000000Z
7809623800485,Vino Tinto Indomita cabernet sauvignon de 750 ml.,31500,Indomita,bebidas-con-alcohol,vino-tinto,https://static.app.biggie.com.py/images/products/7809623800485.jpg,2026-08-22T21:20:04.000000Z
7840029867825,Caña Old Tradi Etiqueta Negra de 200 ml.,6500,OLD,bebidas-con-alcohol,destilados,https://static.app.biggie.com.py/images/products/7840029867825-32621088.jpg,2026-08-22T21:20:04.000000Z
7840003025876,Aperitivo San Onofre Spritz de 750 ml.,52000,San Onofre,bebidas-con-alcohol,destilados,https://static.app.biggie.com.py/images/products/7840003025876.jpg,2026-08-22T21:20:04.000000Z
7896050200131,Cachaza Velho Barreiro Tradicional de 910 ml.,34700,Velho Barreiro,bebidas-con-alcohol,destilados,https://static.app.biggie.com.py/images/products/7896050200131.jpg,2026-08-22T21:20:04.000000Z
7791540127106,Vino Tinto Las Moras varietal cabernet sauvignon de 750 ml.,35000,Finca Las Moras,bebidas-con-alcohol,vino-tinto,https://static.app.biggie.com.py/images/products/7791540127106.jpg,2026-08-22T21:20:04.000000Z
7790240017045,Vino Tinto Trapiche Malbec de 750 ml.,39000,TRAPICHE,bebidas-con-alcohol,vino-tinto,https://static.app.biggie.com.py/images/products/7790240017045.jpg,2026-08-22T21:20:04.000000Z
7840138000014,Caña Añejada Especial Fortin de 930 ml.,7850,Fortin,bebidas-con-alcohol,destilados,https://static.app.biggie.com.py/images/products/7840138000014-32607021.jpg,2026-08-22T21:20:04.000000Z
7790070840271,Vino Tinto Nieto Senetiner Camila Malbec de 750 ml.,65000,NIETO SENETINER,bebidas-con-alcohol,vino-tinto,https://static.app.biggie.com.py/images/products/7790070840271.jpg,2026-08-22T21:20:04.000000Z
7804300121846,Vino Tinto Santa Helena reservado merlot de 750 ml.,32900,Santa Helena,bebidas-con-alcohol,vino-tinto,https://static.app.biggie.com.py/images/products/7804300121846.jpg,2026-08-22T21:20:04.000000Z
7840050010023,Cerveza Pilsen Edicion Limitada Albirroja Retornable de 710 ml.,6500,Pilsen,bebidas-con-alcohol,cerveza,,2026-08-22T21:20:04.000000Z
7840025110987,Cerveza Munich Chopp Barril de 5.000 ml.,130000,MUNICH,bebidas-con-alcohol,cerveza,https://static.app.biggie.com.py/images/products/7840025110987.jpg,2026-08-22T21:20:04.000000Z
7790950144758,Gin Tonic Dr. Lemon de 473 ml.,8500,Dr. Lemon,bebidas-con-alcohol,destilados,https://static.app.biggie.com.py/images/products/7790950144758.jpg,2026-08-22T21:20:04.000000Z
8410036002015,Vino Espumante Freixenet carta nevada semi seco de 750 ml.,113000,Freixenet,bebidas-con-alcohol,espumantes,https://static.app.biggie.com.py/images/products/8410036002015.jpg,2026-08-22T21:20:04.000000Z
77906106,Whisky The Breeders Choice de 195 ml.,22500,THE BREEDERS CHOICE,bebidas-con-alcohol,whisky,https://static.app.biggie.com.py/images/products/77906106.jpg,2026-08-22T21:20:04.000000Z
7791728021301,Vino Tinto Zuccardi Seria A Malbec de 750 ml.,120000,ZUCCARDI,bebidas-con-alcohol,vino-tinto,https://static.app.biggie.com.py/images/products/7791728021301.jpg,2026-08-22T21:20:04.000000Z
7804305002010,Vino Tinto Cousiño Macul reserva cabernet sauvignon de 750 ml.,92500,Cousiño Macul,bebidas-con-alcohol,vino-tinto,https://static.app.biggie.com.py/images/products/7804305002010.jpg,2026-08-22T21:20:04.000000Z
7790950202823,Vodka Dr. Lemon Lata de 473 ml.,8500,Dr. Lemon,bebidas-con-alcohol,ready-to-drink,https://static.app.biggie.com.py/images/products/7790950202823.jpg,2026-08-22T21:20:04.000000Z
7798081667481,Vino Tinto Santa Helena Reservado Malbec de 750 ml.,32900,Santa Helena,bebidas-con-alcohol,vino-tinto,https://static.app.biggie.com.py/images/products/7798081667481.jpg,2026-08-22T21:20:04.000000Z
7790480001613,Whisky The Breeders Choice de 1.000 ml.,68750,THE BREEDERS CHOICE,bebidas-con-alcohol,whisky,https://static.app.biggie.com.py/images/products/7790480001613.jpg,2026-08-22T21:20:04.000000Z
7840050009379,Cerveza Pilsen Edicion Limitada Albirroja Retornable de 340 ml.,3000,Pilsen,bebidas-con-alcohol,cerveza,https://static.app.biggie.com.py/images/products/7840050009379.jpg,2026-08-22T21:20:04.000000Z
8004747004057,Licor Rossi Limoncello Italiano 700 ml.,98900,LIMONCELLO,bebidas-con-alcohol,destilados,https://static.app.biggie.com.py/images/products/8004747004057.jpg,2026-08-22T21:20:04.000000Z
7791250001697,Vino Tinto Navarro Correas merlot Malbec cabernet coleccion privada de 750 ml.,80000,Navarro Correas,bebidas-con-alcohol,vino-tinto,https://static.app.biggie.com.py/images/products/7791250001697.jpg,2026-08-22T21:20:04.000000Z
7791250001871,Smirnoff Raspberry de 700ml,54900,Smirnoff,bebidas-con-alcohol,vodka,https://static.app.biggie.com.py/images/products/7791250001871.jpg,2026-08-22T21:20:04.000000Z
7804320306322,Vino Blanco Emiliana Abode Reserva Sauvignon de 750 ml.,49000,Emiliana,bebidas-con-alcohol,vino-blanco,https://static.app.biggie.com.py/images/products/7804320306322.jpg,2026-08-22T21:20:04.000000Z
7896037918646,Gin Rocks Strawberry de 1.000 ml,45500,ROCK S,bebidas-con-alcohol,destilados,https://static.app.biggie.com.py/images/products/7896037918646.jpg,2026-08-22T21:20:04.000000Z
7896045503414,Cerveza Kaiser en Lata de 473 ml.,4650,Kaiser,bebidas-con-alcohol,cerveza,https://static.app.biggie.com.py/images/products/7896045503414.jpg,2026-08-22T21:20:04.000000Z
8437004142139,Gin Puerto de Indias Blackberry de 700 ml.,165800,PUERTO DE INDIAS,bebidas-con-alcohol,destilados,https://static.app.biggie.com.py/images/products/8437004142139.jpg,2026-08-22T21:20:04.000000Z
7790950145274,Gin Dr. Lemon Tropical Lata de 473 ml.,8500,Dr. Lemon,bebidas-con-alcohol,destilados,https://static.app.biggie.com.py/images/products/7790950145274.jpg,2026-08-22T21:20:04.000000Z
7794450000156,Vino Tinto Nicasia Vineyarsd Red blend cabernet franc de 750 ml.,93500,Nicasia,bebidas-con-alcohol,vino-tinto,https://static.app.biggie.com.py/images/products/7794450000156.jpg,2026-08-22T21:20:04.000000Z
7794450090515,Vino Tinto D.V.Catena Syrah/Syrah de 750 ml.,137500,CATENA ZAPATA,bebidas-con-alcohol,vino-tinto,https://static.app.biggie.com.py/images/products/7794450090515.jpg,2026-08-22T21:20:04.000000Z
7790975000190,Vino Espumante Chandon demi sec 750 ml.,127300,CHANDON,bebidas-con-alcohol,espumantes,https://static.app.biggie.com.py/images/products/7790975000190.jpg,2026-08-22T21:20:04.000000Z
7898367980010,Cerveza Eisenbahn Pilsen Botella de 355 ml.,6550,EISENBAHN,bebidas-con-alcohol,cerveza,https://static.app.biggie.com.py/images/products/7898367980010.jpg,2026-08-22T21:20:04.000000Z
7809623800591,Vino Tinto Indomita Carmenere de 750 ml.,31500,Indomita,bebidas-con-alcohol,vino-tinto,https://static.app.biggie.com.py/images/products/7809623800591.jpg,2026-08-22T21:20:04.000000Z
7790950146837,Aperitivo Gancia de 950 ml.,37900,GANCIA,bebidas-con-alcohol,destilados,https://static.app.biggie.com.py/images/products/7790950146837.jpg,2026-08-22T21:20:04.000000Z
7790649000136,Vino Tinto Navarro Correas reserva cabernet sauvignon seleccion de parcelas de 750 ml.,105000,Navarro Correas,bebidas-con-alcohol,vino-tinto,https://static.app.biggie.com.py/images/products/7790649000136.jpg,2026-08-22T21:20:04.000000Z
7501035010109,Tequila Jose Cuervo Gold de 750 ml.,109000,Jose Cuervo,bebidas-con-alcohol,destilados,https://static.app.biggie.com.py/images/products/7501035010109.jpg,2026-08-22T21:20:04.000000Z
7840185788125,Caña Old Tradi Carta Blanca de 420 ml.,13500,OLD,bebidas-con-alcohol,destilados,https://static.app.biggie.com.py/images/products/7840185788125.jpg,2026-08-22T21:20:04.000000Z
7790415129795,Vino Tinto Escorihuela Gascon Sangiovese 2006 de 750 ml.,91000,ESCORIHUELA GASCON,bebidas-con-alcohol,vino-tinto,https://static.app.biggie.com.py/images/products/7790415129795.jpg,2026-08-22T21:20:04.000000Z
7840138001189,Ron Fortin Coco de 475 ml.,14500,Fortin,bebidas-con-alcohol,destilados,https://static.app.biggie.com.py/images/products/7840138001189-33861109.jpg,2026-08-22T21:20:04.000000Z
7791540049354,Vino Tinto Los Intocables Carbernet Sauvinog.,90000,Sin Marca,bebidas-con-alcohol,vino-tinto,https://static.app.biggie.com.py/images/products/7791540049354.jpg,2026-08-22T21:20:04.000000Z
5000267114279,Whisky Johnnie Walker Blue Label 750 ml.,1973000,Johnnie Walker,bebidas-con-alcohol,whisky,https://static.app.biggie.com.py/images/products/5000267114279.jpg,2026-08-22T21:20:04.000000Z
7840029868495,Caña Old Tradi Carta de Plata Botella de 750 ml.,17200,OLD,bebidas-con-alcohol,destilados,https://static.app.biggie.com.py/images/products/7840029868495.jpg,2026-08-22T21:20:04.000000Z
8000040002509,Licor Campari Bitter Italiana de 750 ml.,133750,Campari,bebidas-con-alcohol,destilados,https://static.app.biggie.com.py/images/products/8000040002509.jpg,2026-08-22T21:20:04.000000Z
7896045506293,Cerveza Kaiser Ultra Cero de 350 ml.,3750,Kaiser,bebidas-con-alcohol,cerveza,https://static.app.biggie.com.py/images/products/7896045506293.jpg,2026-08-22T21:20:04.000000Z
7791728005165,Vino Tinto Dulce Santa Julia de 750 ml.,72000,Santa Julia,bebidas-con-alcohol,vino-tinto,https://static.app.biggie.com.py/images/products/7791728005165.jpg,2026-08-22T21:20:04.000000Z
5010327907246,Whisky Clan Macgregor Petaca de 350 ml.,20000,Clan  Macgregor,bebidas-con-alcohol,whisky,https://static.app.biggie.com.py/images/products/5010327907246.jpg,2026-08-22T21:20:04.000000Z
7791728001686,Vino Blanco Santa Julia Tardio de 500 ml.,89000,Santa Julia,bebidas-con-alcohol,vino-blanco,https://static.app.biggie.com.py/images/products/7791728001686.jpg,2026-08-22T21:20:04.000000Z
7790950144550,Vodka Dr. Lemon Black Cherry Lata de 473 ml.,8500,Dr. Lemon,bebidas-con-alcohol,ready-to-drink,https://static.app.biggie.com.py/images/products/7790950144550.jpg,2026-08-22T21:20:04.000000Z
7791728000160,Vino Tinto Santa Julia Malbec de 750 ml.,65000,Santa Julia,bebidas-con-alcohol,vino-tinto,https://static.app.biggie.com.py/images/products/7791728000160.jpg,2026-08-22T21:20:04.000000Z
7896037913177,Vino Suave Quinta Do Morgado 245 ml.,15500,Quinta Do Morgado,bebidas-con-alcohol,vino-tinto,https://static.app.biggie.com.py/images/products/7896037913177.jpg,2026-08-22T21:20:04.000000Z
7840027006189,Ron Tres Leones Natural Limon de 750 ml.,19550,TRES LEONES,bebidas-con-alcohol,destilados,https://static.app.biggie.com.py/images/products/7840027006189.jpg,2026-08-22T21:20:04.000000Z
7896045506255,Cerveza Kaiser Ultra Cero de 269 ml.,3250,Kaiser,bebidas-con-alcohol,cerveza,https://static.app.biggie.com.py/images/products/7896045506255.jpg,2026-08-22T21:20:04.000000Z
7790290008192,Vemut Carpano Rosso Botella de 950 ml.,59500,CARPANO,bebidas-con-alcohol,destilados,https://static.app.biggie.com.py/images/products/7790290008192.jpg,2026-08-22T21:20:04.000000Z
7840027000477,Ron Tres Leones Frutos Rojos de 420 ml.,15550,TRES LEONES,bebidas-con-alcohol,destilados,https://static.app.biggie.com.py/images/products/7840027000477.jpg,2026-08-22T21:20:04.000000Z
7896050200278,Cachaza Velho Barreiro Botella de 600 ml.,27100,Velho Barreiro,bebidas-con-alcohol,destilados,https://static.app.biggie.com.py/images/products/7896050200278.jpg,2026-08-22T21:20:04.000000Z
7896072902921,Vino Tinto Suave Dom Bosco de 750 ml.,19350,DOM BOSCO,bebidas-con-alcohol,vino-tinto,https://static.app.biggie.com.py/images/products/7896072902921.jpg,2026-08-22T21:20:04.000000Z
7840027010001,Caña Tres Leones Especial Botella de 920 ml.,8200,TRES LEONES,bebidas-con-alcohol,destilados,https://static.app.biggie.com.py/images/products/7840027010001.jpg,2026-08-22T21:20:04.000000Z
7840003023155,Caña San Onofre Etiqueta Roja de200 ml.,1800,San Onofre,bebidas-con-alcohol,cana-y-ron,https://static.app.biggie.com.py/images/products/7840003023155.jpg,2026-08-22T21:20:04.000000Z
8410384003016,Vino Espumante Frixenet Blanco 0.0 de 750 ml.,113000,Freixenet,bebidas-con-alcohol,vino-espumante,https://static.app.biggie.com.py/images/products/8410384003016.jpg,2026-08-22T21:20:04.000000Z
7791540044519,Vino Tinto Dada Nro 2 Melot de 750 ml.,49000,Finca Las Moras,bebidas-con-alcohol,vino-tinto,https://static.app.biggie.com.py/images/products/7791540044519.jpg,2026-08-22T21:20:04.000000Z
7791540044502,Vino Tinto Dada de Fica Las Moras Malbec Bonarda de 750 ml.,49000,Finca Las Moras,bebidas-con-alcohol,vino-tinto,https://static.app.biggie.com.py/images/products/7791540044502.jpg,2026-08-22T21:20:04.000000Z
7840027000699,Ron Tres Leones Natural Arandanos de 750 ml.,19000,TRES LEONES,bebidas-con-alcohol,destilados,https://static.app.biggie.com.py/images/products/7840027000699.jpg,2026-08-22T21:20:04.000000Z
7791728001075,Vino Tinto Zuccardi reserve Malbec de 750 ml.,175000,ZUCCARDI,bebidas-con-alcohol,vino-tinto,https://static.app.biggie.com.py/images/products/7791728001075.jpg,2026-08-22T21:20:04.000000Z
5000299618073,Gin Beefeater Pink de 750 ml.,124000,BEEFEATER,bebidas-con-alcohol,destilados,https://static.app.biggie.com.py/images/products/5000299618073.jpg,2026-08-22T21:20:04.000000Z
7312040017010,Vodka Absolut Normal de 750 ml.,119000,Absolut,bebidas-con-alcohol,destilados,https://static.app.biggie.com.py/images/products/7312040017010-32935058.jpg,2026-08-22T21:20:04.000000Z
7791670027710,Vino Espumante Federico de Alvear Spritz de 750 ml.,47000,Federico de Alvear,bebidas-con-alcohol,vino-espumante,https://static.app.biggie.com.py/images/products/7791670027710.jpg,2026-08-22T21:20:04.000000Z
7840027640079,Ron Tres Leones Fuego de 750 ml.,19000,TRES LEONES,bebidas-con-alcohol,destilados,https://static.app.biggie.com.py/images/products/7840027640079.jpg,2026-08-22T21:20:04.000000Z
7794450003645,Vino Tinto El Enemigo Cabernet Franc de 750 ml.,172500,EL ENEMIGO,bebidas-con-alcohol,vino-tinto,https://static.app.biggie.com.py/images/products/7794450003645.jpg,2026-08-22T21:20:04.000000Z
7840138000762,Ron Fortin Edicion Especial Etiqueta Negra Botella.,33000,Fortin,bebidas-con-alcohol,destilados,https://static.app.biggie.com.py/images/products/7840138000762.jpg,2026-08-22T21:20:04.000000Z
7896037916123,Gin Rocks Clasico de 1.000 ml,43000,ROCK S,bebidas-con-alcohol,destilados,https://static.app.biggie.com.py/images/products/7896037916123.jpg,2026-08-22T21:20:04.000000Z
7790762050124,Vino Tinto La Mascota malbec de 750 ml.,120000,La Mascota,bebidas-con-alcohol,vino-tinto,https://static.app.biggie.com.py/images/products/7790762050124.jpg,2026-08-22T21:20:04.000000Z
7791728002690,Vino tinto Alambrado zuccardi malbec de 750 ml.,99000,ALAMBRADO,bebidas-con-alcohol,vino-tinto,https://static.app.biggie.com.py/images/products/7791728002690.jpg,2026-08-22T21:20:04.000000Z
7840138001172,Ron Fortin Limon de 475 ml.,14500,Fortin,bebidas-con-alcohol,destilados,https://static.app.biggie.com.py/images/products/7840138001172-33861111.jpg,2026-08-22T21:20:04.000000Z
7794450090102,Vino Tinto D. V. Catena Cabernet 750 ml.,237500,CATENA ZAPATA,bebidas-con-alcohol,vino-tinto,https://static.app.biggie.com.py/images/products/7794450090102.jpg,2026-08-22T21:20:04.000000Z
7840027640024,Ron Tres Leones Natural Coco de 750 ml.,19550,TRES LEONES,bebidas-con-alcohol,destilados,https://static.app.biggie.com.py/images/products/7840027640024.jpg,2026-08-22T21:20:04.000000Z
5000299225028,Whisky Chivas Regal 18 Años de 750 ml.,695000,Chivas  Regal,bebidas-con-alcohol,whisky,https://static.app.biggie.com.py/images/products/5000299225028.jpg,2026-08-22T21:20:04.000000Z
7794450008077,Vino Blanco Alamos Chardonnay de 750 ml.,58000,ALAMOS,bebidas-con-alcohol,vino-blanco,https://static.app.biggie.com.py/images/products/7794450008077.jpg,2026-08-22T21:20:04.000000Z
7790950142921,Aperitivo Gancia Lima Limon Lata 473 ml.,8500,GANCIA,bebidas-con-alcohol,aperitivos,https://static.app.biggie.com.py/images/products/7790950142921.jpg,2026-08-22T21:20:04.000000Z
7791670027734,Vino Espumante Federico de Alvear Strawberry de 750 ml.,47000,Federico de Alvear,bebidas-con-alcohol,vino-espumante,https://static.app.biggie.com.py/images/products/7791670027734.jpg,2026-08-22T21:20:04.000000Z
7640175742522,Gin Bombay Bramble de 750 ml.,145000,Bombay,bebidas-con-alcohol,destilados,https://static.app.biggie.com.py/images/products/7640175742522-31105906.jpg,2026-08-22T21:20:04.000000Z
7790577001151,Vino Tinto Rutini Malbec de 750 ml.,242500,Rutini,bebidas-con-alcohol,vino-tinto,https://static.app.biggie.com.py/images/products/7790577001151.jpg,2026-08-22T21:20:04.000000Z
7840003023131,Caña San Onofre Etiqueta Negra de 200 ml.,3800,San Onofre,bebidas-con-alcohol,cana-y-ron,https://static.app.biggie.com.py/images/products/7840003023131.jpg,2026-08-22T21:20:04.000000Z
7790950148107,Vodka Dr. Lemon Spicy + Ginger Ale de 473 ml.,8500,Dr. Lemon,bebidas-con-alcohol,ready-to-drink,https://static.app.biggie.com.py/images/products/7790950148107.jpg,2026-08-22T21:20:04.000000Z
7790950144826,Vodka Gancia Hibiscus Lata de 473ml.,8500,GANCIA,bebidas-con-alcohol,destilados,https://static.app.biggie.com.py/images/products/7790950144826.jpg,2026-08-22T21:20:04.000000Z
8411327011181,Cerveza Mahou Sin Alcohol Botella de 250 ml.,5800,MAHOU,bebidas-con-alcohol,cerveza,https://static.app.biggie.com.py/images/products/8411327011181.jpg,2026-08-22T21:20:04.000000Z
7774904288941,Bebida Four Loko Ponche de Frutas de 473 ml.,17500,Four Loko,bebidas-con-alcohol,ready-to-drink,https://static.app.biggie.com.py/images/products/7774904288941.jpg,2026-08-22T21:20:04.000000Z
8411327011167,Cerveza Mahou Lata Sin Alcohol 330 ml.,5800,MAHOU,bebidas-con-alcohol,cerveza,https://static.app.biggie.com.py/images/products/8411327011167.jpg,2026-08-22T21:20:04.000000Z
7794450090553,Vino Blanco Catena Chardonnay Chardonnay de 750 ml.,137500,CATENA ZAPATA,bebidas-con-alcohol,vino-blanco,https://static.app.biggie.com.py/images/products/7794450090553.jpg,2026-08-22T21:20:04.000000Z
7774904288972,Bebida Four Loko Sandia de 473 ml.,17500,Four Loko,bebidas-con-alcohol,ready-to-drink,https://static.app.biggie.com.py/images/products/7774904288972.jpg,2026-08-22T21:20:04.000000Z
7774904288989,Bebida Four Loko Sabor Fresa Gold de 473 ml.,17500,Four Loko,bebidas-con-alcohol,ready-to-drink,https://static.app.biggie.com.py/images/products/7774904288989.jpg,2026-08-22T21:20:04.000000Z
8411327122016,Cerveza Mahou 5 Estrellas Lata de 330 ml.,6600,MAHOU,bebidas-con-alcohol,cerveza,https://static.app.biggie.com.py/images/products/8411327122016.jpg,2026-08-22T21:20:04.000000Z
7792410517348,Licor Cusenier Granadina de 750 ml.,43000,CUSENIER,bebidas-con-alcohol,destilados,https://static.app.biggie.com.py/images/products/7792410517348-27172439.jpg,2026-08-22T21:20:04.000000Z
082184004364,Wisky Jack Daniels Apple de 1.000 ml.,209000,Jack Daniels,bebidas-con-alcohol,whisky,https://static.app.biggie.com.py/images/products/082184004364.jpg,2026-08-22T21:20:04.000000Z
727760501638,Mionetto Prosecco Espumante D.O.C. 750 ml.,114000,PROSECCO,bebidas-con-alcohol,espumantes,https://static.app.biggie.com.py/images/products/727760501638.jpg,2026-08-22T21:20:04.000000Z
8411327022019,Cerveza Mahou Clasica Lata de 330 ml.,5900,MAHOU,bebidas-con-alcohol,cerveza,https://static.app.biggie.com.py/images/products/8411327022019-32639680.jpg,2026-08-22T21:20:04.000000Z
5000299622094,Whisky Chivas Regal XV de 750 ml.,455000,Chivas  Regal,bebidas-con-alcohol,whisky,https://static.app.biggie.com.py/images/products/5000299622094.jpg,2026-08-22T21:20:04.000000Z
5000329002230,Gin Beefeater de 750 ml.,124000,BEEFEATER,bebidas-con-alcohol,destilados,https://static.app.biggie.com.py/images/products/5000329002230.jpg,2026-08-22T21:20:04.000000Z
7774904288996,Bebida Four Loko Sabor Citrus Black de 473 ml.,17500,Four Loko,bebidas-con-alcohol,ready-to-drink,https://static.app.biggie.com.py/images/products/7774904288996.jpg,2026-08-22T21:20:04.000000Z
7774904400671,Bebida Four Loko Sabor Frutos Rojos Blue de 473 ml.,17500,Four Loko,bebidas-con-alcohol,ready-to-drink,https://static.app.biggie.com.py/images/products/7774904400671.jpg,2026-08-22T21:20:04.000000Z
7891991306461,Cerveza Stella Artois Pure Gold de 269 ml.,5000,Stella Artois,bebidas-con-alcohol,cerveza,https://static.app.biggie.com.py/images/products/7891991306461.jpg,2026-08-22T21:20:04.000000Z
7899413360565,Vino Tinto Alma Negra Pinot Noir de 750 ml.,137500,ALMA NEGRA,bebidas-con-alcohol,vino-tinto,https://static.app.biggie.com.py/images/products/7899413360565.jpg,2026-08-22T21:20:04.000000Z
7790415128231,Vino Blanco Gascon  Chardonnay de 750 ml.,60000,ESCORIHUELA GASCON,bebidas-con-alcohol,vino-blanco,https://static.app.biggie.com.py/images/products/7790415128231.jpg,2026-08-22T21:20:04.000000Z
5010327755014,Gin Hendricks de 700 ml.,245000,BEEFEATER,bebidas-con-alcohol,destilados,https://static.app.biggie.com.py/images/products/5010327755014.jpg,2026-08-22T21:20:04.000000Z
7898738660244,Cerveza Imperio Ultra Botella de 210 ml.,5300,IMPERIO,bebidas-con-alcohol,cerveza,https://static.app.biggie.com.py/images/products/7898738660244.jpg,2026-08-22T21:20:04.000000Z
7898080665805,Champagne Baly Energy Drink Lata de 250 ml.,9500,Baly,bebidas-con-alcohol,champagne,https://static.app.biggie.com.py/images/products/7898080665805.jpg,2026-08-22T21:20:04.000000Z
7774904405973,Bebida Four Loko Sabor Summer de 473 ml.,17500,Four Loko,bebidas-con-alcohol,ready-to-drink,https://static.app.biggie.com.py/images/products/7774904405973.jpg,2026-08-22T21:20:04.000000Z
7790314004346,Vino Tinto Zumuva tetra de 1.000 ml.,13850,ZUMUVA,bebidas-con-alcohol,vino-tinto,https://static.app.biggie.com.py/images/products/7790314004346.jpg,2026-08-22T21:20:04.000000Z
7790577000833,Vino Blanco Rutini Chardonnay de 750 ml.,143000,Rutini,bebidas-con-alcohol,vino-blanco,https://static.app.biggie.com.py/images/products/7790577000833.jpg,2026-08-22T21:20:04.000000Z
7790577043274,Vino Tinto Rutini Dominio Malbec de 750 ml.,175000,Rutini,bebidas-con-alcohol,vino-tinto,,2026-08-22T21:20:04.000000Z
7898915949162,Cerveza Imperio Gold Botella de 210 ml.,5300,IMPERIO,bebidas-con-alcohol,cerveza,https://static.app.biggie.com.py/images/products/7898915949162.jpg,2026-08-22T21:20:04.000000Z
082502738919,Cerveza Malta Regal BNR 7OZ de 207 ml.,9300,Malta Regal,bebidas-con-alcohol,cerveza,,2026-08-22T21:20:04.000000Z
7898915949940,Cerveza Imperio Ultra Lata de 269 ml,3500,IMPERIO,bebidas-con-alcohol,cerveza,https://static.app.biggie.com.py/images/products/7898915949940.jpg,2026-08-22T21:20:04.000000Z
7794450000163,Vino Blanco Nicasia Vineyards Blanc de Blanc de 750 ml.,93500,Nicasia,bebidas-con-alcohol,vino-blanco,https://static.app.biggie.com.py/images/products/7794450000163.jpg,2026-08-22T21:20:04.000000Z
7794450025029,Vino Tinto Catena Chardonnay de 750 ml.,130000,CATENA ZAPATA,bebidas-con-alcohol,vino-tinto,https://static.app.biggie.com.py/images/products/7794450025029.jpg,2026-08-22T21:20:04.000000Z
7898915949414,Cerveza Imperio Lager Botella de 210 ml.,5300,IMPERIO,bebidas-con-alcohol,cerveza,https://static.app.biggie.com.py/images/products/7898915949414.jpg,2026-08-22T21:20:04.000000Z
088076175051,Vodka Ciroc red berry de 750 ml.,210000,CIROC,bebidas-con-alcohol,destilados,https://static.app.biggie.com.py/images/products/088076175051.jpg,2026-08-22T21:20:04.000000Z
7898915949216,Cerveza Imperio Pura Malta Pilsen 269ml,3500,IMPERIO,bebidas-con-alcohol,cerveza,https://static.app.biggie.com.py/images/products/7898915949216.jpg,2026-08-22T21:20:04.000000Z
7793147573195,Cerveza Blue Moon Lata de 473 ml.,12000,Blue Moon,bebidas-con-alcohol,cerveza,https://static.app.biggie.com.py/images/products/7793147573195.jpg,2026-08-22T21:20:04.000000Z
7898915949407,Cerveza Imperio Lager Lata 269ml,4800,IMPERIO,bebidas-con-alcohol,cerveza,https://static.app.biggie.com.py/images/products/7898915949407.jpg,2026-08-22T21:20:04.000000Z
8410221110150,Licor 43 de 700 ml.,148000,LICOR 43,bebidas-con-alcohol,licores,https://static.app.biggie.com.py/images/products/8410221110150.jpg,2026-08-22T21:20:04.000000Z
7898915949780,Cerveza Puro Malte Pilsen de 269 ml.,3600,Puro Malte,bebidas-con-alcohol,cerveza,https://static.app.biggie.com.py/images/products/7898915949780.jpg,2026-08-22T21:20:04.000000Z
7891125000104,Vermouth Martini Rosso de 750 ml.,52500,MARTINI,bebidas-con-alcohol,destilados,https://static.app.biggie.com.py/images/products/7891125000104.jpg,2026-08-22T21:20:04.000000Z
7891991304870,Cerveza Stella Artois Pure Gold Botella de 330ml.,7500,Stella Artois,bebidas-con-alcohol,cerveza,https://static.app.biggie.com.py/images/products/7891991304870.jpg,2026-08-22T21:20:04.000000Z
7640175743314,Gin Bombay Sunset de 750 ml.,160000,Bombay,bebidas-con-alcohol,destilados,,2026-08-22T21:20:04.000000Z
8006550340230,Licor Ramazzotti Rosato de 700 ml.,87000,Ramazzotti,bebidas-con-alcohol,licores,https://static.app.biggie.com.py/images/products/8006550340230.jpg,2026-08-22T21:20:04.000000Z
5000267199467,Whisky Johnnie Walker Green Label 750 ml c/e,535000,Johnnie Walker,bebidas-con-alcohol,whisky,https://static.app.biggie.com.py/images/products/5000267199467.jpg,2026-08-22T21:20:04.000000Z
7840450001065,Gin Puerto de Indias Strawberry + Copa.,166000,PUERTO DE INDIAS,bebidas-con-alcohol,destilados,https://static.app.biggie.com.py/images/products/7840450001065.jpg,2026-08-22T21:20:04.000000Z
8437004142467,Gin Puerto de Indias Blackberry + Copa.,172500,PUERTO DE INDIAS,bebidas-con-alcohol,destilados,https://static.app.biggie.com.py/images/products/8437004142467.jpg,2026-08-22T21:20:04.000000Z
8000020107057,Vino Espumante Cinzano To Spritz de 750 ml.,80000,CINZANO,bebidas-con-alcohol,destilados,https://static.app.biggie.com.py/images/products/8000020107057.jpg,2026-08-22T21:20:04.000000Z
5000267165806,Whisky Johnnie Walker 18 años de 750 ml.,735000,Johnnie Walker,bebidas-con-alcohol,whisky,https://static.app.biggie.com.py/images/products/5000267165806.jpg,2026-08-22T21:20:04.000000Z
7841552000550,Licor Aperol + Cinzano To Spritz x Uni.,151000,APEROL,bebidas-con-alcohol,destilados,https://static.app.biggie.com.py/images/products/7841552000550.jpg,2026-08-22T21:20:04.000000Z
7790070101488,Cocktail Camila Spritz de 750 ml.,95000,Camila,bebidas-con-alcohol,aperitivos,,2026-08-22T21:20:04.000000Z
8052278320399,Coctel Cipriani Bellini de 750 ml.,139900,cipriani,bebidas-con-alcohol,destilados,,2026-08-22T21:20:04.000000Z
7840450001058,Gin Puerto de Indias Clasico + Copa.,136500,PUERTO DE INDIAS,bebidas-con-alcohol,destilados,https://static.app.biggie.com.py/images/products/7840450001058.jpg,2026-08-22T21:20:04.000000Z
7790070101402,Cocktail Camila Rose de 750 ml.,95000,Camila,bebidas-con-alcohol,aperitivos,,2026-08-22T21:20:04.000000Z
7790070101440,Cocktail Camila Sangria de 750 ml.,95000,Camila,bebidas-con-alcohol,aperitivos,,2026-08-22T21:20:04.000000Z
8437015730660,Tequila Peligro Catrina de Fresa 15% x Uni.,109000,Peligro Catrina,bebidas-con-alcohol,destilados,,2026-08-22T21:20:04.000000Z
8052278320610,Coctel Cipriani Bellini de 200 ml.,49900,cipriani,bebidas-con-alcohol,destilados,,2026-08-22T21:20:04.000000Z
089819002924,Vino Blanco Matua Lighter Sauvignon de 750 ml.,160000,Matua,bebidas-con-alcohol,vino-blanco,https://static.app.biggie.com.py/images/products/089819002924.jpg,2026-08-22T21:20:04.000000Z
7790070101303,Champagne Cocktail Camila Clarea 750 ml.,95000,Camila,bebidas-con-alcohol,champagne,https://static.app.biggie.com.py/images/products/7790070101303.jpg,2026-08-22T21:20:04.000000Z
5000299611104,Whisky Chivas Extra Sherry de 700 ml.,169000,chivas,bebidas-con-alcohol,whisky,,2026-08-22T21:20:04.000000Z
7730951080112,Vino Garzon Albariño Varietal de 750 ml.,135000,Garzon,bebidas-con-alcohol,vino-tinto,,2026-08-22T21:20:04.000000Z
8437015730707,Tequila Peligro Catrina de Melon 15% x Uni.,109000,Peligro Catrina,bebidas-con-alcohol,destilados,,2026-08-22T21:20:04.000000Z
7730951081379,Vino Garzon Pinot Noir Rose de 750 ml.,135000,Garzon,bebidas-con-alcohol,vino-tinto,,2026-08-22T21:20:04.000000Z
8437015730691,Licor Peligro Catrina Crema con Tequila Sandía de 700 ml.,109000,Peligro Catrina,bebidas-con-alcohol,licores,https://static.app.biggie.com.py/images/products/8437015730691.jpg,2026-08-22T21:20:04.000000Z
7848000810327,Cerveza Artesanal Kessel Ultra Sin Gluten de 330 ml.,15700,KESSEL,bebidas-con-alcohol,cerveza,https://static.app.biggie.com.py/images/products/7848000810327.jpg,2026-08-22T21:20:04.000000Z
7848000810143,Cerveza Artesanal Kessel Helles Botella de 330 ml.,15700,KESSEL,bebidas-con-alcohol,cerveza,https://static.app.biggie.com.py/images/products/7848000810143.jpg,2026-08-22T21:20:04.000000Z
3352370002830,Champagne Pommery Brut Royal de 750 ml.,690000,POMMERY,bebidas-con-alcohol,champagne,https://static.app.biggie.com.py/images/products/3352370002830.jpg,2026-08-22T21:20:04.000000Z
7848000810136,Cerveza Artesanal Kessel Weizen Botella de 330 ml.,15700,KESSEL,bebidas-con-alcohol,cerveza,https://static.app.biggie.com.py/images/products/7848000810136.jpg,2026-08-22T21:20:04.000000Z
7848000810297,Cerveza Artesanal Kessel Lorenzo Lager de 355 ml.,16300,KESSEL,bebidas-con-alcohol,cerveza,https://static.app.biggie.com.py/images/products/7848000810297.jpg,2026-08-22T21:20:04.000000Z
5010677850100,Vodka Grey Goose Original de 700 ml.,255000,GREY GOOSE,bebidas-con-alcohol,vodka,,2026-08-22T21:20:04.000000Z
7896547500034,Cachaza 61 botella 970 ml.,18100,61,bebidas-con-alcohol,destilados,https://static.app.biggie.com.py/images/products/7896547500034.jpg,2026-08-22T21:20:04.000000Z
8002793014334,Vino Espumante Piccini Prosecco de 750 ml.,120000,Prosecco,bebidas-con-alcohol,vino-espumante,https://static.app.biggie.com.py/images/products/8002793014334.jpg,2026-08-22T21:20:04.000000Z
012354004290,Vino Tinto 19 Crimes Snoop Cali de 750 ml.,150000,19 Crimes,bebidas-con-alcohol,vino-tinto,https://static.app.biggie.com.py/images/products/012354004290.jpg,2026-08-22T21:20:04.000000Z
3352370002250,Champagne Pommery Royal Blue Sky de 750 ml.,950000,POMMERY,bebidas-con-alcohol,champagne,https://static.app.biggie.com.py/images/products/3352370002250.jpg,2026-08-22T21:20:04.000000Z
7804304104715,Vino Tinto Errazuriz Estate Reserva Sauvignon Blanc de 750 ml.,69000,ERRAZURIZ,bebidas-con-alcohol,vino-tinto,https://static.app.biggie.com.py/images/products/7804304104715.jpg,2026-08-22T21:20:04.000000Z
8410023096171,Vino Espumante Cava Vilarnau Artesanal de 750 ml.,110000,Cava Vilarnau,bebidas-con-alcohol,vino-espumante,https://static.app.biggie.com.py/images/products/8410023096171.jpg,2026-08-22T21:20:04.000000Z
8002793005370,Vino Espumante Piccini  Memoro de 750 ml.,79000,piccini,bebidas-con-alcohol,vino-espumante,https://static.app.biggie.com.py/images/products/8002793005370.jpg,2026-08-22T21:20:04.000000Z
635168,Mochila Conservadora Skol + 2 packs Skol 275ml.,150000,SKOL,bebidas-con-alcohol,cerveza,,2026-08-22T21:20:04.000000Z
3142705908001,Vino Blanco Summertime Bio Rose de 750 ml.,140000,Summertime,bebidas-con-alcohol,vino-blanco,https://static.app.biggie.com.py/images/products/3142705908001.jpg,2026-08-22T21:20:04.000000Z
8410023036191,Vino blanco Lusco Albariño de 750 ml.,180000,lusco,bebidas-con-alcohol,vino-blanco,https://static.app.biggie.com.py/images/products/8410023036191.jpg,2026-08-22T21:20:04.000000Z
12354000995,Vino Tinto 19 Crimes Red Blend de 750 ml.,125000,19 Crimes,bebidas-con-alcohol,vino-tinto,https://static.app.biggie.com.py/images/products/12354000995.jpg,2026-08-22T21:20:04.000000Z
7840058008084,Gaseosa Coca Cola Original de 2.000 ml.,14900,Coca Cola,bebidas-sin-alcohol,gaseosa-diet,https://static.app.biggie.com.py/images/products/7840058008084.jpg,2026-08-22T21:20:04.000000Z
7840058000675,Gaseosa Coca Cola Descartable de 1.500 ml.,12000,Coca Cola,bebidas-sin-alcohol,gaseosa-normal,https://static.app.biggie.com.py/images/products/7840058000675.jpg,2026-08-22T21:20:04.000000Z
7840058008565,Gaseosa Coca Cola Descartable Sabor Original de 3.000 ml.,19900,Coca Cola,bebidas-sin-alcohol,gaseosa-normal,https://static.app.biggie.com.py/images/products/7840058008565.jpg,2026-08-22T21:20:04.000000Z
7840058004086,Gaseosa Coca Cola Zero Descartable de 2.000 ml.,14900,Coca Cola,bebidas-sin-alcohol,gaseosa-normal,https://static.app.biggie.com.py/images/products/7840058004086.jpg,2026-08-22T21:20:04.000000Z
7840058009449,Gaseosa Coca Cola Reducida en Azucares de 1.000 ml.,8000,Coca Cola,bebidas-sin-alcohol,gaseosa-normal,https://static.app.biggie.com.py/images/products/7840058009449.jpg,2026-08-22T21:20:04.000000Z
7840058002549,Gaseosa Coca Cola Zero Descartable de 1.500 ml.,12000,Coca Cola,bebidas-sin-alcohol,gaseosa-normal,https://static.app.biggie.com.py/images/products/7840058002549.jpg,2026-08-22T21:20:04.000000Z
7840058000019,Gaseosa Coca Cola de 500 ml.,6500,Coca Cola,bebidas-sin-alcohol,gaseosa-normal,https://static.app.biggie.com.py/images/products/7840058000019.jpg,2026-08-22T21:20:04.000000Z
7840058000477,Gaseosa Coca Cola Retornable de 2.000 ml.,10000,Coca Cola,bebidas-sin-alcohol,gaseosa-normal,https://static.app.biggie.com.py/images/products/7840058000477.jpg,2026-08-22T21:20:04.000000Z
7790895000232,Gaseosa Coca Cola Lata Sabor Original 354 ml.,6500,Coca Cola,bebidas-sin-alcohol,gaseosa-normal,https://static.app.biggie.com.py/images/products/7790895000232.jpg,2026-08-22T21:20:04.000000Z
070847033233,Energizante Monster Energy lata de 473 ml.,15000,MONSTER,bebidas-sin-alcohol,bebidas-energizantes,https://static.app.biggie.com.py/images/products/070847033233.jpg,2026-08-22T21:20:04.000000Z
7840058002877,Bebida Isotonica Powerade mountain blast de 500 ml.,10000,Powerade,bebidas-sin-alcohol,bebidas-isotonicas,https://static.app.biggie.com.py/images/products/7840058002877.jpg,2026-08-22T21:20:04.000000Z
7840028202092,Gaseosa Pepsi Cola de 2.000 ml.,12000,Pepsi,bebidas-sin-alcohol,gaseosa-normal,https://static.app.biggie.com.py/images/products/7840028202092.jpg,2026-08-22T21:20:04.000000Z
7840028202443,Gaseosa Paso de los Toros pomelo de 2.000 ml.,12000,PASO DE LOS TOROS,bebidas-sin-alcohol,gaseosa-normal,https://static.app.biggie.com.py/images/products/7840028202443.jpg,2026-08-22T21:20:04.000000Z
7840058007537,Gaseosa Coca Cola Zero de 3.000 ml.,19900,Coca Cola,bebidas-sin-alcohol,gaseosa-normal,https://static.app.biggie.com.py/images/products/7840058007537.jpg,2026-08-22T21:20:04.000000Z
7840028205246,Gaseosa Pepsi Black de 2.000 ml.,12000,Pepsi,bebidas-sin-alcohol,gaseosa-normal,https://static.app.biggie.com.py/images/products/7840028205246.jpg,2026-08-22T21:20:04.000000Z
0070847037033,Energizante Monster Ultra Lata de 473 ml.,15000,MONSTER,bebidas-sin-alcohol,bebidas-energizantes,https://static.app.biggie.com.py/images/products/0070847037033.jpg,2026-08-22T21:20:04.000000Z
7840058002532,Gaseosa Coca Cola Zero de 500 ml.,6500,Coca Cola,bebidas-sin-alcohol,gaseosa-normal,https://static.app.biggie.com.py/images/products/7840058002532.jpg,2026-08-22T21:20:04.000000Z
7840779001050,Gaseosa Pulp naranja de 2.000 ml.,12000,Pulp,bebidas-sin-alcohol,gaseosa-normal,https://static.app.biggie.com.py/images/products/7840779001050.jpg,2026-08-22T21:20:04.000000Z
7840058000088,Gaseosa Sprite limon descartabe de 2.000 ml.,14900,Sprite,bebidas-sin-alcohol,gaseosa-normal,https://static.app.biggie.com.py/images/products/7840058000088.jpg,2026-08-22T21:20:04.000000Z
9002490100070,Energizante Red Bull de 250 ml.,14000,RED BULL,bebidas-sin-alcohol,bebidas-energizantes,https://static.app.biggie.com.py/images/products/9002490100070.jpg,2026-08-22T21:20:04.000000Z
7840058008824,Bebido Isotonica Powerade Mountain Blast de 990 ml.,14000,Powerade,bebidas-sin-alcohol,bebidas-isotonicas,https://static.app.biggie.com.py/images/products/7840058008824.jpg,2026-08-22T21:20:04.000000Z
7840058001061,Gaseosa Schweppes Citrus de 2.000 ml.,12000,Schweppes,bebidas-sin-alcohol,gaseosa-normal,https://static.app.biggie.com.py/images/products/7840058001061.jpg,2026-08-22T21:20:04.000000Z
0070847038979,Energizante Monster Mango Loco Lata de 473 ml.,15000,MONSTER,bebidas-sin-alcohol,bebidas-energizantes,https://static.app.biggie.com.py/images/products/0070847038979.jpg,2026-08-22T21:20:04.000000Z
7840058010391,Gaseosa Fanta Naranja Descartable Ow de 2.000 ml.,14900,Fanta,bebidas-sin-alcohol,gaseosa-normal,https://static.app.biggie.com.py/images/products/7840058010391.jpg,2026-08-22T21:20:04.000000Z
7840058006615,Gaseosa Sprite zero de 2.000 ml.,14900,Sprite,bebidas-sin-alcohol,gaseosa-normal,https://static.app.biggie.com.py/images/products/7840058006615.jpg,2026-08-22T21:20:04.000000Z
7790895067587,Gaseosa Coca Cola Zero Lata de 354 ml.,6500,Coca Cola,bebidas-sin-alcohol,gaseosa-normal,https://static.app.biggie.com.py/images/products/7790895067587.jpg,2026-08-22T21:20:04.000000Z
7840058004673,Gaseosa Fanta Guarana Descartable de 2.000 ml.,14900,Coca Cola,bebidas-sin-alcohol,gaseosa-normal,https://static.app.biggie.com.py/images/products/7840058004673.jpg,2026-08-22T21:20:04.000000Z
7840058008978,Jugos Del Valle Durazno Tetra de 1.000 ml.,11500,DEL VALLE,bebidas-sin-alcohol,jugos,https://static.app.biggie.com.py/images/products/7840058008978.jpg,2026-08-22T21:20:04.000000Z
7840058004215,Agua Mineral Dasani sin Gas de 990 ml.,4200,Dasani,bebidas-sin-alcohol,aguas-minerales,https://static.app.biggie.com.py/images/products/7840058004215.jpg,2026-08-22T21:20:04.000000Z
070847898115,Energizante Monster Pipeline Punch Lata de 473 ml.,15000,MONSTER,bebidas-sin-alcohol,bebidas-energizantes,https://static.app.biggie.com.py/images/products/070847898115.jpg,2026-08-22T21:20:04.000000Z
7840058003898,Agua Mineral Dasani sin Gas de 2.250 ml.,4950,Dasani,bebidas-sin-alcohol,aguas-minerales,https://static.app.biggie.com.py/images/products/7840058003898.jpg,2026-08-22T21:20:04.000000Z
7840058009012,Jugos Del Valle Durazno Tetra de 1.500 ml.,14500,DEL VALLE,bebidas-sin-alcohol,jugos,https://static.app.biggie.com.py/images/products/7840058009012.jpg,2026-08-22T21:20:04.000000Z
7840235004274,Agua Tonica De La Costa Grapefruit de 2.000 ml.,10000,De La Costa,bebidas-sin-alcohol,agua-tonica,https://static.app.biggie.com.py/images/products/7840235004274.jpg,2026-08-22T21:20:04.000000Z
7840188000040,Jugo Watts Nectar durazno de 1.000 ml.,12000,Watts,bebidas-sin-alcohol,jugos,https://static.app.biggie.com.py/images/products/7840188000040.jpg,2026-08-22T21:20:04.000000Z
7840779002972,Gaseosa Pulp naranja de 1.000 ml.,7000,Pulp,bebidas-sin-alcohol,gaseosa-normal,https://static.app.biggie.com.py/images/products/7840779002972.jpg,2026-08-22T21:20:04.000000Z
7840779007007,Jugo Watts frutos rojos de 1.000 ml.,12000,Watts,bebidas-sin-alcohol,jugos,https://static.app.biggie.com.py/images/products/7840779007007.jpg,2026-08-22T21:20:04.000000Z
7840058008893,Agua Mineral Dasani sin Gas de 500 ml.,3200,Dasani,bebidas-sin-alcohol,aguas-minerales,https://static.app.biggie.com.py/images/products/7840058008893.jpg,2026-08-22T21:20:04.000000Z
7840058004697,Gaseosa Fanta piña descartable de 2.000 ml.,14900,Coca Cola,bebidas-sin-alcohol,gaseosa-normal,https://static.app.biggie.com.py/images/products/7840058004697.jpg,2026-08-22T21:20:04.000000Z
7840028204010,Gaseosa Paso de los Toros Pomelo de 3.000 ml.,18000,PASO DE LOS TOROS,bebidas-sin-alcohol,gaseosa-normal,https://static.app.biggie.com.py/images/products/7840028204010.jpg,2026-08-22T21:20:04.000000Z
7790895643835,Jugo Ades manzana de 1.000 ml.,12000,Ades,bebidas-sin-alcohol,jugos,https://static.app.biggie.com.py/images/products/7790895643835.jpg,2026-08-22T21:20:04.000000Z
7840058010322,Gaseosa Sprite Descartable de 3.000 ml.,19900,Sprite,bebidas-sin-alcohol,gaseosa-normal,https://static.app.biggie.com.py/images/products/7840058010322.jpg,2026-08-22T21:20:04.000000Z
7840058009098,Jugos Del Valle Naranja Tetra de 1.000 ml.,11500,DEL VALLE,bebidas-sin-alcohol,jugos,https://static.app.biggie.com.py/images/products/7840058009098.jpg,2026-08-22T21:20:04.000000Z
7840058009074,Jugos Del Valle Naranja Tetra de 1.500 ml.,14500,DEL VALLE,bebidas-sin-alcohol,jugos,https://static.app.biggie.com.py/images/products/7840058009074.jpg,2026-08-22T21:20:04.000000Z
7840779002200,Agua Mineral La Fuente sin Gas de 2.000 ml.,5000,La Fuente,bebidas-sin-alcohol,aguas-minerales,https://static.app.biggie.com.py/images/products/7840779002200.jpg,2026-08-22T21:20:04.000000Z
7840058007582,Agua Tonica Descartable Schweppes de 2.000 ml.,14900,Schweppes,bebidas-sin-alcohol,agua-tonica,https://static.app.biggie.com.py/images/products/7840058007582.jpg,2026-08-22T21:20:04.000000Z
7840779002729,Jugo Purosol citrus de 1.000 ml.,11000,Puro Sol,bebidas-sin-alcohol,jugos,https://static.app.biggie.com.py/images/products/7840779002729.jpg,2026-08-22T21:20:04.000000Z
7840188000019,Jugo Watts Nectar naranja de 1.000 ml.,12000,Watts,bebidas-sin-alcohol,jugos,https://static.app.biggie.com.py/images/products/7840188000019.jpg,2026-08-22T21:20:04.000000Z
7840058010414,Gaseosa Fanta Naranja Descartable Ow de 3.000 ml.,19900,Fanta,bebidas-sin-alcohol,gaseosa-normal,https://static.app.biggie.com.py/images/products/7840058010414.jpg,2026-08-22T21:20:04.000000Z
7840314000876,Jugo Purifru Natural Naranja de 900 ml.,25000,PURIFRU,bebidas-sin-alcohol,jugos-naturales,,2026-08-22T21:20:04.000000Z
7840058000071,Gaseosa Sprite limón 500 ml.,6500,Sprite,bebidas-sin-alcohol,gaseosa-normal,https://static.app.biggie.com.py/images/products/7840058000071.jpg,2026-08-22T21:20:04.000000Z
7840058010483,Bebida Isotonica Powerade Multifrutas Pet Sport de 990 ml.,14000,Powerade,bebidas-sin-alcohol,bebidas-isotonicas,https://static.app.biggie.com.py/images/products/7840058010483.jpg,2026-08-22T21:20:04.000000Z
7840058009036,Jugos Del Valle Manzana Tetra de 1.000 ml.,11500,DEL VALLE,bebidas-sin-alcohol,jugos,https://static.app.biggie.com.py/images/products/7840058009036.jpg,2026-08-22T21:20:04.000000Z
7840235004731,Agua Tonica Costa Grape Fruits de 500 ml.,4000,Costa,bebidas-sin-alcohol,agua-tonica,https://static.app.biggie.com.py/images/products/7840235004731.jpg,2026-08-22T21:20:04.000000Z
7840028206502,Gaseosa Paso De Los Toros De 1.000 ml.,7000,PASO DE LOS TOROS,bebidas-sin-alcohol,gaseosa-normal,https://static.app.biggie.com.py/images/products/7840028206502.jpg,2026-08-22T21:20:04.000000Z
7840779002057,Gaseosa Pulp pomelo de 2.000 ml.,12000,Pulp,bebidas-sin-alcohol,gaseosa-normal,https://static.app.biggie.com.py/images/products/7840779002057.jpg,2026-08-22T21:20:04.000000Z
7840058004000,Bebida Isotonica Powerade Multifrutas de 500 ml.,10000,Powerade,bebidas-sin-alcohol,bebidas-isotonicas,https://static.app.biggie.com.py/images/products/7840058004000.jpg,2026-08-22T21:20:04.000000Z
7840058008404,Agua Mineral Benedictino Sin Gas de 2.000 ml.,3900,Benedictino,bebidas-sin-alcohol,aguas-minerales,https://static.app.biggie.com.py/images/products/7840058008404.jpg,2026-08-22T21:20:04.000000Z
7840058006561,Agua Mineral Dasani sin Gas de 3.000 ml.,6200,Dasani,bebidas-sin-alcohol,aguas-minerales,https://static.app.biggie.com.py/images/products/7840058006561.jpg,2026-08-22T21:20:04.000000Z
7840058010117,Agua Mineral Dasani Sin Gas Tapa Short Finish de 990 ml.,3800,Dasani,bebidas-sin-alcohol,aguas-minerales,https://static.app.biggie.com.py/images/products/7840058010117.jpg,2026-08-22T21:20:04.000000Z
7840017021123,Energizante Mr. Bee de 500 ml.,7050,Seltz,bebidas-sin-alcohol,bebidas-energizantes,https://static.app.biggie.com.py/images/products/7840017021123.jpg,2026-08-22T21:20:04.000000Z
7841431000343,Energizante Dark Dog de 500 ml.,14000,Dark Dog,bebidas-sin-alcohol,bebidas-energizantes,https://static.app.biggie.com.py/images/products/7841431000343.jpg,2026-08-22T21:20:04.000000Z
7840188000033,Jugo Watts Nectar manzana de 1.000 ml.,12000,Watts,bebidas-sin-alcohol,jugos,https://static.app.biggie.com.py/images/products/7840188000033.jpg,2026-08-22T21:20:04.000000Z
7840779002583,Jugo Purosol manzana de 1.000 ml.,11000,Puro Sol,bebidas-sin-alcohol,jugos,https://static.app.biggie.com.py/images/products/7840779002583.jpg,2026-08-22T21:20:04.000000Z
7840028206489,Gaseosa Pepsi Cola de 1.000 ml.,7000,Pepsi,bebidas-sin-alcohol,gaseosa-normal,https://static.app.biggie.com.py/images/products/7840028206489.jpg,2026-08-22T21:20:04.000000Z
7840058008381,Agua Mineral Benedictino Sin Gas de 500 ml.,2000,Benedictino,bebidas-sin-alcohol,aguas-minerales,https://static.app.biggie.com.py/images/products/7840058008381.jpg,2026-08-22T21:20:04.000000Z
7840058008312,Jugos Frugos Fresh Naranja de 1.500 ml.,10000,FRUGOS,bebidas-sin-alcohol,jugos,https://static.app.biggie.com.py/images/products/7840058008312.jpg,2026-08-22T21:20:04.000000Z
7840028203983,Gaseosa Pepsi Cola de 3.000 ml.,18000,Pepsi,bebidas-sin-alcohol,gaseosa-normal,https://static.app.biggie.com.py/images/products/7840028203983.jpg,2026-08-22T21:20:04.000000Z
7840058002105,Agua Mineral Dasani con Gas de 500 ml.,3200,Dasani,bebidas-sin-alcohol,aguas-minerales,https://static.app.biggie.com.py/images/products/7840058002105.jpg,2026-08-22T21:20:04.000000Z
7840058005229,Agua Saborizada Aquarius pomelo de 1.500 ml.,11900,Aquarius,bebidas-sin-alcohol,aguas-saborizadas,https://static.app.biggie.com.py/images/products/7840058005229.jpg,2026-08-22T21:20:04.000000Z
7840058006608,Gaseosa Sprite Sin Azucares de 500 ml.,6500,Sprite,bebidas-sin-alcohol,gaseosa-normal,https://static.app.biggie.com.py/images/products/7840058006608.jpg,2026-08-22T21:20:04.000000Z
7840058003638,Gaseosa Coca Cola Zero Retornable de 2.000 ml.,10000,Coca Cola,bebidas-sin-alcohol,gaseosa-diet,https://static.app.biggie.com.py/images/products/7840058003638.jpg,2026-08-22T21:20:04.000000Z
7840058002938,Gaseosa Crush Piña de 2.000 ml.,6900,CRUSH,bebidas-sin-alcohol,gaseosa-normal,https://static.app.biggie.com.py/images/products/7840058002938.jpg,2026-08-22T21:20:04.000000Z
7840058005489,Gaseosa Fanta Guarana de 3.000 ml.,19900,Fanta,bebidas-sin-alcohol,gaseosa-normal,https://static.app.biggie.com.py/images/products/7840058005489.jpg,2026-08-22T21:20:04.000000Z
7840779009902,Jugo Watts Seleccion Naranja Tetra de 1.000 ml.,17500,Watts,bebidas-sin-alcohol,jugos,https://static.app.biggie.com.py/images/products/7840779009902.jpg,2026-08-22T21:20:04.000000Z
7840779002569,Jugo Purosol manzana de 200 ml.,3500,Puro Sol,bebidas-sin-alcohol,jugos,https://static.app.biggie.com.py/images/products/7840779002569.jpg,2026-08-22T21:20:04.000000Z
7840188010223,Jugo Watts Nectar durazno light de 1.000 ml.,12000,Watts,bebidas-sin-alcohol,jugos,https://static.app.biggie.com.py/images/products/7840188010223.jpg,2026-08-22T21:20:04.000000Z
7840779006703,Gaseosa Pulp Naranja de 3.000 ml.,18000,Pulp,bebidas-sin-alcohol,gaseosa-normal,https://static.app.biggie.com.py/images/products/7840779006703.jpg,2026-08-22T21:20:04.000000Z
7840058002952,Gaseosa Crush Guarana Descartable de 2.000 ml.,6900,CRUSH,bebidas-sin-alcohol,gaseosa-normal,https://static.app.biggie.com.py/images/products/7840058002952.jpg,2026-08-22T21:20:04.000000Z
7840188000118,Jugo Watts durazno de 200 ml.,4250,Watts,bebidas-sin-alcohol,jugos,https://static.app.biggie.com.py/images/products/7840188000118.jpg,2026-08-22T21:20:04.000000Z
7840779008318,Jugo Watts Nectar durazno de 1500 ml.,15000,Watts,bebidas-sin-alcohol,jugos,https://static.app.biggie.com.py/images/products/7840779008318.jpg,2026-08-22T21:20:04.000000Z
7840058007988,Gaseosa Coca Cola de 250 ml Pack x 6 Uni.,17500,Coca Cola,bebidas-sin-alcohol,gaseosa-normal,https://static.app.biggie.com.py/images/products/7840058007988.jpg,2026-08-22T21:20:04.000000Z
7840779002699,Jugo Purosol citrus de 200 ml.,3500,Puro Sol,bebidas-sin-alcohol,jugos,https://static.app.biggie.com.py/images/products/7840779002699.jpg,2026-08-22T21:20:04.000000Z
7840058003874,Agua Mineral Dasani con Gas 2.250 ml.,4950,Dasani,bebidas-sin-alcohol,aguas-minerales,https://static.app.biggie.com.py/images/products/7840058003874.jpg,2026-08-22T21:20:04.000000Z
7840314000814,Jugo Purifru Natural Naranja de 330 ml.,11900,PURIFRU,bebidas-sin-alcohol,jugos-naturales,https://static.app.biggie.com.py/images/products/7840314000814.jpg,2026-08-22T21:20:04.000000Z
7840779002835,Gaseosa Pulp Guarana de 2.000 ml.,12000,Pulp,bebidas-sin-alcohol,gaseosa-normal,https://static.app.biggie.com.py/images/products/7840779002835.jpg,2026-08-22T21:20:04.000000Z
7840058010353,Gaseosa Fanta Naranja Descartable de 500 ml.,6500,Fanta,bebidas-sin-alcohol,gaseosa-normal,https://static.app.biggie.com.py/images/products/7840058010353.jpg,2026-08-22T21:20:04.000000Z
7840058003812,Agua Saborizada Aquarius naranja de 1.500 ml.,11900,Aquarius,bebidas-sin-alcohol,aguas-saborizadas,https://static.app.biggie.com.py/images/products/7840058003812.jpg,2026-08-22T21:20:04.000000Z
7840058003089,Gaseosa Fanta Guarana de 500 ml.,6500,Fanta,bebidas-sin-alcohol,gaseosa-normal,https://static.app.biggie.com.py/images/products/7840058003089.jpg,2026-08-22T21:20:04.000000Z
7840235004212,Agua Tonica De la Costa de 2000 ml.,10000,De La Costa,bebidas-sin-alcohol,agua-tonica,https://static.app.biggie.com.py/images/products/7840235004212.jpg,2026-08-22T21:20:04.000000Z
7840058010773,Gaseosa Schweppes Pomelo Zero Azucar de 2.000 ml.,12000,Schweppes,bebidas-sin-alcohol,gaseosa-normal,https://static.app.biggie.com.py/images/products/7840058010773.jpg,2026-08-22T21:20:04.000000Z
7840188000064,Jugo Watts Nectar naranja light de 1.000 ml.,12000,Watts,bebidas-sin-alcohol,jugos,https://static.app.biggie.com.py/images/products/7840188000064.jpg,2026-08-22T21:20:04.000000Z
7840779002910,Jugo Purosol durazno de 1.000 ml.,11000,Puro Sol,bebidas-sin-alcohol,jugos,https://static.app.biggie.com.py/images/products/7840779002910.jpg,2026-08-22T21:20:04.000000Z
7840058002815,Bebida Isotonica Powerade Manzana de 500 ml.,10000,Powerade,bebidas-sin-alcohol,bebidas-isotonicas,https://static.app.biggie.com.py/images/products/7840058002815.jpg,2026-08-22T21:20:04.000000Z
7840779002996,Gaseosa Pulp pomelo de 1.000 ml.,7000,Pulp,bebidas-sin-alcohol,gaseosa-normal,https://static.app.biggie.com.py/images/products/7840779002996.jpg,2026-08-22T21:20:04.000000Z
7840058001443,Agua Tonica Schweppes de 500 ml.,6500,Schweppes,bebidas-sin-alcohol,agua-tonica,https://static.app.biggie.com.py/images/products/7840058001443.jpg,2026-08-22T21:20:04.000000Z
7840779008301,Jugo Watts Nectar naranja de 1500 ml.,15000,Watts,bebidas-sin-alcohol,jugos,https://static.app.biggie.com.py/images/products/7840779008301.jpg,2026-08-22T21:20:04.000000Z
7840779008349,Jugo Watts Nectar durazno light de 1500 ml.,15000,Watts,bebidas-sin-alcohol,jugos,https://static.app.biggie.com.py/images/products/7840779008349.jpg,2026-08-22T21:20:04.000000Z
7840058001436,Gaseosa Schwepps citrus de 500 ml.,6500,Schweppes,bebidas-sin-alcohol,gaseosa-normal,https://static.app.biggie.com.py/images/products/7840058001436.jpg,2026-08-22T21:20:04.000000Z
7840058009135,Jugos del Valle Frutilla Mango de 1.000 ml.,11500,DEL VALLE,bebidas-sin-alcohol,jugos,https://static.app.biggie.com.py/images/products/7840058009135.jpg,2026-08-22T21:20:04.000000Z
7898962571705,Jugo de Naranja Pomaris de 900 ml.,32900,Pomaris,bebidas-sin-alcohol,jugos-naturales,https://static.app.biggie.com.py/images/products/7898962571705.jpg,2026-08-22T21:20:04.000000Z
7840058003416,Agua Saborizada Aquarius manzana de 1.500 ml.,11900,Aquarius,bebidas-sin-alcohol,aguas-saborizadas,https://static.app.biggie.com.py/images/products/7840058003416.jpg,2026-08-22T21:20:04.000000Z
7840058008930,Jugo Frugos 0% Durazno de 1.000 ml.,11500,FRUGOS,bebidas-sin-alcohol,jugos,https://static.app.biggie.com.py/images/products/7840058008930.jpg,2026-08-22T21:20:04.000000Z
7840058008992,Jugos Del Valle Durazno Tetra de 200 ml.,4000,DEL VALLE,bebidas-sin-alcohol,jugos,https://static.app.biggie.com.py/images/products/7840058008992.jpg,2026-08-22T21:20:04.000000Z
7840058009654,Jugos del Valle Fresh Naranja de 500 ml.,4500,DEL VALLE,bebidas-sin-alcohol,jugos,https://static.app.biggie.com.py/images/products/7840058009654.jpg,2026-08-22T21:20:04.000000Z
7840188010803,Jugo Watts manzana ligth de 1.000 ml.,12000,Watts,bebidas-sin-alcohol,jugos,https://static.app.biggie.com.py/images/products/7840188010803.jpg,2026-08-22T21:20:04.000000Z
7840235003314,Agua Mineral Electrolyte de 960 ml.,4000,ELECTROLYTE,bebidas-sin-alcohol,aguas-minerales,https://static.app.biggie.com.py/images/products/7840235003314.jpg,2026-08-22T21:20:04.000000Z
7751655001357,Bebida Isotonica Gatorade Cool blue de 500 ml.,9000,Gatorade,bebidas-sin-alcohol,bebidas-isotonicas,https://static.app.biggie.com.py/images/products/7751655001357.jpg,2026-08-22T21:20:04.000000Z
9005465112047,Energizante Dark Dog guarana de 330 ml.,13000,Dark Dog,bebidas-sin-alcohol,bebidas-energizantes,https://static.app.biggie.com.py/images/products/9005465112047.jpg,2026-08-22T21:20:04.000000Z
7790895643866,Jugo Ades frutas tropical de 1.000 ml.,12000,Ades,bebidas-sin-alcohol,jugos,https://static.app.biggie.com.py/images/products/7790895643866.jpg,2026-08-22T21:20:04.000000Z
7842117000206,Agua Mineral Gond Wana de 5.000 ml.,13500,GOND WANA,bebidas-sin-alcohol,aguas-minerales,https://static.app.biggie.com.py/images/products/7842117000206.jpg,2026-08-22T21:20:04.000000Z
7840058008954,Jugo Frugos 0% Naranja de 1.000 ml.,11500,FRUGOS,bebidas-sin-alcohol,jugos,https://static.app.biggie.com.py/images/products/7840058008954.jpg,2026-08-22T21:20:04.000000Z
7840779002880,Jugo Purosol durazno de 200 ml.,3500,Puro Sol,bebidas-sin-alcohol,jugos,https://static.app.biggie.com.py/images/products/7840779002880.jpg,2026-08-22T21:20:04.000000Z
7840188000101,Jugo Watts manzana de 200 ml.,4250,Watts,bebidas-sin-alcohol,jugos,https://static.app.biggie.com.py/images/products/7840188000101.jpg,2026-08-22T21:20:04.000000Z
9005465288056,Energizante Dark Dog guarana de lata 250 ml.,12000,Dark Dog,bebidas-sin-alcohol,bebidas-energizantes,https://static.app.biggie.com.py/images/products/9005465288056.jpg,2026-08-22T21:20:04.000000Z
7840779002248,Agua Mineral La Fuente con Gas de 2.000 ml.,5000,La Fuente,bebidas-sin-alcohol,aguas-minerales,https://static.app.biggie.com.py/images/products/7840779002248.jpg,2026-08-22T21:20:04.000000Z
7840188011176,Jugo Watts Nectar Frutos Rojos Tetra de 200 ml.,4250,Watts,bebidas-sin-alcohol,jugos,https://static.app.biggie.com.py/images/products/7840188011176.jpg,2026-08-22T21:20:04.000000Z
7840779008363,Jugo Puro Sol Citrus de 1.500 ml.,13000,Puro Sol,bebidas-sin-alcohol,jugos,https://static.app.biggie.com.py/images/products/7840779008363-28227085.jpg,2026-08-22T21:20:04.000000Z
7840235003079,Agua Mineral De la Costa Bidon de 5 lts.,9000,De La Costa,bebidas-sin-alcohol,aguas-minerales,https://static.app.biggie.com.py/images/products/7840235003079.jpg,2026-08-22T21:20:04.000000Z
7840779002989,Gaseosa Pulp Guarana de 1.000 ml.,7000,Pulp,bebidas-sin-alcohol,gaseosa-normal,https://static.app.biggie.com.py/images/products/7840779002989.jpg,2026-08-22T21:20:04.000000Z
7840058008916,Agua Mineral Dasani sin Gas Sport de 500 ml.,3600,Dasani,bebidas-sin-alcohol,aguas-minerales,https://static.app.biggie.com.py/images/products/7840058008916.jpg,2026-08-22T21:20:04.000000Z
7842117000190,Agua Mineral Gond Wana de 10.000 ml.,19000,GOND WANA,bebidas-sin-alcohol,aguas-minerales,https://static.app.biggie.com.py/images/products/7842117000190.jpg,2026-08-22T21:20:04.000000Z
7840028205383,Gaseosa Seven Up de 2.000 ml.,12000,SEVEN UP,bebidas-sin-alcohol,gaseosa-normal,https://static.app.biggie.com.py/images/products/7840028205383.jpg,2026-08-22T21:20:04.000000Z
7840058003133,Gaseosa Fanta Guarana Retornable de 2.000 ml.,10000,Fanta,bebidas-sin-alcohol,gaseosa-normal,https://static.app.biggie.com.py/images/products/7840058003133.jpg,2026-08-22T21:20:04.000000Z
7840779009445,Agua Mineral La Fuente sin Gas de 5.000 ml.,10000,La Fuente,bebidas-sin-alcohol,aguas-minerales,https://static.app.biggie.com.py/images/products/7840779009445.jpg,2026-08-22T21:20:04.000000Z
7840058009005,Jugo Frugos del Valle Durazno de 200 ml Pack x 6 Uni.,20000,FRUGOS,bebidas-sin-alcohol,jugos,https://static.app.biggie.com.py/images/products/7840058009005.jpg,2026-08-22T21:20:04.000000Z
7840058009456,Gaseosa Coca Cola Reducido en Azucar de 1.000 ml Pack x 4 Uni.,27000,Coca Cola,bebidas-sin-alcohol,gaseosa-diet,https://static.app.biggie.com.py/images/products/7840058009456.jpg,2026-08-22T21:20:04.000000Z
7840058003690,Gaseosa Fanta piña de 500 ml.,6500,Fanta,bebidas-sin-alcohol,gaseosa-normal,https://static.app.biggie.com.py/images/products/7840058003690.jpg,2026-08-22T21:20:04.000000Z
7840779007670,Agua Mineral La Fuente sin Gas de 600 ml.,2700,La Fuente,bebidas-sin-alcohol,aguas-minerales,https://static.app.biggie.com.py/images/products/7840779007670.jpg,2026-08-22T21:20:04.000000Z
7840058009050,Jugos Del Valle Manzana Tetra de 200 ml.,4000,DEL VALLE,bebidas-sin-alcohol,jugos,https://static.app.biggie.com.py/images/products/7840058009050.jpg,2026-08-22T21:20:04.000000Z
7840981000056,Agua Mineral De la Costa sin Gas de 2.000 ml.,4000,De La Costa,bebidas-sin-alcohol,aguas-minerales,https://static.app.biggie.com.py/images/products/7840981000056.jpg,2026-08-22T21:20:04.000000Z
7840028205260,Gaseosa Pepsi Black de 500 ml.,6000,Pepsi,bebidas-sin-alcohol,gaseosa-normal,https://static.app.biggie.com.py/images/products/7840028205260.jpg,2026-08-22T21:20:04.000000Z
7840028202436,Gaseosa Paso de los Toros pomelo de 500 ml.,6000,PASO DE LOS TOROS,bebidas-sin-alcohol,gaseosa-normal,https://static.app.biggie.com.py/images/products/7840028202436.jpg,2026-08-22T21:20:04.000000Z
7840779008370,Jugo Puro Sol Manzana de 1.500 ml.,13000,Puro Sol,bebidas-sin-alcohol,jugos,https://static.app.biggie.com.py/images/products/7840779008370-28227089.jpg,2026-08-22T21:20:04.000000Z
7840188000088,Jugo Watts Nectar naranja de 200 ml.,4250,Watts,bebidas-sin-alcohol,jugos,https://static.app.biggie.com.py/images/products/7840188000088.jpg,2026-08-22T21:20:04.000000Z
9005465163049,Energizante Dark Dog sugar free de 330 ml.,13000,Dark Dog,bebidas-sin-alcohol,bebidas-energizantes,https://static.app.biggie.com.py/images/products/9005465163049.jpg,2026-08-22T21:20:04.000000Z
7898962571125,Jugo Pomaris Naranja de 1.700 ml.,57900,Pomaris,bebidas-sin-alcohol,jugos-naturales,https://static.app.biggie.com.py/images/products/7898962571125.jpg,2026-08-22T21:20:04.000000Z
7790895643842,Jugo Ades Naranja de 1.000 ml.,12000,Ades,bebidas-sin-alcohol,jugos,https://static.app.biggie.com.py/images/products/7790895643842.jpg,2026-08-22T21:20:04.000000Z
7840058009111,Jugos Del Valle Naranja Tetra de 200 ml.,4000,DEL VALLE,bebidas-sin-alcohol,jugos,https://static.app.biggie.com.py/images/products/7840058009111.jpg,2026-08-22T21:20:04.000000Z
7840235004717,Agua Saborizada De La Costa Pomelo de 2.000 ml.,10000,De La Costa,bebidas-sin-alcohol,aguas-saborizadas,https://static.app.biggie.com.py/images/products/7840235004717.jpg,2026-08-22T21:20:04.000000Z
7840779007687,Agua Mineral La Fuente con Gas de 600 ml.,2700,La Fuente,bebidas-sin-alcohol,aguas-minerales,https://static.app.biggie.com.py/images/products/7840779007687.jpg,2026-08-22T21:20:04.000000Z
7840058008053,Gaseosa Coca Cola Zero de 250 ml Pack x 6 Uni.,17500,Coca Cola,bebidas-sin-alcohol,gaseosa-diet,https://static.app.biggie.com.py/images/products/7840058008053.jpg,2026-08-22T21:20:04.000000Z
7790895643828,Jugo Ades Durazno de 1.000 ml.,12000,Ades,bebidas-sin-alcohol,jugos,https://static.app.biggie.com.py/images/products/7790895643828.jpg,2026-08-22T21:20:04.000000Z
7841112000037,Agua Mineral Bes sin Gas de 5.000 ml.,8550,Bes,bebidas-sin-alcohol,aguas-minerales,https://static.app.biggie.com.py/images/products/7841112000037.jpg,2026-08-22T21:20:04.000000Z
7840028206649,Bebida Isotonica Gatorade Blue Blast de 400ml,6000,Gatorade,bebidas-sin-alcohol,bebidas-isotonicas,https://static.app.biggie.com.py/images/products/7840028206649.jpg,2026-08-22T21:20:04.000000Z
7840028202078,Gaseosa Pepsi de 500 ml.,6000,Pepsi,bebidas-sin-alcohol,gaseosa-normal,https://static.app.biggie.com.py/images/products/7840028202078.jpg,2026-08-22T21:20:04.000000Z
7840235002461,Agua Tonica De La Costa de 500 ml.,4000,De La Costa,bebidas-sin-alcohol,agua-tonica,https://static.app.biggie.com.py/images/products/7840235002461.jpg,2026-08-22T21:20:04.000000Z
7730130001150,Bebida Isotonica Full Sport Blue de 640 ml.,9000,Full Sport,bebidas-sin-alcohol,bebidas-isotonicas,https://static.app.biggie.com.py/images/products/7730130001150.jpg,2026-08-22T21:20:04.000000Z
7840058003669,Gaseosa Fanta Piña Retornable de 2.000 ml.,10000,Fanta,bebidas-sin-alcohol,gaseosa-normal,https://static.app.biggie.com.py/images/products/7840058003669.jpg,2026-08-22T21:20:04.000000Z
7840017108169,Agua Mineral Seltz sin Sodio de 5.000 ml.,8000,Seltz,bebidas-sin-alcohol,aguas-minerales,https://static.app.biggie.com.py/images/products/7840017108169.jpg,2026-08-22T21:20:04.000000Z
7840779009452,Agua Mineral La Fuente sin Gas de 10.000 ml.,18000,La Fuente,bebidas-sin-alcohol,aguas-minerales,https://static.app.biggie.com.py/images/products/7840779009452.jpg,2026-08-22T21:20:04.000000Z
7840058009067,Jugo Frugos del Valle Manzana de 200 ml Pack x 6 Uni.,20000,FRUGOS,bebidas-sin-alcohol,jugos,https://static.app.biggie.com.py/images/products/7840058009067.jpg,2026-08-22T21:20:04.000000Z
7790895643743,Jugo Ades manzana multi de 200 ml.,4000,Ades,bebidas-sin-alcohol,jugos,https://static.app.biggie.com.py/images/products/7790895643743.jpg,2026-08-22T21:20:04.000000Z
7840058009593,Gaseosa Coca Cola Sin Azucares de 1.000 ml Pack x 4 Uni.,27000,Coca Cola,bebidas-sin-alcohol,gaseosa-diet,https://static.app.biggie.com.py/images/products/7840058009593.jpg,2026-08-22T21:20:04.000000Z
7840058002945,Gaseosa Crush Pomelo de 2.000 ml.,6900,CRUSH,bebidas-sin-alcohol,gaseosa-normal,https://static.app.biggie.com.py/images/products/7840058002945.jpg,2026-08-22T21:20:04.000000Z
7840779007694,Agua Mineral La Fuente sin Gas Pico Sport de 1.000 ml.,3700,La Fuente,bebidas-sin-alcohol,aguas-minerales,https://static.app.biggie.com.py/images/products/7840779007694.jpg,2026-08-22T21:20:04.000000Z
7840981000094,Agua Mineral De la Costa con Gas de 500 ml.,2500,De La Costa,bebidas-sin-alcohol,aguas-minerales,https://static.app.biggie.com.py/images/products/7840981000094.jpg,2026-08-22T21:20:04.000000Z
7898047190227,Jugo de Naranja Pomaris de 300 ml.,14900,Pomaris,bebidas-sin-alcohol,jugos-naturales,https://static.app.biggie.com.py/images/products/7898047190227.jpg,2026-08-22T21:20:04.000000Z
7840058005212,Agua Saborizada Aquarius pomelo de 410 ml.,6000,Aquarius,bebidas-sin-alcohol,aguas-saborizadas,https://static.app.biggie.com.py/images/products/7840058005212.jpg,2026-08-22T21:20:04.000000Z
7840314000029,Jugo Purifru naranja de 1.000 ml.,26200,PURIFRU,bebidas-sin-alcohol,jugos-naturales,https://static.app.biggie.com.py/images/products/7840314000029.jpg,2026-08-22T21:20:04.000000Z
7840235004328,Agua de La Costa Tonica Flower de 269 ml.,4000,De La Costa,bebidas-sin-alcohol,agua-tonica,https://static.app.biggie.com.py/images/products/7840235004328.jpg,2026-08-22T21:20:04.000000Z
7840235003086,Agua Mineral De la Costa Bidon de 10 lts.,15000,De La Costa,bebidas-sin-alcohol,aguas-minerales,https://static.app.biggie.com.py/images/products/7840235003086.jpg,2026-08-22T21:20:04.000000Z
7840235003857,Agua Tonica De La Costa Grapefruit Lata de 269 ml.,4000,De La Costa,bebidas-sin-alcohol,agua-tonica,https://static.app.biggie.com.py/images/products/7840235003857.jpg,2026-08-22T21:20:04.000000Z
7841112000723,Agua Mineral Bes sin Gas de 10.000 ml.,16000,Bes,bebidas-sin-alcohol,aguas-minerales,https://static.app.biggie.com.py/images/products/7841112000723.jpg,2026-08-22T21:20:04.000000Z
7840058009128,Jugo Frugos del Valle Naranja de 200 ml Pack x 6 Uni.,20000,FRUGOS,bebidas-sin-alcohol,jugos,https://static.app.biggie.com.py/images/products/7840058009128.jpg,2026-08-22T21:20:04.000000Z
7840235004694,Agua Saborizada De La Costa Manzana de 2.000 ml.,10000,De La Costa,bebidas-sin-alcohol,aguas-saborizadas,,2026-08-22T21:20:04.000000Z
7840058003829,Agua Saborizada Aquarius naranja de 410 ml.,6000,Aquarius,bebidas-sin-alcohol,aguas-saborizadas,https://static.app.biggie.com.py/images/products/7840058003829.jpg,2026-08-22T21:20:04.000000Z
7840779003955,Jugo Purosol kids manzana de 150 ml.,2500,Puro Sol,bebidas-sin-alcohol,jugos,https://static.app.biggie.com.py/images/products/7840779003955.jpg,2026-08-22T21:20:04.000000Z
7840779006710,Gaseosa Pulp Pomelo de 3.000 ml.,18000,Pulp,bebidas-sin-alcohol,gaseosa-normal,https://static.app.biggie.com.py/images/products/7840779006710.jpg,2026-08-22T21:20:04.000000Z
7840235000603,Gaseosa Niko cola de 2.000 ml.,5500,NIKO,bebidas-sin-alcohol,gaseosa-normal,https://static.app.biggie.com.py/images/products/7840235000603.jpg,2026-08-22T21:20:04.000000Z
7840981000049,Agua Mineral De la Costa sin Gas de 500 ml.,2000,De La Costa,bebidas-sin-alcohol,aguas-minerales,https://static.app.biggie.com.py/images/products/7840981000049.jpg,2026-08-22T21:20:04.000000Z
7790895643767,Jugo Ades tropical multi10 de 200 ml.,4000,Ades,bebidas-sin-alcohol,jugos,https://static.app.biggie.com.py/images/products/7790895643767.jpg,2026-08-22T21:20:04.000000Z
7840058003386,Agua Saborizada Aquarius manzana de 410 ml.,6000,Aquarius,bebidas-sin-alcohol,aguas-saborizadas,https://static.app.biggie.com.py/images/products/7840058003386.jpg,2026-08-22T21:20:04.000000Z
7840058010209,Jugos Del Valle Fresh Pomelo de 1.500 ml.,10000,DEL VALLE,bebidas-sin-alcohol,jugos,https://static.app.biggie.com.py/images/products/7840058010209.jpg,2026-08-22T21:20:04.000000Z
7840058008725,Jugos Frugos Fresh Frutas Tropicales de 1.500 ml.,10000,FRUGOS,bebidas-sin-alcohol,jugos,https://static.app.biggie.com.py/images/products/7840058008725.jpg,2026-08-22T21:20:04.000000Z
7840058010766,Gaseosa Schweppes Pomelo Zero Azucar de 500 ml.,6500,Schweppes,bebidas-sin-alcohol,gaseosa-normal,https://static.app.biggie.com.py/images/products/7840058010766.jpg,2026-08-22T21:20:04.000000Z
7840235004670,Agua Saborizada De La Costa Naranja de 2.000 ml.,10000,De La Costa,bebidas-sin-alcohol,aguas-saborizadas,,2026-08-22T21:20:04.000000Z
7840779009889,Agua Tonica La Fuente de 2.000 ml.,11000,La Fuente,bebidas-sin-alcohol,agua-tonica,https://static.app.biggie.com.py/images/products/7840779009889.jpg,2026-08-22T21:20:04.000000Z
9005465133080,Energizante Dark Dog de 1.500 ml.,30000,Dark Dog,bebidas-sin-alcohol,bebidas-energizantes,https://static.app.biggie.com.py/images/products/9005465133080.jpg,2026-08-22T21:20:04.000000Z
7840188010230,Jugo Watts Nectar Durazno Light de 200 ml.,4250,Watts,bebidas-sin-alcohol,jugos,https://static.app.biggie.com.py/images/products/7840188010230.jpg,2026-08-22T21:20:04.000000Z
7840028202504,Gaseosa Paso de los Toros de 1.500 ml.,10000,PASO DE LOS TOROS,bebidas-sin-alcohol,gaseosa-normal,,2026-08-22T21:20:04.000000Z
7840981000100,Agua Mineral De la Costa con Gas de 2.000 ml.,4500,De La Costa,bebidas-sin-alcohol,aguas-minerales,https://static.app.biggie.com.py/images/products/7840981000100.jpg,2026-08-22T21:20:04.000000Z
7896004401409,Agua de Coco Sococo de 1.000 ml.,23350,Sococo,bebidas-sin-alcohol,aguas-saborizadas,https://static.app.biggie.com.py/images/products/7896004401409.jpg,2026-08-22T21:20:04.000000Z
7840235004700,Agua Saborizada De La Costa Pomelo de 500 ml.,5000,De La Costa,bebidas-sin-alcohol,aguas-saborizadas,https://static.app.biggie.com.py/images/products/7840235004700.jpg,2026-08-22T21:20:04.000000Z
7840058003010,Gaseosa Crush Naranja de 2.000 ml.,6900,CRUSH,bebidas-sin-alcohol,gaseosa-normal,https://static.app.biggie.com.py/images/products/7840058003010.jpg,2026-08-22T21:20:04.000000Z
7840779003948,Jugo Purosol Kids citrus de 150 ml.,2500,Puro Sol,bebidas-sin-alcohol,jugos,https://static.app.biggie.com.py/images/products/7840779003948.jpg,2026-08-22T21:20:04.000000Z
7840779009414,Agua Mineral La fuente sin Gas de 3.000 ml.,6000,La Fuente,bebidas-sin-alcohol,aguas-minerales,https://static.app.biggie.com.py/images/products/7840779009414.jpg,2026-08-22T21:20:04.000000Z
7840058010438,Gaseosa Fanta Naranja Retornable de 2.000 ml.,10000,Fanta,bebidas-sin-alcohol,gaseosa-normal,,2026-08-22T21:20:04.000000Z
7840235000634,Gaseosa Niko Guarana de 2.000 ml.,5500,NIKO,bebidas-sin-alcohol,gaseosa-normal,https://static.app.biggie.com.py/images/products/7840235000634.jpg,2026-08-22T21:20:04.000000Z
7840235003840,Agua Tonica De La Costa Ginger Ale de 269 ml.,4000,De La Costa,bebidas-sin-alcohol,agua-tonica,https://static.app.biggie.com.py/images/products/7840235003840.jpg,2026-08-22T21:20:04.000000Z
3244851006423,Energizante Dark Dog Drink Tropical de 500 ml.,14000,Dark Dog,bebidas-sin-alcohol,bebidas-energizantes,https://static.app.biggie.com.py/images/products/3244851006423.jpg,2026-08-22T21:20:04.000000Z
7898080660565,Energizante Baly Energy Drink Botella de 1.000 ml.,17000,Baly,bebidas-sin-alcohol,bebidas-energizantes,https://static.app.biggie.com.py/images/products/7898080660565.jpg,2026-08-22T21:20:04.000000Z
7840779006727,Gaseosa Pulp Guarana de 3.000 ml.,18000,Pulp,bebidas-sin-alcohol,gaseosa-normal,https://static.app.biggie.com.py/images/products/7840779006727.jpg,2026-08-22T21:20:04.000000Z
7790950133318,Agua Saborizada Terma Serrano de 1.350 ml.,18900,TERMA,bebidas-sin-alcohol,aguas-saborizadas,https://static.app.biggie.com.py/images/products/7790950133318.jpg,2026-08-22T21:20:04.000000Z
7840235002683,Agua Mineral De la Costa Pico Sport de 960 ml.,3500,De La Costa,bebidas-sin-alcohol,aguas-minerales,https://static.app.biggie.com.py/images/products/7840235002683.jpg,2026-08-22T21:20:04.000000Z
7840779003962,Jugo Purosol kids durazno de 150 ml.,2500,Puro Sol,bebidas-sin-alcohol,jugos,https://static.app.biggie.com.py/images/products/7840779003962.jpg,2026-08-22T21:20:04.000000Z
7730130002218,Bebida Isotonica Full Sport Manzana de 640 ml.,9000,Full Sport,bebidas-sin-alcohol,bebidas-isotonicas,https://static.app.biggie.com.py/images/products/7730130002218.jpg,2026-08-22T21:20:04.000000Z
7840235003833,Agua Tonica De La Costa Original Lata de 269 ml.,4000,De La Costa,bebidas-sin-alcohol,agua-tonica,https://static.app.biggie.com.py/images/products/7840235003833.jpg,2026-08-22T21:20:04.000000Z
7840235000627,Gaseosa Niko Naranja de 2.000 ml.,5500,NIKO,bebidas-sin-alcohol,gaseosa-normal,https://static.app.biggie.com.py/images/products/7840235000627.jpg,2026-08-22T21:20:04.000000Z
7840058009852,Jugo Del Valle Kapo Uva de 200 ml.,3500,DEL VALLE,bebidas-sin-alcohol,jugos,https://static.app.biggie.com.py/images/products/7840058009852.jpg,2026-08-22T21:20:04.000000Z
7840017230150,Soda Seltz en Sifon Descartable de 2.000 ml.,11000,Seltz,bebidas-sin-alcohol,aguas-minerales,https://static.app.biggie.com.py/images/products/7840017230150.jpg,2026-08-22T21:20:04.000000Z
7840779009209,Gaseosa Pulp Pomelo de 500 ml.,6000,Pulp,bebidas-sin-alcohol,gaseosa-normal,https://static.app.biggie.com.py/images/products/7840779009209.jpg,2026-08-22T21:20:04.000000Z
7840058009227,Jugos Del Valle Naranja de 1.500 ml Pack x 2 Uni.,24650,DEL VALLE,bebidas-sin-alcohol,jugos,https://static.app.biggie.com.py/images/products/7840058009227.jpg,2026-08-22T21:20:04.000000Z
7840058009234,Jugos Del Valle Durazno de 1.500 ml Pack x 2 Uni.,24650,DEL VALLE,bebidas-sin-alcohol,jugos,https://static.app.biggie.com.py/images/products/7840058009234.jpg,2026-08-22T21:20:04.000000Z
884394007308,Agua de Aloe Okf Farmers Original de 1.500 ml.,35900,OKF,bebidas-sin-alcohol,aguas-saborizadas,https://static.app.biggie.com.py/images/products/884394007308.jpg,2026-08-22T21:20:04.000000Z
7840017211104,Energizante Mr. Bee Normal de 269 ml.,11000,Seltz,bebidas-sin-alcohol,bebidas-energizantes,https://static.app.biggie.com.py/images/products/7840017211104.jpg,2026-08-22T21:20:04.000000Z
7790895649806,Jugo Ades Almendras de 1.000 ml.,29000,Ades,bebidas-sin-alcohol,jugos,https://static.app.biggie.com.py/images/products/7790895649806.jpg,2026-08-22T21:20:04.000000Z
7840235000764,Gaseosa Niko Piña de 2.000 ml.,5500,NIKO,bebidas-sin-alcohol,gaseosa-normal,https://static.app.biggie.com.py/images/products/7840235000764.jpg,2026-08-22T21:20:04.000000Z
7840779003221,Jugo Watts Nectar Naranja Light Tetra de 200 ml.,4250,Watts,bebidas-sin-alcohol,jugos,https://static.app.biggie.com.py/images/products/7840779003221.jpg,2026-08-22T21:20:04.000000Z
7840058008169,Gaseosa Crush Guarana de 3.000 ml.,8900,CRUSH,bebidas-sin-alcohol,gaseosa-normal,https://static.app.biggie.com.py/images/products/7840058008169.jpg,2026-08-22T21:20:04.000000Z
7840058007407,Gaseosa Crush Piña de 3.000 ml.,8900,CRUSH,bebidas-sin-alcohol,gaseosa-normal,https://static.app.biggie.com.py/images/products/7840058007407.jpg,2026-08-22T21:20:04.000000Z
7840235002485,Gaseosa Niko Cola Zero de 2000 ml.,5500,NIKO,bebidas-sin-alcohol,gaseosa-normal,https://static.app.biggie.com.py/images/products/7840235002485.jpg,2026-08-22T21:20:04.000000Z
7840235004687,Agua Saborizada De La Costa Manzana de 500 ml.,5000,De La Costa,bebidas-sin-alcohol,aguas-saborizadas,https://static.app.biggie.com.py/images/products/7840235004687.jpg,2026-08-22T21:20:04.000000Z
7840235004663,Agua Saborizada De La Costa Naranja de 500 ml.,5000,De La Costa,bebidas-sin-alcohol,aguas-saborizadas,https://static.app.biggie.com.py/images/products/7840235004663.jpg,2026-08-22T21:20:04.000000Z
7840017211142,Energizante Mr. Bee de 1.500 ml.,16100,Seltz,bebidas-sin-alcohol,bebidas-energizantes,https://static.app.biggie.com.py/images/products/7840017211142.jpg,2026-08-22T21:20:04.000000Z
7840117005016,Jugo Frutika Nectar de Guayaba de 1.000 ml.,9900,Frutika,bebidas-sin-alcohol,jugos,https://static.app.biggie.com.py/images/products/7840117005016.jpg,2026-08-22T21:20:04.000000Z
7801610310915,Agua Tonica Schweppes Lata Pink Tonic de 310 ml.,7000,Schweppes,bebidas-sin-alcohol,agua-tonica,https://static.app.biggie.com.py/images/products/7801610310915.jpg,2026-08-22T21:20:04.000000Z
3244851006416,Energizante Dark Dog Drink Cherry de 500 ml.,14000,Dark Dog,bebidas-sin-alcohol,bebidas-energizantes,https://static.app.biggie.com.py/images/products/3244851006416.jpg,2026-08-22T21:20:04.000000Z
7801610310465,Agua Tonica Schweppes Singer Ale Lata de 310 ml.,7000,Schweppes,bebidas-sin-alcohol,agua-tonica,https://static.app.biggie.com.py/images/products/7801610310465.jpg,2026-08-22T21:20:04.000000Z
7790950141610,Agua Saborizada Terma Pomelo Rosado Cero de 1.350 ml.,18900,TERMA,bebidas-sin-alcohol,aguas-saborizadas,https://static.app.biggie.com.py/images/products/7790950141610.jpg,2026-08-22T21:20:04.000000Z
7898080663733,Energizante Baly Energy Lata de 473 ml.,14000,Baly,bebidas-sin-alcohol,bebidas-energizantes,https://static.app.biggie.com.py/images/products/7898080663733.jpg,2026-08-22T21:20:04.000000Z
7790950133363,Agua Saborizada Terma Pomelo rosado de 1.350ml.,18900,TERMA,bebidas-sin-alcohol,aguas-saborizadas,https://static.app.biggie.com.py/images/products/7790950133363.jpg,2026-08-22T21:20:04.000000Z
7790895643750,Jugo Ades Naranja Multi 10 de 200 ml.,4000,Ades,bebidas-sin-alcohol,jugos,https://static.app.biggie.com.py/images/products/7790895643750-32605995.jpg,2026-08-22T21:20:04.000000Z
7840235000689,Gaseosa Niko Cola de 1000 ml.,4000,NIKO,bebidas-sin-alcohol,gaseosa-normal,https://static.app.biggie.com.py/images/products/7840235000689.jpg,2026-08-22T21:20:04.000000Z
7840058009838,Jugo Del Valle Kapo Manzana de 200 ml.,3500,DEL VALLE,bebidas-sin-alcohol,jugos,https://static.app.biggie.com.py/images/products/7840058009838.jpg,2026-08-22T21:20:04.000000Z
7898080662262,Energizante Baly Lata de 250 ml.,9500,Baly,bebidas-sin-alcohol,bebidas-energizantes,https://static.app.biggie.com.py/images/products/7898080662262.jpg,2026-08-22T21:20:04.000000Z
7840058010179,Gaseosa Sprite Full Sugar Film Decorado de 250 ml Pack x 6 Uni.,17500,Sprite,bebidas-sin-alcohol,gaseosa-normal,https://static.app.biggie.com.py/images/products/7840058010179.jpg,2026-08-22T21:20:04.000000Z
7801610333167,Agua Tonica Schweppes Lata de 310 ml.,7000,Schweppes,bebidas-sin-alcohol,agua-tonica,https://static.app.biggie.com.py/images/products/7801610333167.jpg,2026-08-22T21:20:04.000000Z
3244851006768,Energizante Dark Dog Drink Pink Fizz de 500 ml.,14000,Dark Dog,bebidas-sin-alcohol,bebidas-energizantes,https://static.app.biggie.com.py/images/products/3244851006768.jpg,2026-08-22T21:20:04.000000Z
7840058009197,Jugos Del Valle Manzana de 1.000 ml Pack x 2 Uni.,19500,DEL VALLE,bebidas-sin-alcohol,jugos,https://static.app.biggie.com.py/images/products/7840058009197.jpg,2026-08-22T21:20:04.000000Z
7841112000532,Bebida Isotonica Bes Power Asaí de 660 ml.,8400,Bes,bebidas-sin-alcohol,bebidas-isotonicas,https://static.app.biggie.com.py/images/products/7841112000532.jpg,2026-08-22T21:20:04.000000Z
7840779008653,Jugo Watts Tetra de Durazno x 2 de 1.500 ml.,25500,Watts,bebidas-sin-alcohol,jugos,https://static.app.biggie.com.py/images/products/7840779008653.jpg,2026-08-22T21:20:04.000000Z
7840058009814,Jugo Del Valle Kapo Naranja de 200 ml.,3500,DEL VALLE,bebidas-sin-alcohol,jugos,https://static.app.biggie.com.py/images/products/7840058009814.jpg,2026-08-22T21:20:04.000000Z
7801610310489,Agua Tonica Schweppes Singer Ale Sin Azucar Lata de 310 ml.,7000,Schweppes,bebidas-sin-alcohol,agua-tonica,https://static.app.biggie.com.py/images/products/7801610310489.jpg,2026-08-22T21:20:04.000000Z
7790895649837,Jugo Ades Natural con Calcio de 1.000 ml.,12000,Ades,bebidas-sin-alcohol,jugos,https://static.app.biggie.com.py/images/products/7790895649837.jpg,2026-08-22T21:20:04.000000Z
7840117011703,Agua Mineral Genesis sin Gas de 2.250 ml.,4400,Génesis,bebidas-sin-alcohol,aguas-minerales,https://static.app.biggie.com.py/images/products/7840117011703.jpg,2026-08-22T21:20:04.000000Z
7840117001018,Jugo Frutika Nectar Naranja de 1.000 ml.,9900,Frutika,bebidas-sin-alcohol,jugos,https://static.app.biggie.com.py/images/products/7840117001018.jpg,2026-08-22T21:20:04.000000Z
7840235000719,Gaseosa Niko Guarana de 1.000 ml.,4000,NIKO,bebidas-sin-alcohol,gaseosa-normal,https://static.app.biggie.com.py/images/products/7840235000719.jpg,2026-08-22T21:20:04.000000Z
7840117003012,Jugo Frutika Nectar de Pomelo de 1.000 ml.,9900,Frutika,bebidas-sin-alcohol,jugos,https://static.app.biggie.com.py/images/products/7840117003012.jpg,2026-08-22T21:20:04.000000Z
7840981000117,Agua Mineral De La Costa sin Gas Pico Sport de 500 ml.,2500,De La Costa,bebidas-sin-alcohol,aguas-minerales,https://static.app.biggie.com.py/images/products/7840981000117.jpg,2026-08-22T21:20:04.000000Z
7840117011680,Agua Mineral Genesis sin Gas de 500 ml.,2800,Génesis,bebidas-sin-alcohol,aguas-minerales,https://static.app.biggie.com.py/images/products/7840117011680.jpg,2026-08-22T21:20:04.000000Z
7840058009203,Jugos Del Valle Naranja de 1.000 ml Pack x 2 Uni.,19500,DEL VALLE,bebidas-sin-alcohol,jugos,https://static.app.biggie.com.py/images/products/7840058009203.jpg,2026-08-22T21:20:04.000000Z
7840314000821,Jugo Purifru Natural Pomelo de 330 ml.,11900,PURIFRU,bebidas-sin-alcohol,jugos-naturales,https://static.app.biggie.com.py/images/products/7840314000821.jpg,2026-08-22T21:20:04.000000Z
7840058009210,Jugos Del Valle Durazno de 1.000 ml Pack x 2 Uni.,19500,DEL VALLE,bebidas-sin-alcohol,jugos,https://static.app.biggie.com.py/images/products/7840058009210.jpg,2026-08-22T21:20:04.000000Z
7841112000044,Agua Mineral Bes sin Gas de 2.000 ml.,3550,Bes,bebidas-sin-alcohol,aguas-minerales,https://static.app.biggie.com.py/images/products/7841112000044-32626608.jpg,2026-08-22T21:20:04.000000Z
7840058009326,Jugos del Valle Frutilla Mango de 200 ml.,4000,DEL VALLE,bebidas-sin-alcohol,jugos,https://static.app.biggie.com.py/images/products/7840058009326.jpg,2026-08-22T21:20:04.000000Z
7898080664402,Energizante Baly Sandia de 473 ml.,14000,Baly,bebidas-sin-alcohol,bebidas-energizantes,https://static.app.biggie.com.py/images/products/7898080664402.jpg,2026-08-22T21:20:04.000000Z
884394007773,Agua de Aloe Okf Farmers Sin Azucar de 500 ml.,17900,OKF,bebidas-sin-alcohol,aguas-saborizadas,https://static.app.biggie.com.py/images/products/884394007773.jpg,2026-08-22T21:20:04.000000Z
0745240184232,Infusion Yuko Terere Mix 0 stress de 80 ml Sachet,6000,YUKO,bebidas-sin-alcohol,infusion-de-hierbas,https://static.app.biggie.com.py/images/products/0745240184232.jpg,2026-08-22T21:20:04.000000Z
7840235004878,Gaseosa Niko Uva de 1000 ml.,4000,NIKO,bebidas-sin-alcohol,gaseosa-normal,https://static.app.biggie.com.py/images/products/7840235004878.jpg,2026-08-22T21:20:04.000000Z
7840058008510,Gaseosa Fanta Guarana de 250 ml x 6 Uni.,17500,Fanta,bebidas-sin-alcohol,gaseosa-normal,https://static.app.biggie.com.py/images/products/7840058008510.jpg,2026-08-22T21:20:04.000000Z
7840058010346,Gaseosa Fanta Naranja de 250 ml Pack x 6 Uni.,17500,Fanta,bebidas-sin-alcohol,gaseosa-normal,https://static.app.biggie.com.py/images/products/7840058010346.jpg,2026-08-22T21:20:04.000000Z
7840779008639,Jugo Watts Tetra de Durazno Light  x 2 de 1.500 ml.,25500,Watts,bebidas-sin-alcohol,jugos,https://static.app.biggie.com.py/images/products/7840779008639.jpg,2026-08-22T21:20:04.000000Z
7840017013333,Bebida Isotonica Seltz Sport Frutos Rojos de 600 ml.,8800,Seltz,bebidas-sin-alcohol,bebidas-isotonicas,,2026-08-22T21:20:04.000000Z
7840058009845,Jugo Del Valle Kapo Manzana de 200 ml Pack x 6 Uni.,17500,DEL VALLE,bebidas-sin-alcohol,jugos,https://static.app.biggie.com.py/images/products/7840058009845.jpg,2026-08-22T21:20:04.000000Z
0745240184263,Infusion Yuko Terere Mix Detox de 80 ml Sachet,6000,YUKO,bebidas-sin-alcohol,infusion-de-hierbas,,2026-08-22T21:20:04.000000Z
7840017013135,Bebida Isotonica Seltz Sport Cool Blue de 600 ml.,8800,Seltz,bebidas-sin-alcohol,bebidas-isotonicas,,2026-08-22T21:20:04.000000Z
7840058009869,Jugo Del Valle Kapo Uva de 200 ml Pack x 6 Uni.,17500,DEL VALLE,bebidas-sin-alcohol,jugos,https://static.app.biggie.com.py/images/products/7840058009869.jpg,2026-08-22T21:20:04.000000Z
7840117004019,Jugo Frutika Nectar de Durazno de 1.000 ml.,9900,Frutika,bebidas-sin-alcohol,jugos,https://static.app.biggie.com.py/images/products/7840117004019.jpg,2026-08-22T21:20:04.000000Z
7898080664914,Energizante Baly Energy Drink Mandarina de 473 ml.,14000,Baly,bebidas-sin-alcohol,bebidas-energizantes,https://static.app.biggie.com.py/images/products/7898080664914.jpg,2026-08-22T21:20:04.000000Z
0745240184249,Infusion Yuko Terere Mix Che Koraso de 80 ml Sachet,6000,YUKO,bebidas-sin-alcohol,infusion-de-hierbas,https://static.app.biggie.com.py/images/products/0745240184249.jpg,2026-08-22T21:20:04.000000Z
7840017108152,Agua Mineral Seltz sin Sodio de 2.000 ml.,3450,Seltz,bebidas-sin-alcohol,aguas-minerales,https://static.app.biggie.com.py/images/products/7840017108152.jpg,2026-08-22T21:20:04.000000Z
0735745842294,Infusion Yuko Terere Mix Doce Ocho de 80 ml Sachet,6000,YUKO,bebidas-sin-alcohol,infusion-de-hierbas,,2026-08-22T21:20:04.000000Z
0745240184256,Infusion Yuko Terere Mix Digest-Yorador de 80 ml Sachet,6000,YUKO,bebidas-sin-alcohol,infusion-de-hierbas,https://static.app.biggie.com.py/images/products/0745240184256.jpg,2026-08-22T21:20:04.000000Z
7896004401744,Agua de Coco Sococo de 330 ml.,13500,Sococo,bebidas-sin-alcohol,aguas-saborizadas,https://static.app.biggie.com.py/images/products/7896004401744.jpg,2026-08-22T21:20:04.000000Z
7801610310083,Agua Tonica Schweppes Sin Azucar Lata de 310 ml.,7000,Schweppes,bebidas-sin-alcohol,agua-tonica,https://static.app.biggie.com.py/images/products/7801610310083.jpg,2026-08-22T21:20:04.000000Z
7898080664693,Energizante Baly Brink Acai de Lata de 473 ml.,14000,Baly,bebidas-sin-alcohol,bebidas-energizantes,https://static.app.biggie.com.py/images/products/7898080664693.jpg,2026-08-22T21:20:04.000000Z
7840117011697,Agua Mineral Genesis sin gas Botella con Pico de 1.000 ml.,4200,Génesis,bebidas-sin-alcohol,aguas-minerales,https://static.app.biggie.com.py/images/products/7840117011697.jpg,2026-08-22T21:20:04.000000Z
7841112000563,Bebida Isotonica Bes Power Asai Cero de 660 ml.,8400,Bes,bebidas-sin-alcohol,bebidas-isotonicas,https://static.app.biggie.com.py/images/products/7841112000563.jpg,2026-08-22T21:20:04.000000Z
7898080665379,Energizante Baly Energy Drink Piña con Menta de 250 ml.,9500,Baly,bebidas-sin-alcohol,bebidas-energizantes,https://static.app.biggie.com.py/images/products/7898080665379.jpg,2026-08-22T21:20:04.000000Z
7896100501829,Jugo Alianca de Uva Tinto de 1.500 ml.,41500,Alianca,bebidas-sin-alcohol,jugos,https://static.app.biggie.com.py/images/products/7896100501829.jpg,2026-08-22T21:20:04.000000Z
7840117004026,Jugo Frutika Nectar de Durazno de 200 ml.,3800,Frutika,bebidas-sin-alcohol,jugos,https://static.app.biggie.com.py/images/products/7840117004026.jpg,2026-08-22T21:20:04.000000Z
7898080664587,Energizante Baly Energy Drink Manzana Verde de 473 ml.,14000,Baly,bebidas-sin-alcohol,bebidas-energizantes,https://static.app.biggie.com.py/images/products/7898080664587.jpg,2026-08-22T21:20:04.000000Z
7898080663849,Energizante Baly Energy Drink sin Azucar de 250 ml.,9500,Baly,bebidas-sin-alcohol,bebidas-energizantes,https://static.app.biggie.com.py/images/products/7898080663849.jpg,2026-08-22T21:20:04.000000Z
7840058009821,Jugo Del Valle Kapo Naranja de 200 ml Pack x 6 Uni.,17500,DEL VALLE,bebidas-sin-alcohol,jugos,https://static.app.biggie.com.py/images/products/7840058009821.jpg,2026-08-22T21:20:04.000000Z
7840314000869,Jugo Purifru Natural Naranja y Maracuya Mix#2 de 330 ml.,11900,PURIFRU,bebidas-sin-alcohol,jugos-naturales,https://static.app.biggie.com.py/images/products/7840314000869.jpg,2026-08-22T21:20:04.000000Z
7840314000883,Jugo Purifru Natural Pomelo de 900 ml.,25000,PURIFRU,bebidas-sin-alcohol,jugos-naturales,https://static.app.biggie.com.py/images/products/7840314000883.jpg,2026-08-22T21:20:04.000000Z
7898080664990,Energizante Baly Energy Drink Frutilla con Durazno de 250 ml.,9500,Baly,bebidas-sin-alcohol,bebidas-energizantes,https://static.app.biggie.com.py/images/products/7898080664990.jpg,2026-08-22T21:20:04.000000Z
7840314000852,Jugo Purifru Natural Naranja Zanahoria y Manzana Mix#1 de 330 ml.,11900,PURIFRU,bebidas-sin-alcohol,jugos-naturales,https://static.app.biggie.com.py/images/products/7840314000852.jpg,2026-08-22T21:20:04.000000Z
7898080664846,Energizante Baly Summer Loko Mango de 473 ml.,14000,Baly,bebidas-sin-alcohol,bebidas-energizantes,https://static.app.biggie.com.py/images/products/7898080664846.jpg,2026-08-22T21:20:04.000000Z
7842117000091,Agua Mineral Gond Wana sin Gas de 2.000 ml.,10500,GOND WANA,bebidas-sin-alcohol,aguas-minerales,https://static.app.biggie.com.py/images/products/7842117000091-30711723.jpg,2026-08-22T21:20:04.000000Z
7841112000686,Agua Bes Mineral Natural Sin Gas de 625 ml.,2050,Bes,bebidas-sin-alcohol,aguas-minerales,https://static.app.biggie.com.py/images/products/7841112000686.jpg,2026-08-22T21:20:04.000000Z
7790950143706,Agua Saborizada Terma Citrus Cero Botella de 1.035 ml.,18900,TERMA,bebidas-sin-alcohol,aguas-saborizadas,https://static.app.biggie.com.py/images/products/7790950143706.jpg,2026-08-22T21:20:04.000000Z
7898080664037,Energizante Baly Drink Tropical Lata de 250 ml.,9500,Baly,bebidas-sin-alcohol,bebidas-energizantes,https://static.app.biggie.com.py/images/products/7898080664037.jpg,2026-08-22T21:20:04.000000Z
7840117001025,Jugo Frutika Nectar Naranja de 200 ml.,3800,Frutika,bebidas-sin-alcohol,jugos,https://static.app.biggie.com.py/images/products/7840117001025.jpg,2026-08-22T21:20:04.000000Z
7841112000549,Bebida Isotonica Bes Power Lichi de 660 ml.,8400,Bes,bebidas-sin-alcohol,bebidas-isotonicas,https://static.app.biggie.com.py/images/products/7841112000549.jpg,2026-08-22T21:20:04.000000Z
7840117002022,Jugo Frutika Nectar Manzana de 200 ml.,3800,Frutika,bebidas-sin-alcohol,jugos,https://static.app.biggie.com.py/images/products/7840117002022.jpg,2026-08-22T21:20:04.000000Z
7898080664419,Energizante Baly Drink Acai Lata de 250 ml.,9500,Baly,bebidas-sin-alcohol,bebidas-energizantes,https://static.app.biggie.com.py/images/products/7898080664419.jpg,2026-08-22T21:20:04.000000Z
7840117001032,Jugo Frutika Light Nectar de Naranja de 1.000 ml.,9900,Frutika,bebidas-sin-alcohol,jugos,https://static.app.biggie.com.py/images/products/7840117001032.jpg,2026-08-22T21:20:04.000000Z
7898080664273,Energizante Baly Tropical Lata de 473 ml.,14000,Baly,bebidas-sin-alcohol,bebidas-energizantes,https://static.app.biggie.com.py/images/products/7898080664273.jpg,2026-08-22T21:20:04.000000Z
7840017206124,Gaseosa Vita Pomelo de 500 ml.,2200,Vita,bebidas-sin-alcohol,gaseosa-normal,https://static.app.biggie.com.py/images/products/7840017206124.jpg,2026-08-22T21:20:04.000000Z
8002270000188,Agua Mineral San Pellegrino Gasificada de 750 ml.,28000,San Pellegrino,bebidas-sin-alcohol,aguas-minerales,https://static.app.biggie.com.py/images/products/8002270000188.jpg,2026-08-22T21:20:04.000000Z
7840117002015,Jugo Frutika Nectar de manzana de 1.000 ml.,9900,Frutika,bebidas-sin-alcohol,jugos,https://static.app.biggie.com.py/images/products/7840117002015.jpg,2026-08-22T21:20:04.000000Z
7622201703141,Refresco en Polvo Clight Naranja Dulce Vitamina C+D de 7.5 gr.,2600,CLIGHT,bebidas-sin-alcohol,refrescos-en-polvo,https://static.app.biggie.com.py/images/products/7622201703141.jpg,2026-08-22T21:20:04.000000Z
7898080664907,Energizante Baly Drink Mandarina Lata de 250 ml.,9500,Baly,bebidas-sin-alcohol,bebidas-energizantes,https://static.app.biggie.com.py/images/products/7898080664907.jpg,2026-08-22T21:20:04.000000Z
7840117004033,Jugo Frutika Nectar de Durazno Light de 1.000 ml.,9900,Frutika,bebidas-sin-alcohol,jugos,https://static.app.biggie.com.py/images/products/7840117004033.jpg,2026-08-22T21:20:04.000000Z
7840017212101,Energizante Mr. Bee Sin Azucares de 269 ml.,11000,Seltz,bebidas-sin-alcohol,bebidas-energizantes,https://static.app.biggie.com.py/images/products/7840017212101.jpg,2026-08-22T21:20:04.000000Z
7840028202450,Agua Tonica Paso de los Toros de 500 ml.,6000,PASO DE LOS TOROS,bebidas-sin-alcohol,agua-tonica,https://static.app.biggie.com.py/images/products/7840028202450.jpg,2026-08-22T21:20:04.000000Z
7840127002159,Blends Mixtea para Gin Sabor Frutos Rojos x Uni.,26000,Te Guarani,bebidas-sin-alcohol,infusion-de-hierbas,https://static.app.biggie.com.py/images/products/7840127002159.jpg,2026-08-22T21:20:04.000000Z
7840017108121,Agua Mineral Seltz sin Sodio de 500 ml.,2000,Seltz,bebidas-sin-alcohol,aguas-minerales,https://static.app.biggie.com.py/images/products/7840017108121.jpg,2026-08-22T21:20:04.000000Z
0735745842287,Infusion Yuko Terere Mix Tovajepete de 80 ml Sachet,6000,YUKO,bebidas-sin-alcohol,infusion-de-hierbas,,2026-08-22T21:20:04.000000Z
7840894000334,Gaseosa Tamburi Cola de 330 ml.,1650,Tamburi,bebidas-sin-alcohol,gaseosa-normal,https://static.app.biggie.com.py/images/products/7840894000334.jpg,2026-08-22T21:20:04.000000Z
7840017212125,Energizante Mr. Bee Sin Azucares de 500 ml.,7200,Seltz,bebidas-sin-alcohol,bebidas-energizantes,,2026-08-22T21:20:04.000000Z
7840017108138,Agua Mineral Seltz Pico Sport de 1.000 ml.,3300,Seltz,bebidas-sin-alcohol,aguas-minerales,https://static.app.biggie.com.py/images/products/7840017108138.jpg,2026-08-22T21:20:04.000000Z
7622201703080,Refresco en Polvo Clight Manzana Deliciosa Vitamina C+D de 7 gr.,2600,CLIGHT,bebidas-sin-alcohol,refrescos-en-polvo,https://static.app.biggie.com.py/images/products/7622201703080.jpg,2026-08-22T21:20:04.000000Z
7842117000053,Agua Mineral Gond Wana sin Gas de 500 ml.,6500,GOND WANA,bebidas-sin-alcohol,aguas-minerales,https://static.app.biggie.com.py/images/products/7842117000053-30711607.jpg,2026-08-22T21:20:04.000000Z
7841112000181,Agua Mineral Bes Sportcap de 1.000 ml.,3650,Bes,bebidas-sin-alcohol,aguas-minerales,https://static.app.biggie.com.py/images/products/7841112000181.jpg,2026-08-22T21:20:04.000000Z
7840017205127,Gaseosa Vita Guarana de 500 ml.,2200,Vita,bebidas-sin-alcohol,gaseosa-normal,https://static.app.biggie.com.py/images/products/7840017205127.jpg,2026-08-22T21:20:04.000000Z
7840894000358,Gaseosa Tamburi Guarana de 330 ml.,1650,Tamburi,bebidas-sin-alcohol,gaseosa-normal,https://static.app.biggie.com.py/images/products/7840894000358.jpg,2026-08-22T21:20:04.000000Z
7840117011994,Agua Mineral Genesis Saborizada Young Arandanos de 500 ml.,5000,Génesis,bebidas-sin-alcohol,aguas-saborizadas,https://static.app.biggie.com.py/images/products/7840117011994.jpg,2026-08-22T21:20:04.000000Z
7840017207121,Agua Tonica Seltz Botella de 500 ml.,3300,Seltz,bebidas-sin-alcohol,agua-tonica,https://static.app.biggie.com.py/images/products/7840017207121.jpg,2026-08-22T21:20:04.000000Z
7622201703110,Refresco en Polvo Clight Naranja Vitamina C+D de 8 gr.,2600,CLIGHT,bebidas-sin-alcohol,refrescos-en-polvo,https://static.app.biggie.com.py/images/products/7622201703110.jpg,2026-08-22T21:20:04.000000Z
7840017202157,Agua Mineral Seltz con Gas de 2.000 ml.,3500,Seltz,bebidas-sin-alcohol,aguas-minerales,https://static.app.biggie.com.py/images/products/7840017202157.jpg,2026-08-22T21:20:04.000000Z
7622201703172,Refresco en Polvo Clight Pomelo Rosado Vitamina C+D de 8 gr.,2600,CLIGHT,bebidas-sin-alcohol,refrescos-en-polvo,https://static.app.biggie.com.py/images/products/7622201703172.jpg,2026-08-22T21:20:04.000000Z
7841112000815,Agua Bes Mineral Gasificada 625ml,2200,Bes,bebidas-sin-alcohol,aguas-minerales,https://static.app.biggie.com.py/images/products/7841112000815.jpg,2026-08-22T21:20:04.000000Z
7842117000107,Agua Mineral Gond Wana con Gas de 500 ml.,7000,GOND WANA,bebidas-sin-alcohol,aguas-minerales,https://static.app.biggie.com.py/images/products/7842117000107-30711664.jpg,2026-08-22T21:20:04.000000Z
7840017203123,Gaseosa Vita Cola de 500 ml.,2200,Vita,bebidas-sin-alcohol,gaseosa-normal,https://static.app.biggie.com.py/images/products/7840017203123.jpg,2026-08-22T21:20:04.000000Z
7842117000268,Agua Mineral Gond Wana Sin Gas con Pico de 1.000 ml.,9500,GOND WANA,bebidas-sin-alcohol,aguas-minerales,https://static.app.biggie.com.py/images/products/7842117000268-31844459.jpg,2026-08-22T21:20:04.000000Z
7622201702717,"Refresco en Polvo Clight Naranja-Durazno Vitamina C+D de 7,5 gr.",2600,CLIGHT,bebidas-sin-alcohol,refrescos-en-polvo,https://static.app.biggie.com.py/images/products/7622201702717.jpg,2026-08-22T21:20:04.000000Z
7840017202126,Agua Mineral Seltz con Gas de 500 ml.,2300,Seltz,bebidas-sin-alcohol,aguas-minerales,https://static.app.biggie.com.py/images/products/7840017202126.jpg,2026-08-22T21:20:04.000000Z
7840017011094,Agua Saborizada Seltz Manzana de 500 ml.,2250,Seltz,bebidas-sin-alcohol,aguas-saborizadas,https://static.app.biggie.com.py/images/products/7840017011094.jpg,2026-08-22T21:20:04.000000Z
7842117000077,Agua Mineral Gond Wana sin Gas de1.000 ml.,8500,GOND WANA,bebidas-sin-alcohol,aguas-minerales,https://static.app.biggie.com.py/images/products/7842117000077-30711677.jpg,2026-08-22T21:20:04.000000Z
7802575216595,Refresco Caricia Naranja/Frutilla/Banana de 20 gr.,2000,CARICIA,bebidas-sin-alcohol,refrescos-en-polvo,https://static.app.biggie.com.py/images/products/7802575216595.jpg,2026-08-22T21:20:04.000000Z
7622201704148,Refresco en Polvo Clight Mandarina Vit+D de 8 gr.,2600,CLIGHT,bebidas-sin-alcohol,refrescos-en-polvo,https://static.app.biggie.com.py/images/products/7622201704148.jpg,2026-08-22T21:20:04.000000Z
7840017108220,Agua Mineral Seltz Sport de 500 ml.,2300,Seltz,bebidas-sin-alcohol,aguas-minerales,https://static.app.biggie.com.py/images/products/7840017108220.jpg,2026-08-22T21:20:04.000000Z
7840894001614,Gaseosa Tamburi Tubaina de 330 ml .,1650,Tamburi,bebidas-sin-alcohol,gaseosa-normal,https://static.app.biggie.com.py/images/products/7840894001614.jpg,2026-08-22T21:20:04.000000Z
112220,Botella Retornable de 2.000 ml.,5500,Coca Cola,bebidas-sin-alcohol,gaseosa-normal,,2026-08-22T21:20:04.000000Z
7802575229380,Jugo en Polvo Sprim Melon de 25 gr.,2800,SPRIM,bebidas-sin-alcohol,refrescos-en-polvo,https://static.app.biggie.com.py/images/products/7802575229380.jpg,2026-08-22T21:20:04.000000Z
7842117000275,Agua Mineral Gond Wana Sin Gas Con Pico de 500 ml.,7500,GOND WANA,bebidas-sin-alcohol,aguas-minerales,https://static.app.biggie.com.py/images/products/7842117000275-31844484.jpg,2026-08-22T21:20:04.000000Z
7622201702625,Refresco en Polvo Clight Anana Vit+D de 7 gr.,2600,CLIGHT,bebidas-sin-alcohol,refrescos-en-polvo,https://static.app.biggie.com.py/images/products/7622201702625.jpg,2026-08-22T21:20:04.000000Z
7898962571712,Jugo de Uva Pomaris de 900 ml.,39900,Pomaris,bebidas-sin-alcohol,jugos-naturales,https://static.app.biggie.com.py/images/products/7898962571712.jpg,2026-08-22T21:20:04.000000Z
7840017107148,Agua Mineral Seltz sin Gas de 1.500 ml.,3450,Seltz,bebidas-sin-alcohol,aguas-minerales,https://static.app.biggie.com.py/images/products/7840017107148.jpg,2026-08-22T21:20:04.000000Z
7840017010431,Agua Seltz Saborizada Limon de 500 ml.,2250,Seltz,bebidas-sin-alcohol,aguas-saborizadas,https://static.app.biggie.com.py/images/products/7840017010431.jpg,2026-08-22T21:20:04.000000Z
7840017010639,Agua Saborizada Seltz Piña de 500 ml.,2400,Seltz,bebidas-sin-alcohol,aguas-saborizadas,https://static.app.biggie.com.py/images/products/7840017010639.jpg,2026-08-22T21:20:04.000000Z
7790950147438,Agua Saborizada Terma Cero Pomelo Rosado de 500 ml.,6900,TERMA,bebidas-sin-alcohol,aguas-saborizadas,https://static.app.biggie.com.py/images/products/7790950147438.jpg,2026-08-22T21:20:04.000000Z
7840017013234,Bebida Isotonica Seltz Sport Manzana de 600 ml.,8800,Seltz,bebidas-sin-alcohol,bebidas-isotonicas,,2026-08-22T21:20:04.000000Z
7622210696441,Refresco en Polvo Clight Morango 8 gr.,2600,CLIGHT,bebidas-sin-alcohol,refrescos-en-polvo,https://static.app.biggie.com.py/images/products/7622210696441.jpg,2026-08-22T21:20:04.000000Z
7802575216625,Refresco en Polvo Caricia Frutilla de 20 gr.,2000,CARICIA,bebidas-sin-alcohol,refrescos-en-polvo,https://static.app.biggie.com.py/images/products/7802575216625.jpg,2026-08-22T21:20:04.000000Z
7802575216601,Refresco Caricia Durazno de 20 gr.,2000,CARICIA,bebidas-sin-alcohol,refrescos-en-polvo,https://static.app.biggie.com.py/images/products/7802575216601.jpg,2026-08-22T21:20:04.000000Z
7622210696670,Refresco en Polvo Clight Uva de 8 gr.,2600,CLIGHT,bebidas-sin-alcohol,refrescos-en-polvo,https://static.app.biggie.com.py/images/products/7622210696670.jpg,2026-08-22T21:20:04.000000Z
7840017010738,Agua Saborizada Seltz Durazno de 500 ml.,2400,Seltz,bebidas-sin-alcohol,aguas-saborizadas,https://static.app.biggie.com.py/images/products/7840017010738.jpg,2026-08-22T21:20:04.000000Z
7622210696595,Refresco en Polvo Clight Maracuja  8 gr.,2600,CLIGHT,bebidas-sin-alcohol,refrescos-en-polvo,https://static.app.biggie.com.py/images/products/7622210696595.jpg,2026-08-22T21:20:04.000000Z
7802575229335,Jugo en Polvo Sprim Durazno de 25 gr.,2800,SPRIM,bebidas-sin-alcohol,refrescos-en-polvo,https://static.app.biggie.com.py/images/products/7802575229335.jpg,2026-08-22T21:20:04.000000Z
7802575229311,Jugo en Polvo Sprim Naranja de 25 gr.,2800,SPRIM,bebidas-sin-alcohol,refrescos-en-polvo,https://static.app.biggie.com.py/images/products/7802575229311.jpg,2026-08-22T21:20:04.000000Z
7802575216670,Refresco en Polvo Caricia Tutti Frutti de 20 gr.,2000,CARICIA,bebidas-sin-alcohol,refrescos-en-polvo,https://static.app.biggie.com.py/images/products/7802575216670.jpg,2026-08-22T21:20:04.000000Z
7802575216618,Refresco en Polvo Caricia Naranja de 20 gr.,2000,CARICIA,bebidas-sin-alcohol,refrescos-en-polvo,https://static.app.biggie.com.py/images/products/7802575216618.jpg,2026-08-22T21:20:04.000000Z
7802575229359,Jugo en Polvo Sprim Frutilla de 25 gr.,2800,SPRIM,bebidas-sin-alcohol,refrescos-en-polvo,https://static.app.biggie.com.py/images/products/7802575229359.jpg,2026-08-22T21:20:04.000000Z
7622201703202,Refresco en Polvo Clight Pera Vit+D de 7 gr.,2600,CLIGHT,bebidas-sin-alcohol,refrescos-en-polvo,https://static.app.biggie.com.py/images/products/7622201703202.jpg,2026-08-22T21:20:04.000000Z
7802575229564,Refresco en Polvo Sprim Pera de 25 gr.,2800,SPRIM,bebidas-sin-alcohol,refrescos-en-polvo,https://static.app.biggie.com.py/images/products/7802575229564.jpg,2026-08-22T21:20:04.000000Z
7802575229342,Jugo en Polvo Sprim Piña de 25 gr.,2800,SPRIM,bebidas-sin-alcohol,refrescos-en-polvo,https://static.app.biggie.com.py/images/products/7802575229342.jpg,2026-08-22T21:20:04.000000Z
7840017109227,Agua Mineral Seltz Lady Sport de 500 ml.,2300,Seltz,bebidas-sin-alcohol,aguas-minerales,https://static.app.biggie.com.py/images/products/7840017109227.jpg,2026-08-22T21:20:04.000000Z
7622210696328,Refresco en Polvo Clight Limonada de 8 gr.,2600,CLIGHT,bebidas-sin-alcohol,refrescos-en-polvo,https://static.app.biggie.com.py/images/products/7622210696328.jpg,2026-08-22T21:20:04.000000Z
7802575229366,Jugo en Polvo Sprim Manzana de 25 gr.,2800,SPRIM,bebidas-sin-alcohol,refrescos-en-polvo,https://static.app.biggie.com.py/images/products/7802575229366.jpg,2026-08-22T21:20:04.000000Z
7840017010530,Agua Saborizada Seltz Naranja de 500 ml.,2250,Seltz,bebidas-sin-alcohol,aguas-saborizadas,https://static.app.biggie.com.py/images/products/7840017010530.jpg,2026-08-22T21:20:04.000000Z
7802575229403,Jugo en Polvo Sprim Mburucuja de 25 gr.,2800,SPRIM,bebidas-sin-alcohol,refrescos-en-polvo,https://static.app.biggie.com.py/images/products/7802575229403.jpg,2026-08-22T21:20:04.000000Z
7842117000121,Agua Mineral Gond Wana con Gas de1.000 ml.,9500,GOND WANA,bebidas-sin-alcohol,aguas-minerales,https://static.app.biggie.com.py/images/products/7842117000121-30711691.jpg,2026-08-22T21:20:04.000000Z
7841112000860,Agua Bes Flavor Manzana de 625 ml.,3450,Bes,bebidas-sin-alcohol,aguas-saborizadas,https://static.app.biggie.com.py/images/products/7841112000860.jpg,2026-08-22T21:20:04.000000Z
7622210571601,Refresco en Polvo Tang Laranja de 18 gr.,2000,TANG,bebidas-sin-alcohol,refrescos-en-polvo,https://static.app.biggie.com.py/images/products/7622210571601.jpg,2026-08-22T21:20:04.000000Z
7804681010005,Agua de Mar Seawater Isotonica Frambuesa Botella de 475 ml.,17000,SEAWATER,bebidas-sin-alcohol,bebidas-isotonicas,,2026-08-22T21:20:04.000000Z
7841112000440,Agua Tonica  Bes Cero de 1.000 ml.,5500,Bes,bebidas-sin-alcohol,agua-tonica,https://static.app.biggie.com.py/images/products/7841112000440.jpg,2026-08-22T21:20:04.000000Z
8413700171352,Infusion Carmencita Gin Tonic Floral x 3 Uni.,16500,Carmencita,bebidas-sin-alcohol,infusion-de-hierbas,https://static.app.biggie.com.py/images/products/8413700171352.jpg,2026-08-22T21:20:04.000000Z
8413700642357,Infusion Carmencita para Gin Tonic de 3 Unidades.,17500,Carmencita,bebidas-sin-alcohol,infusion-de-hierbas,https://static.app.biggie.com.py/images/products/8413700642357.jpg,2026-08-22T21:20:04.000000Z
7622210571540,Refresco Tang Limon de 25 gr.,2000,TANG,bebidas-sin-alcohol,refrescos-en-polvo,https://static.app.biggie.com.py/images/products/7622210571540.jpg,2026-08-22T21:20:04.000000Z
7802575216632,Jugo Caricia en Polvo sabor Mandarina 20gr rinde 2L,2000,CARICIA,bebidas-sin-alcohol,jugos,https://static.app.biggie.com.py/images/products/7802575216632.jpg,2026-08-22T21:20:04.000000Z
7622210571571,Refresco en Polvo Tang Laranja Docinha de 18 gr.,2000,TANG,bebidas-sin-alcohol,refrescos-en-polvo,https://static.app.biggie.com.py/images/products/7622210571571.jpg,2026-08-22T21:20:04.000000Z
7804681010029,Agua de Mar Seawater Isotonica Maracuya Botella de 475 ml.,17000,SEAWATER,bebidas-sin-alcohol,bebidas-isotonicas,https://static.app.biggie.com.py/images/products/7804681010029.jpg,2026-08-22T21:20:04.000000Z
7622210571755,Refresco Tang Abacaxi de 18 gr.,2000,TANG,bebidas-sin-alcohol,refrescos-en-polvo,https://static.app.biggie.com.py/images/products/7622210571755.jpg,2026-08-22T21:20:04.000000Z
7622210571724,Refresco en Polvo Tang Frutilla de 18 gr.,2000,TANG,bebidas-sin-alcohol,refrescos-en-polvo,https://static.app.biggie.com.py/images/products/7622210571724.jpg,2026-08-22T21:20:04.000000Z
7848001640046,"Agua Vitaminada Fluit Defense Vitamina C, Zinc, Selenio de 400 ml.",25000,Fluit,bebidas-sin-alcohol,bebidas-energizantes,https://static.app.biggie.com.py/images/products/7848001640046.jpg,2026-08-22T21:20:04.000000Z
7841112000747,Agua Tonica Bes Light de 625 ml.,3650,Bes,bebidas-sin-alcohol,agua-tonica,https://static.app.biggie.com.py/images/products/7841112000747-32606474.jpg,2026-08-22T21:20:04.000000Z
7848001640015,Agua Vitaminada Fluit Energy Caffeine de 400 ml.,25000,Fluit,bebidas-sin-alcohol,aguas-saborizadas,https://static.app.biggie.com.py/images/products/7848001640015.jpg,2026-08-22T21:20:04.000000Z
7841112000822,Agua Bes Flavor Limon de 625 ml.,3450,Bes,bebidas-sin-alcohol,aguas-saborizadas,https://static.app.biggie.com.py/images/products/7841112000822.jpg,2026-08-22T21:20:04.000000Z
7840314000388,Jugo Purifru Elixir Solar de 330 ml.,25000,PURIFRU,bebidas-sin-alcohol,jugos-naturales,https://static.app.biggie.com.py/images/products/7840314000388.jpg,2026-08-22T21:20:04.000000Z
7848001640022,Agua Vitaminada Fluit Detox Complejo B de 400 ml.,25000,Fluit,bebidas-sin-alcohol,aguas-saborizadas,https://static.app.biggie.com.py/images/products/7848001640022.jpg,2026-08-22T21:20:04.000000Z
7622210571663,Refresco en Polvo Tang Uva Intensa de 25 gr.,2000,TANG,bebidas-sin-alcohol,refrescos-en-polvo,https://static.app.biggie.com.py/images/products/7622210571663.jpg,2026-08-22T21:20:04.000000Z
7622210571694,Refresco Tang Maracuya de 18 gr.,2000,TANG,bebidas-sin-alcohol,refrescos-en-polvo,https://static.app.biggie.com.py/images/products/7622210571694.jpg,2026-08-22T21:20:04.000000Z
7622210571786,Refresco en Polvo Tang Uva de 18 gr.,2000,TANG,bebidas-sin-alcohol,refrescos-en-polvo,https://static.app.biggie.com.py/images/products/7622210571786.jpg,2026-08-22T21:20:04.000000Z
7790950147407,Agua Saborizada Terma Cero Manzana de 500 ml.,6900,TERMA,bebidas-sin-alcohol,aguas-saborizadas,https://static.app.biggie.com.py/images/products/7790950147407.jpg,2026-08-22T21:20:04.000000Z
7840314000371,Juro Purifru Green Reset de 330 ml.,24500,PURIFRU,bebidas-sin-alcohol,jugos-naturales,https://static.app.biggie.com.py/images/products/7840314000371.jpg,2026-08-22T21:20:04.000000Z
7840314000395,Jugo Purifru Che Amor de 330 ml.,25000,PURIFRU,bebidas-sin-alcohol,jugos-naturales,https://static.app.biggie.com.py/images/products/7840314000395.jpg,2026-08-22T21:20:04.000000Z
7840058002112,"Agua Mineral Dasani Plain con Gas 1,5 ml.",4300,Dasani,bebidas-sin-alcohol,aguas-minerales,,2026-08-22T21:20:04.000000Z
7840314000449,Jugo Purifru Cold Pressed Juice Shot Anti Zombie de 110 ml.,16700,PURIFRU,bebidas-sin-alcohol,jugos-naturales,https://static.app.biggie.com.py/images/products/7840314000449.jpg,2026-08-22T21:20:04.000000Z
7842117000428,Agua Gond Wana + Colageno Sabor Arandano de 500 ml.,12000,GOND WANA,bebidas-sin-alcohol,aguas-minerales,,2026-08-22T21:20:04.000000Z
7842117000411,Agua Gond Wana + Colageno Sabor Guarana de 500 ml.,12000,GOND WANA,bebidas-sin-alcohol,aguas-minerales,https://static.app.biggie.com.py/images/products/7842117000411.jpg,2026-08-22T21:20:04.000000Z
826597,Reposicion Watson's de Agua Mineral Natural de 20.000 ml.,12500,Watson's,bebidas-sin-alcohol,aguas-minerales,,2026-08-22T21:20:04.000000Z
7842117000367,Agua Mineral Gond Wana Natural Sistema Abierto Activacion de 20.000 ml.,52000,GOND WANA,bebidas-sin-alcohol,aguas-minerales,,2026-08-22T21:20:04.000000Z
7840314000425,Jugo Purifru Cold Pressed Juice Shot On de 110 ml.,16700,PURIFRU,bebidas-sin-alcohol,jugos-naturales,https://static.app.biggie.com.py/images/products/7840314000425.jpg,2026-08-22T21:20:04.000000Z
7841936000183,Jugo Tracende Aguitas Aloe. 500 ml,6000,TRACENDE,bebidas-sin-alcohol,jugos-naturales,,2026-08-22T21:20:04.000000Z
7841936000541,Jugo Tracende Reina Naranja 500 ml,8000,TRACENDE,bebidas-sin-alcohol,jugos-naturales,,2026-08-22T21:20:04.000000Z
60168,Costilla de Primera Biggie Envasado al Vacio x Kg,42950,Biggie,carniceria,carne-envasada-biggie,https://static.app.biggie.com.py/images/products/60168.jpg,2026-08-22T21:20:04.000000Z
60136,Carne Vacio Biggie x kg.,51450,Neuland,carniceria,carne-envasada-biggie,https://static.app.biggie.com.py/images/products/60136.jpg,2026-08-22T21:20:04.000000Z
60133,Costilla Especial Biggie envasado al vacio x kg.,43950,Neuland,carniceria,carne-envasada-biggie,https://static.app.biggie.com.py/images/products/60133.jpg,2026-08-22T21:20:04.000000Z
60161,Costilla Ancha Biggie envasado al vacio x kg.,48450,Biggie,carniceria,carne-envasada-biggie,https://static.app.biggie.com.py/images/products/60161.jpg,2026-08-22T21:20:04.000000Z
60140,Carne falda Biggie x kg.,29750,Biggie,carniceria,carne-envasada-biggie,https://static.app.biggie.com.py/images/products/60140.jpg,2026-08-22T21:20:04.000000Z
26032,Carne Colita Cuadril Frigomerc Pul x kg.,61500,SELECCION,carniceria,carne-vacuna,https://static.app.biggie.com.py/images/products/26032.jpg,2026-08-22T21:20:04.000000Z
26053,Carne Vacio Seleccion Frigomerc/Pul x kg.,60850,PUL,carniceria,carne-vacuna,https://static.app.biggie.com.py/images/products/26053.jpg,2026-08-22T21:20:04.000000Z
60190,Carne falda Parrillera Biggie x kg.,31950,Biggie,carniceria,carne-envasada-biggie,,2026-08-22T21:20:04.000000Z
60100,Carne Tapa Cuadril Neuland Especial env. al vacio x kg.,132000,Neuland,carniceria,carne-vacuna,https://static.app.biggie.com.py/images/products/60100.jpg,2026-08-22T21:20:04.000000Z
12508,Carne Tapa Cuadril Chorti x kg.,101800,Chorti,carniceria,carne-vacuna,https://static.app.biggie.com.py/images/products/12508.jpg,2026-08-22T21:20:04.000000Z
26030,Carne Tapa Cuadril Pul Regular x Kg.,101500,PUL,carniceria,carne-vacuna,https://static.app.biggie.com.py/images/products/26030.jpg,2026-08-22T21:20:04.000000Z
96038,Matambrito de Cerdo Guarani Condimentado x kg.,74000,Guaraní,carniceria,carne-de-cerdo,https://static.app.biggie.com.py/images/products/96038.jpg,2026-08-22T21:20:04.000000Z
30168,Pechuga Pechugon en Bandeja x kg.,20150,Pechugon,carniceria,carne-de-ave,https://static.app.biggie.com.py/images/products/30168.jpg,2026-08-22T21:20:04.000000Z
26031,Carne Vacio Frigomerc / Pulx Kg.,61000,PUL,carniceria,carne-vacuna,https://static.app.biggie.com.py/images/products/26031.jpg,2026-08-22T21:20:04.000000Z
60182,Carne Neuland Costilla Popular x kg.,46950,Neuland,carniceria,carne-vacuna,https://static.app.biggie.com.py/images/products/60182.jpg,2026-08-22T21:20:04.000000Z
26044,Carne Colita Cuadril Seleccion Frigomerc/Pul x kg.,76100,PUL,carniceria,carne-vacuna,https://static.app.biggie.com.py/images/products/26044.jpg,2026-08-22T21:20:04.000000Z
12510,Carne Tapa Cuadril Chorti Premium x Kg.,146300,Chorti,carniceria,carne-vacuna,https://static.app.biggie.com.py/images/products/12510.jpg,2026-08-22T21:20:04.000000Z
7840369040926,Filets de Pechuga Pechugon congeladas de 800 gr.,35750,Pechugon,carniceria,carne-de-ave,https://static.app.biggie.com.py/images/products/7840369040926.jpg,2026-08-22T21:20:04.000000Z
30164,Caderitas de Pollo Pechugon en Bandeja x Kg.,20250,Pechugon,carniceria,carne-de-ave,https://static.app.biggie.com.py/images/products/30164.jpg,2026-08-22T21:20:04.000000Z
60101,Carne Colita Cuadril Neuland Envasado al Vacio x kg.,99600,Neuland,carniceria,carne-vacuna,https://static.app.biggie.com.py/images/products/60101.jpg,2026-08-22T21:20:04.000000Z
30169,Pechuga Deshuesado Pechugon sin Piel x kg.,30000,Pechugon,carniceria,carne-de-ave,https://static.app.biggie.com.py/images/products/30169.jpg,2026-08-22T21:20:04.000000Z
60155,Recortes de Carne Neuland x kg.,42000,Neuland,carniceria,carne-vacuna,https://static.app.biggie.com.py/images/products/60155.jpg,2026-08-22T21:20:04.000000Z
20802,Carne Tapa Cuadril B PUL Selection x kg.,127050,SELECCION,carniceria,carne-vacuna,https://static.app.biggie.com.py/images/products/20802.jpg,2026-08-22T21:20:04.000000Z
61204,Carnaza negra Biggie x kg.,63950,Biggie,carniceria,carne-envasada-biggie,https://static.app.biggie.com.py/images/products/61204.jpg,2026-08-22T21:20:04.000000Z
60104,Carne Vacio Neuland Especial envasado al vacio x kg.,96000,Neuland,carniceria,carne-vacuna,https://static.app.biggie.com.py/images/products/60104.jpg,2026-08-22T21:20:04.000000Z
30165,Patitas de Pollo Pechugon en Bandeja x Kg.,18200,Pechugon,carniceria,carne-de-ave,https://static.app.biggie.com.py/images/products/30165.jpg,2026-08-22T21:20:04.000000Z
26046,Carne Picada Parrillera Seleccion x kg.,52350,Frigomerc,carniceria,carne-vacuna,,2026-08-22T21:20:04.000000Z
30170,Pollo Pechugon Entero Congelado Con Menudencia x kg.,14650,Pechugon,carniceria,carne-de-ave,https://static.app.biggie.com.py/images/products/30170.jpg,2026-08-22T21:20:04.000000Z
20121,Matambrito El Patron Caramelizado x kg.,66950,EL PATRON,carniceria,carne-de-cerdo,https://static.app.biggie.com.py/images/products/20121.jpg,2026-08-22T21:20:04.000000Z
61201,Carne bola de lomo Biggie x kg.,61450,Biggie,carniceria,carne-envasada-biggie,https://static.app.biggie.com.py/images/products/61201.jpg,2026-08-22T21:20:04.000000Z
61202,Carnaza blanca Biggie x kg.,58450,Biggie,carniceria,carne-envasada-biggie,https://static.app.biggie.com.py/images/products/61202.jpg,2026-08-22T21:20:04.000000Z
60105,Carne Costilla Neuland Especial x kg.,85800,Neuland,carniceria,carne-vacuna,https://static.app.biggie.com.py/images/products/60105.jpg,2026-08-22T21:20:04.000000Z
7840369041138,Pechu Nuggets Pechugon bolsita de 800 gr.,35800,Pechugon,carniceria,carne-de-ave,https://static.app.biggie.com.py/images/products/7840369041138.jpg,2026-08-22T21:20:04.000000Z
61200,Carne Paleta Porcionada Biggie envasado al vacio x kg.,57450,Biggie,carniceria,carne-envasada-biggie,,2026-08-22T21:20:04.000000Z
12505,Carne Colita Cuadril Chorti x kg.,95400,Chorti,carniceria,carne-vacuna,https://static.app.biggie.com.py/images/products/12505.jpg,2026-08-22T21:20:04.000000Z
60131,Carne Milanesa Especial Neuland env. al vacio.,90000,Neuland,carniceria,carne-vacuna,https://static.app.biggie.com.py/images/products/60131.jpg,2026-08-22T21:20:04.000000Z
7840369041206,Cubito de Pechuga Pechugon congelada de 800 gr.,34750,Pechugon,carniceria,carne-de-ave,https://static.app.biggie.com.py/images/products/7840369041206.jpg,2026-08-22T21:20:04.000000Z
7840699002243,Carne Molida Guarani Premium De 450 gr.,25250,Guaraní,carniceria,carne-vacuna,https://static.app.biggie.com.py/images/products/7840699002243.jpg,2026-08-22T21:20:04.000000Z
60106,Carne entre costilla al vacio Neuland x Kg.,99600,Neuland,carniceria,carne-vacuna,https://static.app.biggie.com.py/images/products/60106.jpg,2026-08-22T21:20:04.000000Z
61203,Carne Rabadilla Biggie x kg.,65450,Biggie,carniceria,carne-envasada-biggie,,2026-08-22T21:20:04.000000Z
15602,Carne Tapa Cuadril Popular Neuland x kg.,99600,Neuland,carniceria,carne-vacuna,https://static.app.biggie.com.py/images/products/15602.jpg,2026-08-22T21:20:04.000000Z
60102,Carne bife de chorizo Ancho Neuland envasado al vacio x kg.,87600,Neuland,carniceria,carne-vacuna,https://static.app.biggie.com.py/images/products/60102.jpg,2026-08-22T21:20:04.000000Z
26045,Carne Costilla Frigomerc/Pul en Tira Seleccion x kg.,45600,Frigomerc,carniceria,carne-vacuna,https://static.app.biggie.com.py/images/products/26045.jpg,2026-08-22T21:20:04.000000Z
12524,Carne Tapa Cuadril Filetes Chorti x kg.,86550,Chorti,carniceria,carne-vacuna,,2026-08-22T21:20:04.000000Z
12509,Carne Tapa Cuadril A Chorti x kg.,139950,Chorti,carniceria,carne-vacuna,https://static.app.biggie.com.py/images/products/12509.jpg,2026-08-22T21:20:04.000000Z
60117,Carne Neuland Picada Parrillera x kg.,60000,Neuland,carniceria,carne-vacuna,https://static.app.biggie.com.py/images/products/60117.jpg,2026-08-22T21:20:04.000000Z
7898923800059,Milanesa Sadia de Pollo Sadinesa de 100 gr.,19750,Sadia,carniceria,carne-de-ave,https://static.app.biggie.com.py/images/products/7898923800059.jpg,2026-08-22T21:20:04.000000Z
7840606002304,Carne Molida Popular Neuland de 500 gr.,18750,Neuland,carniceria,carne-vacuna,https://static.app.biggie.com.py/images/products/7840606002304.jpg,2026-08-22T21:20:04.000000Z
60128,Carne asadito Neuland envasado al vacio x Kg.,51600,Neuland,carniceria,carne-vacuna,https://static.app.biggie.com.py/images/products/60128.jpg,2026-08-22T21:20:04.000000Z
12504,Carne Colita Cuadril Chorti Premium x kg.,112000,Chorti,carniceria,carne-vacuna,https://static.app.biggie.com.py/images/products/12504.jpg,2026-08-22T21:20:04.000000Z
30175,Muslo Pechugon IQF Familiar x Kg.,19050,Pechugon,carniceria,carne-de-ave,https://static.app.biggie.com.py/images/products/30175.jpg,2026-08-22T21:20:04.000000Z
30167,Muslito Ala Pechugon en Bandeja x kg.,29700,Pechugon,carniceria,carne-de-ave,https://static.app.biggie.com.py/images/products/30167.jpg,2026-08-22T21:20:04.000000Z
60345,Carne Neuland Vacio Popular x Kg.,93600,Neuland,carniceria,carne-vacuna,https://static.app.biggie.com.py/images/products/60345.jpg,2026-08-22T21:20:04.000000Z
7840606002298,Carne Molida Especial Neuland de 450 gr.,27600,Neuland,carniceria,carne-vacuna,https://static.app.biggie.com.py/images/products/7840606002298.jpg,2026-08-22T21:20:04.000000Z
7891515516369,Carne de Pollo Sadia Rebozada y Rellena de 100 gr.,6050,Sadia,carniceria,carne-de-ave,https://static.app.biggie.com.py/images/products/7891515516369.jpg,2026-08-22T21:20:04.000000Z
7840369020812,Milanesas Pechugon Pechuga de Pollo Congeladas de 850 gr.,29500,Pechugon,carniceria,carne-de-ave,https://static.app.biggie.com.py/images/products/7840369020812.jpg,2026-08-22T21:20:04.000000Z
7840005013321,Carne Molida Chorti Premium Congelada de 500 gr.,26000,Chorti,carniceria,carne-vacuna,https://static.app.biggie.com.py/images/products/7840005013321.jpg,2026-08-22T21:20:04.000000Z
7840699002250,Carne Molida Efege de 450 gr.,15950,Efegé,carniceria,carne-vacuna,https://static.app.biggie.com.py/images/products/7840699002250.jpg,2026-08-22T21:20:04.000000Z
30501,Matambrito de Cerdo Franz al Oregano x Kg.,67900,Franz,carniceria,carne-de-cerdo,https://static.app.biggie.com.py/images/products/30501.jpg,2026-08-22T21:20:04.000000Z
16005,Carne Colita Cuadril A Chorti x kg.,105600,Chorti,carniceria,carne-vacuna,https://static.app.biggie.com.py/images/products/16005.jpg,2026-08-22T21:20:04.000000Z
7898373972122,Nuggets Baita de Pollo de 300 gr.,15300,Baita,carniceria,carne-de-ave,https://static.app.biggie.com.py/images/products/7898373972122.jpg,2026-08-22T21:20:04.000000Z
20120,Costilla de Cerdo El Patron en Salsa de Barbacoa x kg.,77800,EL PATRON,carniceria,carne-de-cerdo,https://static.app.biggie.com.py/images/products/20120.jpg,2026-08-22T21:20:04.000000Z
57027,Vacio de Cerdo El Patron Condimentado por Kg,58000,EL PATRON,carniceria,carne-de-cerdo,,2026-08-22T21:20:04.000000Z
30178,Alitas Pechugon  IQF Familiar x Kg.,22000,Pechugon,carniceria,carne-de-ave,https://static.app.biggie.com.py/images/products/30178.jpg,2026-08-22T21:20:04.000000Z
7841231000161,Bondiola La Casona de 100 gr.,27900,LA CASONA,carniceria,carne-de-cerdo,https://static.app.biggie.com.py/images/products/7841231000161.jpg,2026-08-22T21:20:04.000000Z
29600,Carne Neuland Brisket x kg.,56400,Neuland,carniceria,carne-vacuna,https://static.app.biggie.com.py/images/products/29600.jpg,2026-08-22T21:20:04.000000Z
30176,Pechuga Pechugon IQF Familiar x Kg.,18800,Pechugon,carniceria,carne-de-ave,,2026-08-22T21:20:04.000000Z
30180,Patitas Pechugon IQF Familiar x Kg.,22350,Pechugon,carniceria,carne-de-ave,https://static.app.biggie.com.py/images/products/30180.jpg,2026-08-22T21:20:04.000000Z
60152,Carne Puchero Espe Neuland Congelado x kg.,20750,Neuland,carniceria,carne-vacuna,https://static.app.biggie.com.py/images/products/60152.jpg,2026-08-22T21:20:04.000000Z
30177,Caderitas Pechugon Cong Familiar x Kg.,20000,Pechugon,carniceria,carne-de-ave,https://static.app.biggie.com.py/images/products/30177.jpg,2026-08-22T21:20:04.000000Z
30203,Lomito Pechugon Familiar IQF x Kg.,34050,Pechugon,carniceria,carne-de-ave,https://static.app.biggie.com.py/images/products/30203.jpg,2026-08-22T21:20:04.000000Z
60214,Carnaza Negra Neuland x Kg.,69600,Neuland,carniceria,carne-vacuna,,2026-08-22T21:20:04.000000Z
60127,Osobuco Neuland Env. al Vacio x Kg.,34200,Neuland,carniceria,carne-vacuna,https://static.app.biggie.com.py/images/products/60127.jpg,2026-08-22T21:20:04.000000Z
11771,Carne Costillita de Cerdo Franz Condimentado al Oregano x kg.,67900,Franz,carniceria,carne-de-cerdo,,2026-08-22T21:20:04.000000Z
7840005013314,Carne Molida Chorti Popular Congelada de 500 gr.,23400,Chorti,carniceria,carne-vacuna,https://static.app.biggie.com.py/images/products/7840005013314.jpg,2026-08-22T21:20:04.000000Z
60205,"Carne Neuland Costillita Popular x Kg,",34200,Neuland,carniceria,carne-vacuna,,2026-08-22T21:20:04.000000Z
60151,Carne Bife de Vacio Neuland x kg.,78000,Neuland,carniceria,carne-vacuna,https://static.app.biggie.com.py/images/products/60151.jpg,2026-08-22T21:20:04.000000Z
29610,Carne Neuland Punta de Pecho x kg.,56400,Neuland,carniceria,carne-vacuna,,2026-08-22T21:20:04.000000Z
60153,Carne Puchero Neuland Popular x kg.,13450,Neuland,carniceria,carne-vacuna,,2026-08-22T21:20:04.000000Z
60216,Carne Neuland Bola de Lomo x Kg.,66000,Neuland,carniceria,carne-vacuna,,2026-08-22T21:20:04.000000Z
60215,Carne Neuland Paleta x Kg.,62400,Neuland,carniceria,carne-vacuna,,2026-08-22T21:20:04.000000Z
12503,Carne Lomito M Chorti x kg.,146300,Chorti,carniceria,carne-vacuna,https://static.app.biggie.com.py/images/products/12503.jpg,2026-08-22T21:20:04.000000Z
12514,Carne Vacio Chorti x kilo.,95400,Chorti,carniceria,carne-vacuna,https://static.app.biggie.com.py/images/products/12514.jpg,2026-08-22T21:20:04.000000Z
60134,Carne bife parrillero Neuland envasado al vacio x kg.,49800,Neuland,carniceria,carne-vacuna,,2026-08-22T21:20:04.000000Z
10030,Pechuga Kzero Deshuesada Sin Piel x kilo,34500,KZERO,carniceria,carne-de-ave,https://static.app.biggie.com.py/images/products/10030.jpg,2026-08-22T21:20:04.000000Z
79055,Pechuga Kzero Molida de Pollo x Kg.,28400,KZERO,carniceria,carne-de-ave,https://static.app.biggie.com.py/images/products/79055.jpg,2026-08-22T21:20:04.000000Z
60211,Carne Neuland Asadito Popular x Uni.,32700,Neuland,carniceria,carne-vacuna,,2026-08-22T21:20:04.000000Z
60126,Carne Peceto Neuland al vacio x kg.,57000,Neuland,carniceria,carne-vacuna,,2026-08-22T21:20:04.000000Z
15601,Lomito Filete sin cordon envasado al vacio Neuland x kg.,150000,Neuland,carniceria,carne-vacuna,https://static.app.biggie.com.py/images/products/15601.jpg,2026-08-22T21:20:04.000000Z
61206,Carne Tapa Cuadril Biggie env. al vacio x kg.,82950,Biggie,carniceria,carne-envasada-biggie,,2026-08-22T21:20:04.000000Z
60185,Carne Neuland Costilla Madurada x Kg.,48000,Neuland,carniceria,carne-vacuna,,2026-08-22T21:20:04.000000Z
27727,Carne Entrecostilla Estancia 92 Angus x kg.,86650,Estancia 92,carniceria,carne-vacuna,,2026-08-22T21:20:04.000000Z
12522,Carne Bife de Chorizo Chorti m x Kg.,101800,Chorti,carniceria,carne-vacuna,https://static.app.biggie.com.py/images/products/12522.jpg,2026-08-22T21:20:04.000000Z
27721,Carne Colita AA Cuadril Estancia 92 x kg.,83300,Estancia 92,carniceria,carne-vacuna,,2026-08-22T21:20:04.000000Z
7841304000388,Filets de Pechuga Kzero Congelado de 800 gr.,36950,KZERO,carniceria,carne-de-ave,https://static.app.biggie.com.py/images/products/7841304000388.jpg,2026-08-22T21:20:04.000000Z
7841304000418,Tiritas de Pechuga Kzero Congelado de 800 gr.,37200,KZERO,carniceria,carne-de-ave,https://static.app.biggie.com.py/images/products/7841304000418.jpg,2026-08-22T21:20:04.000000Z
52024,Matambrito de Cerdo Procarnes Misiones Condimentado x Kg.,68750,Procarnes Misiones,carniceria,carne-de-cerdo,,2026-08-22T21:20:04.000000Z
86529,Matambre El Chaqueño Condimentado x Kg.,66950,El Chaqueño,carniceria,carne-vacuna,,2026-08-22T21:20:04.000000Z
7841304000401,Patitas de Pollo Kzero Congelado de 850 gr.,24950,KZERO,carniceria,carne-de-ave,https://static.app.biggie.com.py/images/products/7841304000401.jpg,2026-08-22T21:20:04.000000Z
7841304000425,Cubitos de Pechuga Kzero Congelado de 800 gr.,34750,KZERO,carniceria,carne-de-ave,https://static.app.biggie.com.py/images/products/7841304000425.jpg,2026-08-22T21:20:04.000000Z
79056,Pechuga Kzero con Hueso Congelado x Kg.,21250,KZERO,carniceria,carne-de-ave,https://static.app.biggie.com.py/images/products/79056.jpg,2026-08-22T21:20:04.000000Z
16036,Carne Chorti Costilla de Primera x Kg.,64950,Chorti,carniceria,carne-vacuna,,2026-08-22T21:20:04.000000Z
79037,Pollo Kzero Entero Congelado Sin Menudencia x Kg.,17900,KZERO,carniceria,carne-de-ave,https://static.app.biggie.com.py/images/products/79037.jpg,2026-08-22T21:20:04.000000Z
7841304000517,Muslito Kzero de Ala de 850 gr.,28000,KZERO,carniceria,carne-de-ave,https://static.app.biggie.com.py/images/products/7841304000517.jpg,2026-08-22T21:20:04.000000Z
12501,Carne peceto Chorti x kg.,53950,Chorti,carniceria,carne-vacuna,,2026-08-22T21:20:04.000000Z
14512,Carne Tapa Cuadril Nelore Estrellita x kg.,135900,NELORE ESTRELLITA,carniceria,carne-vacuna,,2026-08-22T21:20:04.000000Z
7848000370043,Carne Tapa Cuadril Vaca Mia Rellena con Jamon Crudo y Queso Mozzarella.,134000,Vaca Mia,carniceria,carne-vacuna,,2026-08-22T21:20:04.000000Z
77953124,Chocolate Arcor Cofler bolck con mani de 38 gr.,5700,ARCOR,chocolates-y-golosinas,chocolates,https://static.app.biggie.com.py/images/products/77953124.jpg,2026-08-22T21:20:04.000000Z
228900,Chocolate Marroc Bocadito de 14 gr.,5000,Cachafaz,chocolates-y-golosinas,chocolates,https://static.app.biggie.com.py/images/products/228900.jpg,2026-08-22T21:20:04.000000Z
7790580120702,Chicle Topline Ultra Greenmint de 24 gr.,9000,ARCOR,chocolates-y-golosinas,chicles,https://static.app.biggie.com.py/images/products/7790580120702.jpg,2026-08-22T21:20:04.000000Z
7790580120573,Chicle Topline Ultra Cleanmint de 24 gr.,9000,ARCOR,chocolates-y-golosinas,chicles,https://static.app.biggie.com.py/images/products/7790580120573.jpg,2026-08-22T21:20:04.000000Z
78024465,Chicle Topline Seven xplosive mint de 14 gr.,4500,Topline,chocolates-y-golosinas,chicles,https://static.app.biggie.com.py/images/products/78024465-32620276.jpg,2026-08-22T21:20:04.000000Z
78938816,Caramelo Halls extra fuerte de 30 gr.,2650,Halls,chocolates-y-golosinas,caramelos,https://static.app.biggie.com.py/images/products/78938816.jpg,2026-08-22T21:20:04.000000Z
7622201759582,Galletita Oreo Original de 118 gr.,7400,Oreo,chocolates-y-golosinas,galletitas-dulces,https://static.app.biggie.com.py/images/products/7622201759582.jpg,2026-08-22T21:20:04.000000Z
7790040143517,Galletita Bagley Rumba de 110 gr.,5250,BAGLEY,chocolates-y-golosinas,galletitas-dulces,https://static.app.biggie.com.py/images/products/7790040143517.jpg,2026-08-22T21:20:04.000000Z
78024472,Chicle Topline seven atomic strong de 14 gr.,4500,Topline,chocolates-y-golosinas,chicles,https://static.app.biggie.com.py/images/products/78024472.jpg,2026-08-22T21:20:04.000000Z
7622201735906,Galletita Pepitos Cadbury de 119 gr.,6800,Pepitos,chocolates-y-golosinas,galletitas-dulces,https://static.app.biggie.com.py/images/products/7622201735906.jpg,2026-08-22T21:20:04.000000Z
7891000248768,"Chocolate Kit Kat 4 finger de 41,5 gr.",7100,Nestle,chocolates-y-golosinas,chocolates,https://static.app.biggie.com.py/images/products/7891000248768.jpg,2026-08-22T21:20:04.000000Z
7622201759612,Galletitas Oreo Original de 182.5 gr.,9500,Oreo,chocolates-y-golosinas,galletitas-dulces,https://static.app.biggie.com.py/images/products/7622201759612.jpg,2026-08-22T21:20:04.000000Z
7622201752231,Galletita Mini Oreo de 50 gr.,3950,Oreo,chocolates-y-golosinas,galletitas-dulces,https://static.app.biggie.com.py/images/products/7622201752231.jpg,2026-08-22T21:20:04.000000Z
7790580121013,Chicle Topline Ultra Redberry de 24 gr.,9000,ARCOR,chocolates-y-golosinas,chicles,https://static.app.biggie.com.py/images/products/7790580121013.jpg,2026-08-22T21:20:04.000000Z
7790580103743,Chocolate Arcor Cofler con Mani Block de 300 gr.,39000,Arcor,chocolates-y-golosinas,chocolates,https://static.app.biggie.com.py/images/products/7790580103743.jpg,2026-08-22T21:20:04.000000Z
78909434,Chocolates Ferrero Rocher con relleno t3 de 16 gr.,15000,Ferrero,chocolates-y-golosinas,chocolates,https://static.app.biggie.com.py/images/products/78909434.jpg,2026-08-22T21:20:04.000000Z
7841503001766,Chocolate Negro Be Fit 72% sin Azucares de 75 gr.,23900,Be Fit,chocolates-y-golosinas,chocolates,https://static.app.biggie.com.py/images/products/7841503001766.jpg,2026-08-22T21:20:04.000000Z
7622201503987,Galletita Terrabusi Variedad Chocolate de 300 gr.,12800,Terrabusi,chocolates-y-golosinas,galletitas-dulces,https://static.app.biggie.com.py/images/products/7622201503987.jpg,2026-08-22T21:20:04.000000Z
7841503002428,Alfajor Mazzei Bañado en Chocolate Negro de 65 gr.,2650,MAZZEI,chocolates-y-golosinas,alfajores,https://static.app.biggie.com.py/images/products/7841503002428-33122840.jpg,2026-08-22T21:20:04.000000Z
7898024396994,Chocolate Bombom Ferrero Rocher x 12 Uni.,68900,Ferrero,chocolates-y-golosinas,chocolates,https://static.app.biggie.com.py/images/products/7898024396994-29563362.jpg,2026-08-22T21:20:04.000000Z
7891000368626,Chocolate Nestle Galak de 80 gr.,17000,Nestle,chocolates-y-golosinas,chocolates,https://static.app.biggie.com.py/images/products/7891000368626.jpg,2026-08-22T21:20:04.000000Z
7891000460207,Chocolate Nestle Prestigio 33 gr.,4100,Nestle,chocolates-y-golosinas,chocolates,https://static.app.biggie.com.py/images/products/7891000460207.jpg,2026-08-22T21:20:04.000000Z
7842255000014,Mega Alfajor Tatakua Nutella x Uni.,15000,Tatakua,chocolates-y-golosinas,alfajores-artesanales,https://static.app.biggie.com.py/images/products/7842255000014.jpg,2026-08-22T21:20:04.000000Z
78024458,Chicle Topline seven strawberry de 14 gr.,4500,Topline,chocolates-y-golosinas,chicles,https://static.app.biggie.com.py/images/products/78024458-32629328.jpg,2026-08-22T21:20:04.000000Z
7790040147720,Galletitas Bagley Surtidas de 400 gr.,13550,BAGLEY,chocolates-y-golosinas,galletitas-dulces,https://static.app.biggie.com.py/images/products/7790040147720.jpg,2026-08-22T21:20:04.000000Z
7891000369098,Chocolate Nestle Classic Leche de 80 gr.,17000,Nestle,chocolates-y-golosinas,chocolates,https://static.app.biggie.com.py/images/products/7891000369098.jpg,2026-08-22T21:20:04.000000Z
7891000299791,Chocolate Nestle Especialidades de 153 gr.,16800,Nestle,chocolates-y-golosinas,chocolates,https://static.app.biggie.com.py/images/products/7891000299791.jpg,2026-08-22T21:20:04.000000Z
7898725731506,Alfajor Landerfit Crok Whey Cookies and Cream de 50 gr.,14500,LANDERFIT,chocolates-y-golosinas,alfajores,https://static.app.biggie.com.py/images/products/7898725731506.jpg,2026-08-22T21:20:04.000000Z
7613039352151,Chocolate Nestle Especialidades de 251 gr.,27550,Nestle,chocolates-y-golosinas,chocolates,https://static.app.biggie.com.py/images/products/7613039352151-29628942.jpg,2026-08-22T21:20:04.000000Z
78912359,Chocolate Garoto Baton ao leite de 16 gr.,2900,Garoto,chocolates-y-golosinas,chocolates,https://static.app.biggie.com.py/images/products/78912359.jpg,2026-08-22T21:20:04.000000Z
02289902,Chicle Extra 15 sticks spearmint.,14500,Extra,chocolates-y-golosinas,chicles,https://static.app.biggie.com.py/images/products/02289902.jpg,2026-08-22T21:20:04.000000Z
7622201503963,Galletita Terrabusi Variedad Dorada de 300 gr.,12800,Terrabusi,chocolates-y-golosinas,galletitas-dulces,https://static.app.biggie.com.py/images/products/7622201503963.jpg,2026-08-22T21:20:04.000000Z
7861002900117,Chocolates Ferrero Rocher t8 de 100 gr.,49800,Ferrero,chocolates-y-golosinas,chocolates,https://static.app.biggie.com.py/images/products/7861002900117.jpg,2026-08-22T21:20:04.000000Z
7895144295930,Chicle Mentos Fresh Mint de 56 gr.,28700,Mentos,chocolates-y-golosinas,chicles,https://static.app.biggie.com.py/images/products/7895144295930.jpg,2026-08-22T21:20:04.000000Z
7702133009037,Galletita Oreo doble chocolate de 54 gr.,3200,Oreo,chocolates-y-golosinas,galletitas-dulces,https://static.app.biggie.com.py/images/products/7702133009037.jpg,2026-08-22T21:20:04.000000Z
7898142863897,Chocolate Arcor Amargo de 80 gr.,22000,ARCOR,chocolates-y-golosinas,chocolates,https://static.app.biggie.com.py/images/products/7898142863897.jpg,2026-08-22T21:20:04.000000Z
7790580105013,Chocolate Arcor Cofler block con mani de 170 gr.,27000,ARCOR,chocolates-y-golosinas,chocolates,https://static.app.biggie.com.py/images/products/7790580105013.jpg,2026-08-22T21:20:04.000000Z
7895144295961,Chicle Mentos Wintergreen de 56 gr.,28700,Mentos,chocolates-y-golosinas,chicles,https://static.app.biggie.com.py/images/products/7895144295961.jpg,2026-08-22T21:20:04.000000Z
77903501,Galletita Bagley Opera Obleas de 55 gr.,3400,BAGLEY,chocolates-y-golosinas,galletitas-dulces,https://static.app.biggie.com.py/images/products/77903501.jpg,2026-08-22T21:20:04.000000Z
77921246,Chicle Topline menta strong de 11 gr.,2800,Topline,chocolates-y-golosinas,chicles,https://static.app.biggie.com.py/images/products/77921246.jpg,2026-08-22T21:20:04.000000Z
7842255000410,Alfajor Tatakua Mega Alfanut Blanco x Uni.,15000,Tatakua,chocolates-y-golosinas,alfajores-artesanales,https://static.app.biggie.com.py/images/products/7842255000410.jpg,2026-08-22T21:20:04.000000Z
7790580137076,Chicle Topline 7 Ultra Doble de 24 gr.,9000,Topline,chocolates-y-golosinas,chicles,,2026-08-22T21:20:04.000000Z
77959508,Chicle Topline menta de 11 gr.,2800,Topline,chocolates-y-golosinas,chicles,https://static.app.biggie.com.py/images/products/77959508.jpg,2026-08-22T21:20:04.000000Z
78938823,Caramelo Halls menthol de 30 gr.,2650,Halls,chocolates-y-golosinas,caramelos,https://static.app.biggie.com.py/images/products/78938823.jpg,2026-08-22T21:20:04.000000Z
7790040143548,Galletita Bagley Mellizas de 110 gr.,5250,BAGLEY,chocolates-y-golosinas,galletitas-dulces,https://static.app.biggie.com.py/images/products/7790040143548.jpg,2026-08-22T21:20:04.000000Z
7622201735883,Galletita Pepitos Original Tripack de 357 gr.,17600,Pepitos,chocolates-y-golosinas,galletitas-dulces,https://static.app.biggie.com.py/images/products/7622201735883.jpg,2026-08-22T21:20:04.000000Z
7891000368572,Chocolate Nestle classic dark de 80 gr.,17000,Nestle,chocolates-y-golosinas,chocolates,https://static.app.biggie.com.py/images/products/7891000368572.jpg,2026-08-22T21:20:04.000000Z
77971944,Chocolate Arcor Cofler Block de 16 gr.,2500,ARCOR,chocolates-y-golosinas,chocolates,https://static.app.biggie.com.py/images/products/77971944.jpg,2026-08-22T21:20:04.000000Z
40084107,Huevo de Chocolate Kinder Sorpresa Nene x Uni.,15000,KINDER,chocolates-y-golosinas,huevos-dulces,https://static.app.biggie.com.py/images/products/40084107.jpg,2026-08-22T21:20:04.000000Z
7841503002435,Alfajor Mazzei Bañado en Chocolate Blanco de 65 gr.,2650,MAZZEI,chocolates-y-golosinas,alfajores,https://static.app.biggie.com.py/images/products/7841503002435.jpg,2026-08-22T21:20:04.000000Z
7790580132750,Chocolate Arcor Cofler Block Miti Miti de 170 gr.,27000,ARCOR,chocolates-y-golosinas,chocolates,https://static.app.biggie.com.py/images/products/7790580132750.jpg,2026-08-22T21:20:04.000000Z
7622201752330,Galletitas Mini Pepitos con Chispas de Chocolate 50 gr.,3950,Pepitos,chocolates-y-golosinas,galletitas-dulces,https://static.app.biggie.com.py/images/products/7622201752330.jpg,2026-08-22T21:20:04.000000Z
7622201759636,Galletita Oreo Tripack de 354 gr.,19800,Oreo,chocolates-y-golosinas,galletitas-dulces,https://static.app.biggie.com.py/images/products/7622201759636.jpg,2026-08-22T21:20:04.000000Z
77969088,Chicle Beldent Menta Fuerte Poseidon de 10 gr.,3000,Beldent,chocolates-y-golosinas,chicles,https://static.app.biggie.com.py/images/products/77969088-31929381.jpg,2026-08-22T21:20:04.000000Z
78931053,Huevo de Chocolate Kinder Sorpresa Nena x Uni.,15000,KINDER,chocolates-y-golosinas,chocolates,https://static.app.biggie.com.py/images/products/78931053.jpg,2026-08-22T21:20:04.000000Z
7991427751350,Alfajor Landerfit Crok Whey Sabor Brigadeiro de 50 gr.,14500,LANDERFIT,chocolates-y-golosinas,alfajores,https://static.app.biggie.com.py/images/products/7991427751350.jpg,2026-08-22T21:20:04.000000Z
78602731,Chocolate Kinder Joy T1.,15000,KINDER,chocolates-y-golosinas,chocolates,https://static.app.biggie.com.py/images/products/78602731.jpg,2026-08-22T21:20:04.000000Z
77922120,Chocolate Arcor Leche con Mani Block Cofler de 110 gr.,17500,ARCOR,chocolates-y-golosinas,chocolates,https://static.app.biggie.com.py/images/products/77922120.jpg,2026-08-22T21:20:04.000000Z
7898142853720,Chocolate Rocklets confitado negro de 40 gr.,4600,Arcor,chocolates-y-golosinas,chocolates,https://static.app.biggie.com.py/images/products/7898142853720.jpg,2026-08-22T21:20:04.000000Z
7802200132696,Caramelo Ambrosoli Mentitas Florete de 25 gr.,3000,Ambrosoli,chocolates-y-golosinas,caramelos,https://static.app.biggie.com.py/images/products/7802200132696.jpg,2026-08-22T21:20:04.000000Z
7891000248829,"Chocolate Kit Kat 4 finger dark de 41,5 gr.",7100,Nestle,chocolates-y-golosinas,chocolates,https://static.app.biggie.com.py/images/products/7891000248829.jpg,2026-08-22T21:20:04.000000Z
7790407031013,Chocolate Arcor Aguila negro semiamargo de 100 gr.,17500,Arcor,chocolates-y-golosinas,chocolates,https://static.app.biggie.com.py/images/products/7790407031013.jpg,2026-08-22T21:20:04.000000Z
7896423420180,Chocolate M&MS Snickers de 45 gr.,8000,M&M,chocolates-y-golosinas,chocolates,https://static.app.biggie.com.py/images/products/7896423420180.jpg,2026-08-22T21:20:04.000000Z
78031517,"Chicle Topline 7 Sandia de 14,7 gr.",4500,Topline,chocolates-y-golosinas,chicles,https://static.app.biggie.com.py/images/products/78031517.jpg,2026-08-22T21:20:04.000000Z
7730116103304,Galletita el Trigal Surtidas de 300 gr.,16200,El Trigal,chocolates-y-golosinas,galletitas-dulces,https://static.app.biggie.com.py/images/products/7730116103304.jpg,2026-08-22T21:20:04.000000Z
77915481,Alfajor Pepitos triple 57 gr.,7000,Pepitos,chocolates-y-golosinas,alfajores,https://static.app.biggie.com.py/images/products/77915481.jpg,2026-08-22T21:20:04.000000Z
77903792,Alfajor Terrabusi Triple de 70 gr.,7000,Terrabusi,chocolates-y-golosinas,alfajores,https://static.app.biggie.com.py/images/products/77903792.jpg,2026-08-22T21:20:04.000000Z
7792180143280,Galletita 9 de Oro Pepas con Membrillo de 350 gr.,13600,9 DE ORO,chocolates-y-golosinas,galletitas-dulces,https://static.app.biggie.com.py/images/products/7792180143280.jpg,2026-08-22T21:20:04.000000Z
77969071,Chicle Beldent Menta Poseidon de 10 gr.,3000,Beldent,chocolates-y-golosinas,chicles,https://static.app.biggie.com.py/images/products/77969071-31293428.jpg,2026-08-22T21:20:04.000000Z
7841503001391,Galletitas Anillos Chips Choco de 300 gr.,6500,MAZZEI,chocolates-y-golosinas,galletitas-dulces,https://static.app.biggie.com.py/images/products/7841503001391.jpg,2026-08-22T21:20:04.000000Z
7891962032290,Galletita Waffer Bauducco Chocolate de 140 gr.,6900,Bauducco,chocolates-y-golosinas,galletitas-dulces,https://static.app.biggie.com.py/images/products/7891962032290.jpg,2026-08-22T21:20:04.000000Z
77903518,Galletita Bagley Opera de 92 gr.,5350,BAGLEY,chocolates-y-golosinas,galletitas-dulces,https://static.app.biggie.com.py/images/products/77903518.jpg,2026-08-22T21:20:04.000000Z
7790040110748,Galletita Arcor Rocklets de 118 gr.,9600,ARCOR,chocolates-y-golosinas,galletitas-dulces,https://static.app.biggie.com.py/images/products/7790040110748.jpg,2026-08-22T21:20:04.000000Z
7790407031532,Chocolate Arcor Aguila Chocolito Semi Amargo de 150 gr.,20750,Aguila,chocolates-y-golosinas,chocolates,https://static.app.biggie.com.py/images/products/7790407031532.jpg,2026-08-22T21:20:04.000000Z
78916418,Caramelo Mentos Sabor Menta de 29 gr.,3500,Mentos,chocolates-y-golosinas,caramelos,https://static.app.biggie.com.py/images/products/78916418-32637646.jpg,2026-08-22T21:20:04.000000Z
7802215502262,Galletita Tuareg Coco de 120 gr.,8250,Costa,chocolates-y-golosinas,galletitas-dulces,https://static.app.biggie.com.py/images/products/7802215502262.jpg,2026-08-22T21:20:04.000000Z
7891000249239,Chocolate Kit Kat 4 finger white de 41.5 gr.,7100,Nestle,chocolates-y-golosinas,chocolates,https://static.app.biggie.com.py/images/products/7891000249239.jpg,2026-08-22T21:20:04.000000Z
7895144295916,Chicle Mentos Up2u de 56 gr.,28700,Mentos,chocolates-y-golosinas,chicles,https://static.app.biggie.com.py/images/products/7895144295916.jpg,2026-08-22T21:20:04.000000Z
09504578,Chupetin Lollipops Sam's de 31 gr.,4950,Lollipops,chocolates-y-golosinas,chupetines,,2026-08-22T21:20:04.000000Z
02289106,Chicle Extra 15 sticks peppermint.,14500,Extra,chocolates-y-golosinas,chicles,https://static.app.biggie.com.py/images/products/02289106.jpg,2026-08-22T21:20:04.000000Z
7841503002725,Alfajor Rastalion Premium Baño Negro de 50 gr.,5000,Rastalion,chocolates-y-golosinas,alfajores,https://static.app.biggie.com.py/images/products/7841503002725.jpg,2026-08-22T21:20:04.000000Z
7841503001414,Galletita Anillos coco 300 gr. x 20 unidades.,6500,MAZZEI,chocolates-y-golosinas,galletitas-dulces,https://static.app.biggie.com.py/images/products/7841503001414.jpg,2026-08-22T21:20:04.000000Z
7841503002558,Chocolate Be Fit Chocolatin 72% Cacao Sin Azucar de 25 gr.,12500,Be Fit,chocolates-y-golosinas,chocolates,https://static.app.biggie.com.py/images/products/7841503002558.jpg,2026-08-22T21:20:04.000000Z
7792200000128,Galletita 9 de oro agridulce de 200 gr.,6850,9 DE ORO,chocolates-y-golosinas,galletitas-dulces,https://static.app.biggie.com.py/images/products/7792200000128.jpg,2026-08-22T21:20:04.000000Z
8000500009673,Chocolates Ferrero Rocher t24 de 300 gr.,149900,Ferrero,chocolates-y-golosinas,chocolates,https://static.app.biggie.com.py/images/products/8000500009673.jpg,2026-08-22T21:20:04.000000Z
02289805,Chicle Extra 15 sticks polar Ice.,14500,Extra,chocolates-y-golosinas,chicles,https://static.app.biggie.com.py/images/products/02289805.jpg,2026-08-22T21:20:04.000000Z
7802215303241,Galletita Gran Cereal Costa Fibra Cacao de 135 gr.,9550,Costa,chocolates-y-golosinas,galletitas-dulces,https://static.app.biggie.com.py/images/products/7802215303241.jpg,2026-08-22T21:20:04.000000Z
7802200133099,Caramelo Ambrosoli Mentitas zero 21 gr.,5000,Ambrosoli,chocolates-y-golosinas,caramelos,https://static.app.biggie.com.py/images/products/7802200133099.jpg,2026-08-22T21:20:04.000000Z
7891000369371,Chocolate Nestle Crunch de 80 gr.,17000,Nestle,chocolates-y-golosinas,chocolates,https://static.app.biggie.com.py/images/products/7891000369371.jpg,2026-08-22T21:20:04.000000Z
7790580405618,Gomita Dulce Mogul Tiburoncitos de 80 gr.,6650,Arcor,chocolates-y-golosinas,gomitas-dulces,https://static.app.biggie.com.py/images/products/7790580405618.jpg,2026-08-22T21:20:04.000000Z
7841503002930,Galletitas Mazzei Surtidas de 300 gr.,9500,MAZZEI,chocolates-y-golosinas,galletitas-dulces,https://static.app.biggie.com.py/images/products/7841503002930.jpg,2026-08-22T21:20:04.000000Z
7790040133594,Mini Torta Aguila Brownie de 74 gr.,7500,ARCOR,chocolates-y-golosinas,alfajores,https://static.app.biggie.com.py/images/products/7790040133594.jpg,2026-08-22T21:20:04.000000Z
7790040143364,Galletita Arcor Diversion surtidas de 400 gr.,12500,ARCOR,chocolates-y-golosinas,galletitas-dulces,https://static.app.biggie.com.py/images/products/7790040143364.jpg,2026-08-22T21:20:04.000000Z
78939394,Chocolate Galak Tubito Milk de 16 gr.,3100,Nestle,chocolates-y-golosinas,chocolates,https://static.app.biggie.com.py/images/products/78939394-25713631.jpg,2026-08-22T21:20:04.000000Z
7891000410707,Chocolate Nestle Alpino de 80 gr.,17500,Nestle,chocolates-y-golosinas,chocolates,https://static.app.biggie.com.py/images/products/7891000410707.jpg,2026-08-22T21:20:04.000000Z
7891000089255,Galletita Nestle Moca de 140 gr.,6100,Nestle,chocolates-y-golosinas,galletitas-dulces,https://static.app.biggie.com.py/images/products/7891000089255.jpg,2026-08-22T21:20:04.000000Z
78938793,Caramelo Halls cherry de 30 gr.,2650,Halls,chocolates-y-golosinas,caramelos,https://static.app.biggie.com.py/images/products/78938793.jpg,2026-08-22T21:20:04.000000Z
7790580103521,Chocolate Arcor cofler leche con Rockets de 55 gr.,12000,ARCOR,chocolates-y-golosinas,chocolates,https://static.app.biggie.com.py/images/products/7790580103521.jpg,2026-08-22T21:20:04.000000Z
7898725731490,Alfajor Landerfit Crok Whey Red Berry Yogurt de 50 gr.,14500,LANDERFIT,chocolates-y-golosinas,alfajores,https://static.app.biggie.com.py/images/products/7898725731490.jpg,2026-08-22T21:20:04.000000Z
8410376009392,Galletita Gullon Fibra Integral sin Azucar de 170 gr.,17500,MAZZEI,chocolates-y-golosinas,galletitas-dulces,https://static.app.biggie.com.py/images/products/8410376009392.jpg,2026-08-22T21:20:04.000000Z
7842255000144,Caja Alfajores Tatakua Megas x 4 Unid.,60000,Tatakua,chocolates-y-golosinas,alfajores-artesanales,https://static.app.biggie.com.py/images/products/7842255000144.jpg,2026-08-22T21:20:04.000000Z
7896019607636,Chocolate Amandita Lacta 200 gr.,25900,Lacta,chocolates-y-golosinas,chocolates,https://static.app.biggie.com.py/images/products/7896019607636.jpg,2026-08-22T21:20:04.000000Z
7790580103446,Chocolate Arcor Cofler con leche aireado de 100 gr.,18000,ARCOR,chocolates-y-golosinas,chocolates,https://static.app.biggie.com.py/images/products/7790580103446.jpg,2026-08-22T21:20:04.000000Z
7802215107207,Chocolate Vizzio Costa caja de 70 gr.,21550,Costa,chocolates-y-golosinas,chocolates,https://static.app.biggie.com.py/images/products/7802215107207.jpg,2026-08-22T21:20:04.000000Z
7891962036915,Galletita Waffer Bauducco Choc con Avellana de 140 gr.,6900,Bauducco,chocolates-y-golosinas,galletitas-dulces,https://static.app.biggie.com.py/images/products/7891962036915.jpg,2026-08-22T21:20:04.000000Z
7842255000229,Alfajor Tatakua Mega AlfaRon x Unidad.,15000,Tatakua,chocolates-y-golosinas,alfajores-artesanales,https://static.app.biggie.com.py/images/products/7842255000229.jpg,2026-08-22T21:20:04.000000Z
7802225512442,Chocolate Bombon Bon o Bon Original Leche 270 gr.,33000,ARCOR,chocolates-y-golosinas,chocolates,https://static.app.biggie.com.py/images/products/7802225512442.jpg,2026-08-22T21:20:04.000000Z
7841503031220,Alfajor Mazzei Triple de Guayaba con Baño Blanco de 65 gr.,3000,MAZZEI,chocolates-y-golosinas,alfajores,https://static.app.biggie.com.py/images/products/7841503031220.jpg,2026-08-22T21:20:04.000000Z
8410376037784,Galletita Gullon Diet Nature sin Azucares de 250gr.,26900,Gullón,chocolates-y-golosinas,galletitas-dulces,https://static.app.biggie.com.py/images/products/8410376037784.jpg,2026-08-22T21:20:04.000000Z
77926739,Alfajor Havanna Chocolate Flowpack de 45 gr.,11400,Havanna,chocolates-y-golosinas,alfajores,https://static.app.biggie.com.py/images/products/77926739.jpg,2026-08-22T21:20:04.000000Z
7802225640770,Galleta Arcor Bon o Bon Comex de 95 gr.,12000,ARCOR,chocolates-y-golosinas,galletitas-dulces,https://static.app.biggie.com.py/images/products/7802225640770.jpg,2026-08-22T21:20:04.000000Z
7898024397861,Chocolate Bombom Ferrero Rocher x 4 Uni.,25100,Ferrero,chocolates-y-golosinas,chocolates,https://static.app.biggie.com.py/images/products/7898024397861-29563419.jpg,2026-08-22T21:20:04.000000Z
7842255000175,Alfajor Tatakua Alfafrola por Uni.,15000,Tatakua,chocolates-y-golosinas,alfajores-artesanales,https://static.app.biggie.com.py/images/products/7842255000175.jpg,2026-08-22T21:20:04.000000Z
7802215505140,Galletita Costa chips de chocolate de 125 gr.,9550,Costa,chocolates-y-golosinas,galletitas-dulces,https://static.app.biggie.com.py/images/products/7802215505140.jpg,2026-08-22T21:20:04.000000Z
7841503002886,Alfajor Mazzei PREMIUN Relleno de Dulce de Leche x 6 Uni.,30000,MAZZEI,chocolates-y-golosinas,alfajores,https://static.app.biggie.com.py/images/products/7841503002886.jpg,2026-08-22T21:20:04.000000Z
77976307,Alfajor Terrabusi Triple Oreo de 56 gr.,7000,Terrabusi,chocolates-y-golosinas,alfajores,https://static.app.biggie.com.py/images/products/77976307-32893393.jpg,2026-08-22T21:20:04.000000Z
7790040143531,Galletitas Bagley Rellenas Amor de 110 gr.,5250,BAGLEY,chocolates-y-golosinas,galletitas-dulces,https://static.app.biggie.com.py/images/products/7790040143531.jpg,2026-08-22T21:20:04.000000Z
7622210575975,"Chocolate Bis Leche de 100,8 gr.",18500,Lacta,chocolates-y-golosinas,chocolates,https://static.app.biggie.com.py/images/products/7622210575975.jpg,2026-08-22T21:20:04.000000Z
7802215102714,Chocolate Vizzio con Almendra de Costa de 21 gr.,6450,Costa,chocolates-y-golosinas,chocolates,https://static.app.biggie.com.py/images/products/7802215102714.jpg,2026-08-22T21:20:04.000000Z
7895144605678,Caramelos Mentos Kiss Menta de 35 gr.,23900,Mentos,chocolates-y-golosinas,caramelos,https://static.app.biggie.com.py/images/products/7895144605678.jpg,2026-08-22T21:20:04.000000Z
7841004001203,Chocolate Arcor Bon o Bon Mix de 15 gr.,20000,ARCOR,chocolates-y-golosinas,chocolates,https://static.app.biggie.com.py/images/products/7841004001203.jpg,2026-08-22T21:20:04.000000Z
78938847,Caramelo Halls frutilla de 30 gr.,2650,Halls,chocolates-y-golosinas,caramelos,https://static.app.biggie.com.py/images/products/78938847.jpg,2026-08-22T21:20:04.000000Z
7790040659605,Alfajor Arcor Cofler Block de 60 gr.,6000,Arcor,chocolates-y-golosinas,alfajores,https://static.app.biggie.com.py/images/products/7790040659605.jpg,2026-08-22T21:20:04.000000Z
7790580138547,Chicle Topline 7 Turbo Mint de 50 gr.,25000,Topline,chocolates-y-golosinas,chicles,https://static.app.biggie.com.py/images/products/7790580138547.jpg,2026-08-22T21:20:04.000000Z
7622202049057,Galletitas Oreo Milk Shake Frutilla de 118 gr.,7400,Oreo,chocolates-y-golosinas,galletitas-dulces,https://static.app.biggie.com.py/images/products/7622202049057.jpg,2026-08-22T21:20:04.000000Z
7802215113567,Chocolate Mecano Costa de 27 gr.,4800,Costa,chocolates-y-golosinas,chocolates,https://static.app.biggie.com.py/images/products/7802215113567.jpg,2026-08-22T21:20:04.000000Z
78930650,Caramelos Mentos Magic de 29 gr.,3500,Mentos,chocolates-y-golosinas,caramelos,https://static.app.biggie.com.py/images/products/78930650.jpg,2026-08-22T21:20:04.000000Z
7790580033507,Chocolate Arcor Cofler Leche con Almendras de 55 gr.,12000,ARCOR,chocolates-y-golosinas,chocolates,https://static.app.biggie.com.py/images/products/7790580033507.jpg,2026-08-22T21:20:04.000000Z
7841503001230,Chocolate Be Fit con almendras sin azucar de 75 gr.,23900,MAZZEI,chocolates-y-golosinas,chocolates,https://static.app.biggie.com.py/images/products/7841503001230.jpg,2026-08-22T21:20:04.000000Z
7622201457334,Chicle Beldent Infinit Wow Mint Menta de 26 gr.,8000,Beldent,chocolates-y-golosinas,chicles,https://static.app.biggie.com.py/images/products/7622201457334-32550524.jpg,2026-08-22T21:20:04.000000Z
8410376033267,Galletita Gullon Digestiva Avena sin Azucar de 410 gr.,26900,MAZZEI,chocolates-y-golosinas,galletitas-dulces,https://static.app.biggie.com.py/images/products/8410376033267.jpg,2026-08-22T21:20:04.000000Z
77940131,Turron de Mani de 50 gr.,1500,Arcor,chocolates-y-golosinas,turron,https://static.app.biggie.com.py/images/products/77940131.jpg,2026-08-22T21:20:04.000000Z
7842255000212,Alfajor Tatakua Pack Megas x 2 Uni.,30000,Tatakua,chocolates-y-golosinas,alfajores-artesanales,https://static.app.biggie.com.py/images/products/7842255000212.jpg,2026-08-22T21:20:04.000000Z
7790040137837,Galletita Mana Liviana Vainilla de 136 gr.,6000,ARCOR,chocolates-y-golosinas,galletitas-dulces,https://static.app.biggie.com.py/images/products/7790040137837.jpg,2026-08-22T21:20:04.000000Z
7790580323714,Gomita Dulce Mogul piecitos de 80 gr.,6650,Arcor,chocolates-y-golosinas,gomitas-dulces,https://static.app.biggie.com.py/images/products/7790580323714-32623096.jpg,2026-08-22T21:20:04.000000Z
7790580327613,Chocolate Rocklets confitado naranja de 40 gr.,4600,Arcor,chocolates-y-golosinas,chocolates,https://static.app.biggie.com.py/images/products/7790580327613.jpg,2026-08-22T21:20:04.000000Z
7790580323721,Gomita Dulce Mogul Ositos de 80 gr.,6650,Arcor,chocolates-y-golosinas,gomitas-dulces,https://static.app.biggie.com.py/images/products/7790580323721.jpg,2026-08-22T21:20:04.000000Z
77949677,Chocolate Kinder con Leche de 50 gr.,13500,KINDER,chocolates-y-golosinas,chocolates,https://static.app.biggie.com.py/images/products/77949677.jpg,2026-08-22T21:20:04.000000Z
77959515,Chicle Topline mentol de 11 gr.,2800,Topline,chocolates-y-golosinas,chicles,https://static.app.biggie.com.py/images/products/77959515.jpg,2026-08-22T21:20:04.000000Z
7790580146047,Chocolate Arcor Tableta Bon o Bon de 160 gr.,27000,ARCOR,chocolates-y-golosinas,chocolates,https://static.app.biggie.com.py/images/products/7790580146047.jpg,2026-08-22T21:20:04.000000Z
7842255000359,Alfajor Tatakua Mega Alfajores x 6 de 460 gr.,85000,Tatakua,chocolates-y-golosinas,alfajores-artesanales,https://static.app.biggie.com.py/images/products/7842255000359.jpg,2026-08-22T21:20:04.000000Z
7891000462300,Chocolate Chokito de 32 gr.,4100,Nestle,chocolates-y-golosinas,chocolates,https://static.app.biggie.com.py/images/products/7891000462300.jpg,2026-08-22T21:20:04.000000Z
7891000251133,Chocolate Nestle Prestigio blanco 33 gr.,4100,Nestle,chocolates-y-golosinas,chocolates,https://static.app.biggie.com.py/images/products/7891000251133-32617010.jpg,2026-08-22T21:20:04.000000Z
7895144295664,Chicle Mentos Menta Frutilla de 56 gr.,28700,Mentos,chocolates-y-golosinas,chicles,https://static.app.biggie.com.py/images/products/7895144295664-32633794.jpg,2026-08-22T21:20:04.000000Z
77957597,Alfajor Havanna Cacao Flowpack de 65 gr.,14700,Havanna,chocolates-y-golosinas,alfajores,https://static.app.biggie.com.py/images/products/77957597.jpg,2026-08-22T21:20:04.000000Z
7790580129330,Gomita Dulce Mogul Oso Extreme de 50 gr.,4300,ARCOR,chocolates-y-golosinas,gomitas-dulces,https://static.app.biggie.com.py/images/products/7790580129330-28436486.jpg,2026-08-22T21:20:04.000000Z
7622300990213,Chocolate Milka Blanco Oreo de 155 gr.,33750,Milka,chocolates-y-golosinas,chocolates,https://static.app.biggie.com.py/images/products/7622300990213.jpg,2026-08-22T21:20:04.000000Z
7790580103484,Chocolate Arcor Cofler con Leche de 55 gr.,12000,ARCOR,chocolates-y-golosinas,chocolates,https://static.app.biggie.com.py/images/products/7790580103484.jpg,2026-08-22T21:20:04.000000Z
8410376029079,Galletitas Ronditas Gullon de 186 gr.,31000,Gullón,chocolates-y-golosinas,galletitas-dulces,https://static.app.biggie.com.py/images/products/8410376029079.jpg,2026-08-22T21:20:04.000000Z
7622300990114,Chocolate Milka de 150 gr.,33750,Milka,chocolates-y-golosinas,chocolates,https://static.app.biggie.com.py/images/products/7622300990114.jpg,2026-08-22T21:20:04.000000Z
7891000376843,Galletita Bono Nestle Chocolate de 90 gr.,4000,Nestle,chocolates-y-golosinas,galletitas-dulces,https://static.app.biggie.com.py/images/products/7891000376843.jpg,2026-08-22T21:20:04.000000Z
7790580117849,Gomita Dulce Arcor Mogul Oso Extreme de 200 gr.,12500,ARCOR,chocolates-y-golosinas,gomitas-dulces,https://static.app.biggie.com.py/images/products/7790580117849-32613027.jpg,2026-08-22T21:20:04.000000Z
7797394001555,Huevos de chocolate Kinder sorpresa T2 nene-auto.,29900,KINDER,chocolates-y-golosinas,chocolates,https://static.app.biggie.com.py/images/products/7797394001555.jpg,2026-08-22T21:20:04.000000Z
7895144297590,Chicle Mentos Vitamins de 48 gr.,28700,Mentos,chocolates-y-golosinas,chicles,https://static.app.biggie.com.py/images/products/7895144297590.jpg,2026-08-22T21:20:04.000000Z
8435477908276,Chocolate Brickell Huevo Sorpresa Infantil Niños x Uni.,13500,Brickell,chocolates-y-golosinas,chocolates,https://static.app.biggie.com.py/images/products/8435477908276.jpg,2026-08-22T21:20:04.000000Z
78916401,Caramelos Mentos frutas de 29 gr.,3500,Mentos,chocolates-y-golosinas,caramelos,https://static.app.biggie.com.py/images/products/78916401.jpg,2026-08-22T21:20:04.000000Z
7622201386719,Galletita Lincolin Terrabusi de 153 gr.,7800,Terrabusi,chocolates-y-golosinas,galletitas-dulces,https://static.app.biggie.com.py/images/products/7622201386719.jpg,2026-08-22T21:20:04.000000Z
7841503001407,Galletitas Anillos Choco de 300 gr.,6500,MAZZEI,chocolates-y-golosinas,galletitas-dulces,https://static.app.biggie.com.py/images/products/7841503001407.jpg,2026-08-22T21:20:04.000000Z
7802215302060,Galletitas Costa Gran Cereal Muesli de 135 gr.,9550,Costa,chocolates-y-golosinas,galletitas-dulces,https://static.app.biggie.com.py/images/products/7802215302060.jpg,2026-08-22T21:20:04.000000Z
78938861,Caramelo Halls uva verde de 30 gr.,2650,Halls,chocolates-y-golosinas,caramelos,https://static.app.biggie.com.py/images/products/78938861.jpg,2026-08-22T21:20:04.000000Z
78930193,Chocolate Garoto Baton duo de 16 gr.,2900,Garoto,chocolates-y-golosinas,chocolates,https://static.app.biggie.com.py/images/products/78930193.jpg,2026-08-22T21:20:04.000000Z
78030497,Chicle Topline 7 Bubble Fun de 14 gr.,4500,Topline,chocolates-y-golosinas,chicles,https://static.app.biggie.com.py/images/products/78030497.jpg,2026-08-22T21:20:04.000000Z
7841503001612,Galletita Aventura nubes de vainilla de 120 gr.,3200,Aventura,chocolates-y-golosinas,galletitas-dulces,https://static.app.biggie.com.py/images/products/7841503001612.jpg,2026-08-22T21:20:04.000000Z
7991427751428,Alfajor Landerfit Crok Whey Sabor Dulce de Leche de 50 gr.,14500,LANDERFIT,chocolates-y-golosinas,alfajores,https://static.app.biggie.com.py/images/products/7991427751428.jpg,2026-08-22T21:20:04.000000Z
7891962032283,Galletita Waffer Bauducco Frutilla de 140 gr.,6900,Bauducco,chocolates-y-golosinas,galletitas-dulces,https://static.app.biggie.com.py/images/products/7891962032283.jpg,2026-08-22T21:20:04.000000Z
7622201808884,Galletita Terrabusi Anillos Clasicos de 170 gr.,9000,Terrabusi,chocolates-y-golosinas,galletitas-dulces,https://static.app.biggie.com.py/images/products/7622201808884-32834169.jpg,2026-08-22T21:20:04.000000Z
7802215512391,Galletitas Frac Clasica de 110 gr.,8700,Costa,chocolates-y-golosinas,galletitas-dulces,https://static.app.biggie.com.py/images/products/7802215512391.jpg,2026-08-22T21:20:04.000000Z
7790580129347,Gomita Dulce Mogul Sandia Extreme de 50 gr.,4300,ARCOR,chocolates-y-golosinas,gomitas-dulces,https://static.app.biggie.com.py/images/products/7790580129347.jpg,2026-08-22T21:20:04.000000Z
7848001820042,Cacao 100% Ghirardi ferro Caja de 200 gr.,36700,Ghirardi Ferro,chocolates-y-golosinas,chocolates,https://static.app.biggie.com.py/images/products/7848001820042.jpg,2026-08-22T21:20:04.000000Z
7841503001636,Galletita Aventura rellena chococrema de 120 gr.,3200,Aventura,chocolates-y-golosinas,galletitas-dulces,https://static.app.biggie.com.py/images/products/7841503001636.jpg,2026-08-22T21:20:04.000000Z
7622300847791,Chicle Trident Menta de 25 gr.,8000,Trident,chocolates-y-golosinas,chicles,https://static.app.biggie.com.py/images/products/7622300847791.jpg,2026-08-22T21:20:04.000000Z
7891000422052,"Chocolate Nestle Kit Kat Triple Chocolate de 41,5 gr.",7000,Nestle,chocolates-y-golosinas,chocolates,https://static.app.biggie.com.py/images/products/7891000422052.jpg,2026-08-22T21:20:04.000000Z
7841386000412,Alfajor Milka pack x 4 de 220 gr.,37900,Milka,chocolates-y-golosinas,alfajores,https://static.app.biggie.com.py/images/products/7841386000412.jpg,2026-08-22T21:20:04.000000Z
7790580128548,Chocolate Arcor Rocklets en Barra de 44 gr.,6500,Arcor,chocolates-y-golosinas,chocolates,https://static.app.biggie.com.py/images/products/7790580128548.jpg,2026-08-22T21:20:04.000000Z
7790580117771,Chocolate Bombon Arcor Bon o Bon con Chocolinas de 270 gr.,31500,ARCOR,chocolates-y-golosinas,chocolates,https://static.app.biggie.com.py/images/products/7790580117771-32626474.jpg,2026-08-22T21:20:04.000000Z
7790040137813,Galletita Mana Liviana con leche de 136 gr.,6000,ARCOR,chocolates-y-golosinas,galletitas-dulces,https://static.app.biggie.com.py/images/products/7790040137813.jpg,2026-08-22T21:20:04.000000Z
8435477908283,Chocolate Brickell Huevo Sorpresa Infantil Niñas x Uni.,13500,Brickell,chocolates-y-golosinas,chocolates,https://static.app.biggie.com.py/images/products/8435477908283.jpg,2026-08-22T21:20:04.000000Z
80052760,Chocolate Kinder Bueno t2.,11900,KINDER,chocolates-y-golosinas,chocolates,https://static.app.biggie.com.py/images/products/80052760.jpg,2026-08-22T21:20:04.000000Z
7792860001114,Caramelo Pico dulce x unidad.,1000,LHERITIER,chocolates-y-golosinas,caramelos,https://static.app.biggie.com.py/images/products/7792860001114.jpg,2026-08-22T21:20:04.000000Z
7790040133587,Mini Torta Aguila de 69 gr.,7500,ARCOR,chocolates-y-golosinas,alfajores,https://static.app.biggie.com.py/images/products/7790040133587.jpg,2026-08-22T21:20:04.000000Z
80761761,Chocolate Kinder Bueno Blanco T2.,11900,KINDER,chocolates-y-golosinas,chocolates,https://static.app.biggie.com.py/images/products/80761761.jpg,2026-08-22T21:20:04.000000Z
7622300990152,Chocolate Milka con Almendras de 155 gr.,37400,Milka,chocolates-y-golosinas,chocolates,https://static.app.biggie.com.py/images/products/7622300990152.jpg,2026-08-22T21:20:04.000000Z
7891962032306,Galletita Waffer Bauducco Vainilla 140 gr.,6900,Bauducco,chocolates-y-golosinas,galletitas-dulces,https://static.app.biggie.com.py/images/products/7891962032306.jpg,2026-08-22T21:20:04.000000Z
7842255000021,Mega Alfajor Tatakua Mani x Uni.,15000,Tatakua,chocolates-y-golosinas,alfajores-artesanales,https://static.app.biggie.com.py/images/products/7842255000021.jpg,2026-08-22T21:20:04.000000Z
78026056,Chicle Topline Frutilla de 11 gr.,2800,Topline,chocolates-y-golosinas,chicles,https://static.app.biggie.com.py/images/products/78026056-30852376.jpg,2026-08-22T21:20:04.000000Z
7790040613706,Alfajor Arcor Bon o Bon chocolate negro de 40 gr.,4300,Arcor,chocolates-y-golosinas,alfajores,https://static.app.biggie.com.py/images/products/7790040613706.jpg,2026-08-22T21:20:04.000000Z
7891000089231,Galletita Prestigio Rellenas de 140 gr.,6250,Nestle,chocolates-y-golosinas,galletitas-dulces,https://static.app.biggie.com.py/images/products/7891000089231.jpg,2026-08-22T21:20:04.000000Z
7898142866782,Bombon Bon o Bon Supreme Avellanas de 36 gr.,7000,ARCOR,chocolates-y-golosinas,chocolates,https://static.app.biggie.com.py/images/products/7898142866782.jpg,2026-08-22T21:20:04.000000Z
7791875000150,Chocolate Havanna Tableta Cacao 70 % de 80 gr.,40000,Havanna,chocolates-y-golosinas,chocolates,https://static.app.biggie.com.py/images/products/7791875000150-32612420.jpg,2026-08-22T21:20:04.000000Z
7802225427586,Chocolate Rocklets bolsa de 150 gr.,18000,ARCOR,chocolates-y-golosinas,chocolates,https://static.app.biggie.com.py/images/products/7802225427586.jpg,2026-08-22T21:20:04.000000Z
7802215121258,Chocolate Costa Rolls Crocante de 150 gr.,31350,Costa,chocolates-y-golosinas,chocolates,https://static.app.biggie.com.py/images/products/7802215121258.jpg,2026-08-22T21:20:04.000000Z
7622201806552,Galletita Oreo Golden de 118 gr.,7400,Oreo,chocolates-y-golosinas,galletitas-dulces,https://static.app.biggie.com.py/images/products/7622201806552-32893491.jpg,2026-08-22T21:20:04.000000Z
77958648,Caramelo Mentho Plus strong de 30 gr.,2000,ARCOR,chocolates-y-golosinas,caramelos,https://static.app.biggie.com.py/images/products/77958648.jpg,2026-08-22T21:20:04.000000Z
7898725731513,Alfajor Landerfit Crok Whey Banoffee de 50 gr.,14500,LANDERFIT,chocolates-y-golosinas,alfajores,https://static.app.biggie.com.py/images/products/7898725731513.jpg,2026-08-22T21:20:04.000000Z
7622201457396,Chicle Beldent Infinit Live Mint Spearmint de 26 gr.,8000,Beldent,chocolates-y-golosinas,chicles,https://static.app.biggie.com.py/images/products/7622201457396-32550520.jpg,2026-08-22T21:20:04.000000Z
7802215104848,Chocolates Vizzio Costa caja de 120 gr.,39950,COSTA,chocolates-y-golosinas,chocolates,https://static.app.biggie.com.py/images/products/7802215104848.jpg,2026-08-22T21:20:04.000000Z
7991427751596,Alfajor Landerfit Crok Whey Sabor Mani de 50 gr.,14500,LANDERFIT,chocolates-y-golosinas,alfajores,https://static.app.biggie.com.py/images/products/7991427751596.jpg,2026-08-22T21:20:04.000000Z
78930643,Caramelos Mentos Tutti de 29 gr.,3500,Mentos,chocolates-y-golosinas,caramelos,https://static.app.biggie.com.py/images/products/78930643.jpg,2026-08-22T21:20:04.000000Z
7842255000137,Caja Alfajores Tatakua Regular x 4 Unid.,38000,Tatakua,chocolates-y-golosinas,alfajores-artesanales,https://static.app.biggie.com.py/images/products/7842255000137.jpg,2026-08-22T21:20:04.000000Z
7790580405625,Gomita Dulce Mogul frutales de 80 gr.,6650,ARCOR,chocolates-y-golosinas,gomitas-dulces,https://static.app.biggie.com.py/images/products/7790580405625.jpg,2026-08-22T21:20:04.000000Z
7841503001629,Galletitas Aventura Rio Chocolate de 120 gr.,3200,Aventura,chocolates-y-golosinas,galletitas-dulces,https://static.app.biggie.com.py/images/products/7841503001629.jpg,2026-08-22T21:20:04.000000Z
7841004000787,Chocolate Arcor Bon o Bon Moño de 15 gr.,12000,ARCOR,chocolates-y-golosinas,chocolates,,2026-08-22T21:20:04.000000Z
7622201745523,Galletita Lincolin Terrabusi de 153 gr.,7800,Terrabusi,chocolates-y-golosinas,galletitas-dulces,https://static.app.biggie.com.py/images/products/7622201745523.jpg,2026-08-22T21:20:04.000000Z
7613030612339,Chocolate Super 8 Oblea Bañada Barra de 29 gr.,3150,Nestle,chocolates-y-golosinas,chocolates,https://static.app.biggie.com.py/images/products/7613030612339-32240633.jpg,2026-08-22T21:20:04.000000Z
7898142853706,Chocolate Rocklets confitado de 15 gr.,2100,Arcor,chocolates-y-golosinas,chocolates,https://static.app.biggie.com.py/images/products/7898142853706.jpg,2026-08-22T21:20:04.000000Z
7891962056500,Galletitas Bauducco Chocobiscuit Chocolate con Leche de 80 gr.,9900,Bauducco,chocolates-y-golosinas,galletitas-dulces,https://static.app.biggie.com.py/images/products/7891962056500.jpg,2026-08-22T21:20:04.000000Z
7841503001216,Chocolate Mazzei Be Fit con Leche Sin Azucar de 75 gr.,23900,MAZZEI,chocolates-y-golosinas,chocolates,https://static.app.biggie.com.py/images/products/7841503001216.jpg,2026-08-22T21:20:04.000000Z
7790040613607,Alfajor Arcor Bon o Bon blanco de 40 gr.,4500,Arcor,chocolates-y-golosinas,alfajores,https://static.app.biggie.com.py/images/products/7790040613607.jpg,2026-08-22T21:20:04.000000Z
7841503002305,Galletitas Mazzei  Avena y Canela sin Azucar de 120 gr.,9500,MAZZEI,chocolates-y-golosinas,galletitas-dulces,https://static.app.biggie.com.py/images/products/7841503002305.jpg,2026-08-22T21:20:04.000000Z
7790040148840,Alfajor Arcor Bon o Bon triple chocolate negro de 60 gr.,6000,Arcor,chocolates-y-golosinas,alfajores,https://static.app.biggie.com.py/images/products/7790040148840.jpg,2026-08-22T21:20:04.000000Z
77969095,Chicle Beldent Mentol Poseidon de 10 gr.,3000,Beldent,chocolates-y-golosinas,chicles,https://static.app.biggie.com.py/images/products/77969095-31293460.jpg,2026-08-22T21:20:04.000000Z
7790580103361,Chocolate Arcor cofler leche aireado de 27 gr.,6500,ARCOR,chocolates-y-golosinas,chocolates,https://static.app.biggie.com.py/images/products/7790580103361.jpg,2026-08-22T21:20:04.000000Z
8410376009415,Galletita Gullon Diet Nature sin Azucares de 125 gr.,24500,Gullón,chocolates-y-golosinas,galletitas-dulces,https://static.app.biggie.com.py/images/products/8410376009415.jpg,2026-08-22T21:20:04.000000Z
78938854,Caramelos Halls Sandia de 30 gr.,2650,Halls,chocolates-y-golosinas,caramelos,https://static.app.biggie.com.py/images/products/78938854.jpg,2026-08-22T21:20:04.000000Z
7891000368992,Chocolate Nestle Duo Clasico De 80 gr.,17000,Nestle,chocolates-y-golosinas,chocolates,https://static.app.biggie.com.py/images/products/7891000368992.jpg,2026-08-22T21:20:04.000000Z
7841503002299,Galletitas Mazzei Coco sin Azucar de 150 gr.,8000,MAZZEI,chocolates-y-golosinas,galletitas-dulces,https://static.app.biggie.com.py/images/products/7841503002299.jpg,2026-08-22T21:20:04.000000Z
7841503001605,Galletita Aventura bosques de frutilla de 120 gr.,3200,Aventura,chocolates-y-golosinas,galletitas-dulces,https://static.app.biggie.com.py/images/products/7841503001605.jpg,2026-08-22T21:20:04.000000Z
77926722,Alfajor Havanna Dulce de Leche Flowpack de 45 gr.,11400,Havanna,chocolates-y-golosinas,alfajores,https://static.app.biggie.com.py/images/products/77926722.jpg,2026-08-22T21:20:04.000000Z
7790040143807,Galletita Arcor Cofler Rellena de Bon o Bon de 85 gr.,5000,ARCOR,chocolates-y-golosinas,galletitas-dulces,https://static.app.biggie.com.py/images/products/7790040143807.jpg,2026-08-22T21:20:04.000000Z
7891000089279,Galletita Nestle Nescau Rellena de 140 gr.,6250,Nestle,chocolates-y-golosinas,galletitas-dulces,https://static.app.biggie.com.py/images/products/7891000089279.jpg,2026-08-22T21:20:04.000000Z
7790040116955,Galletitas Cofler Block de 124g,9600,ARCOR,chocolates-y-golosinas,galletitas-dulces,https://static.app.biggie.com.py/images/products/7790040116955.jpg,2026-08-22T21:20:04.000000Z
7790580346515,Chocolate Oblea Bon o Bon Leche de 30 gr.,4100,Arcor,chocolates-y-golosinas,chocolates,https://static.app.biggie.com.py/images/products/7790580346515.jpg,2026-08-22T21:20:04.000000Z
80916642,"Caramelo Mentos ClearBreath Wintergreen de 17,5 gr.",13700,Mentos,chocolates-y-golosinas,caramelos,https://static.app.biggie.com.py/images/products/80916642.jpg,2026-08-22T21:20:04.000000Z
7622300989316,Chocolate Bis Oreo de 20 Uni.,18500,Oreo,chocolates-y-golosinas,chocolates,https://static.app.biggie.com.py/images/products/7622300989316.jpg,2026-08-22T21:20:04.000000Z
7790040133570,Alfajor Aguila Minitorta Blanco de 69 gr.,7500,Aguila,chocolates-y-golosinas,alfajores,https://static.app.biggie.com.py/images/products/7790040133570.jpg,2026-08-22T21:20:04.000000Z
78925281,Caramelos Mentos Strawberry de 29 gr.,3500,Mentos,chocolates-y-golosinas,caramelos,https://static.app.biggie.com.py/images/products/78925281.jpg,2026-08-22T21:20:04.000000Z
7790580152734,Gomita Dulce Mogul Ladrillos Extreme Frutilla de 100 gr.,7500,ARCOR,chocolates-y-golosinas,gomitas-dulces,https://static.app.biggie.com.py/images/products/7790580152734.jpg,2026-08-22T21:20:04.000000Z
7841503002718,Alfajor Mazzei Premium Baño Blanco de 50 gr.,5000,Rastalion,chocolates-y-golosinas,alfajores,https://static.app.biggie.com.py/images/products/7841503002718.jpg,2026-08-22T21:20:04.000000Z
7622210833389,"Chocolate Bis Lacta Black de 100,8 gr.",18500,BIS,chocolates-y-golosinas,chocolates,https://static.app.biggie.com.py/images/products/7622210833389.jpg,2026-08-22T21:20:04.000000Z
7790040135758,Galletita Arcor Cereal Mix Semillas y Chips de 207 gr.,18500,ARCOR,chocolates-y-golosinas,galletitas-dulces,https://static.app.biggie.com.py/images/products/7790040135758.jpg,2026-08-22T21:20:04.000000Z
7841503002312,Galletitas Mazzei con Chips de Chocolate sin Azucar de 120 gr.,11500,MAZZEI,chocolates-y-golosinas,galletitas-dulces,https://static.app.biggie.com.py/images/products/7841503002312.jpg,2026-08-22T21:20:04.000000Z
77934499,Alfajor Cachafaz Chocolate Negro x Uni.,8500,Cachafaz,chocolates-y-golosinas,alfajores,https://static.app.biggie.com.py/images/products/77934499.jpg,2026-08-22T21:20:04.000000Z
8410376037685,Galletita Diet Nature Gullon chocolate de 60 gr.,10500,MAZZEI,chocolates-y-golosinas,galletitas-dulces,https://static.app.biggie.com.py/images/products/8410376037685.jpg,2026-08-22T21:20:04.000000Z
7622210745224,Chocolate Milka Leche Tableta de 55 gr.,13800,Milka,chocolates-y-golosinas,chocolates,https://static.app.biggie.com.py/images/products/7622210745224.jpg,2026-08-22T21:20:04.000000Z
7841503031183,Galletita Crackers Mazzei Chia de 200 gr.,6900,CRACKERS,chocolates-y-golosinas,galletitas-dulces,https://static.app.biggie.com.py/images/products/7841503031183.jpg,2026-08-22T21:20:04.000000Z
7891000376928,Galletita Bono Nestle Dulce de Leche de 90 gr.,4000,Nestle,chocolates-y-golosinas,galletitas-dulces,https://static.app.biggie.com.py/images/products/7891000376928.jpg,2026-08-22T21:20:04.000000Z
7622210674357,Chocolate Lacta Tableta Laka Oreo de 80 gr.,18500,Lacta,chocolates-y-golosinas,chocolates,https://static.app.biggie.com.py/images/products/7622210674357.jpg,2026-08-22T21:20:04.000000Z
7773401007185,Rosquitas Mabels Coco de 250 gr.,7250,Mabels,chocolates-y-golosinas,galletitas-dulces,https://static.app.biggie.com.py/images/products/7773401007185.jpg,2026-08-22T21:20:04.000000Z
7891000376768,Galletita Nestle Negresco relleno 90 gr.,4000,Nestle,chocolates-y-golosinas,galletitas-dulces,https://static.app.biggie.com.py/images/products/7891000376768.jpg,2026-08-22T21:20:04.000000Z
7790580405601,Gomita Dulce Mogul Dientes de 80 gr.,6650,Arcor,chocolates-y-golosinas,gomitas-dulces,https://static.app.biggie.com.py/images/products/7790580405601.jpg,2026-08-22T21:20:04.000000Z
7614500010013,Chocolate Toblerone leche de 100 gr.,32600,TOBLERONE,chocolates-y-golosinas,chocolates,https://static.app.biggie.com.py/images/products/7614500010013.jpg,2026-08-22T21:20:04.000000Z
7622202399121,Chocolate bombon Milka Oreo de 209 gr.,30400,Milka,chocolates-y-golosinas,chocolates,https://static.app.biggie.com.py/images/products/7622202399121.jpg,2026-08-22T21:20:04.000000Z
8445291599246,Galletita Nestle Chips Choco de 220 gr.,6750,Nestle,chocolates-y-golosinas,galletitas-dulces,https://static.app.biggie.com.py/images/products/8445291599246.jpg,2026-08-22T21:20:04.000000Z
77958631,Caramelo Mentho Plus cereza de 30 gr.,2000,ARCOR,chocolates-y-golosinas,caramelos,https://static.app.biggie.com.py/images/products/77958631.jpg,2026-08-22T21:20:04.000000Z
7790040133600,"Mini Torta Aguila Coco de 70,5 gr.",7500,Arcor,chocolates-y-golosinas,alfajores,https://static.app.biggie.com.py/images/products/7790040133600.jpg,2026-08-22T21:20:04.000000Z
7802225640848,Galletita Arcor Bon o Bon Blanco de 95 gr.,12000,ARCOR,chocolates-y-golosinas,galletitas-dulces,https://static.app.biggie.com.py/images/products/7802225640848.jpg,2026-08-22T21:20:04.000000Z
7790580200114,Gomita Dulce Mogul Tiburon de 30 gr.,2800,Arcor,chocolates-y-golosinas,gomitas-dulces,https://static.app.biggie.com.py/images/products/7790580200114.jpg,2026-08-22T21:20:04.000000Z
7802215302053,Galletitas Costa Clasica Gran Cereal de 135 gr.,9550,Costa,chocolates-y-golosinas,galletitas-dulces,https://static.app.biggie.com.py/images/products/7802215302053.jpg,2026-08-22T21:20:04.000000Z
7895800304228,Chicle Trident Menta de 32 gr.,2750,Trident,chocolates-y-golosinas,chicles,https://static.app.biggie.com.py/images/products/7895800304228.jpg,2026-08-22T21:20:04.000000Z
78939301,Chocolate Bombon Sueño de Vals x Unidad.,1800,Lacta,chocolates-y-golosinas,chocolates,https://static.app.biggie.com.py/images/products/78939301.jpg,2026-08-22T21:20:04.000000Z
7790580199913,Gomita Dulce Mogul Ositos de 30 gr.,2800,Arcor,chocolates-y-golosinas,gomitas-dulces,https://static.app.biggie.com.py/images/products/7790580199913.jpg,2026-08-22T21:20:04.000000Z
7791875006220,Alfajor Havanna Mixto Caja de 2 Unidades.,22800,Havanna,chocolates-y-golosinas,alfajores,https://static.app.biggie.com.py/images/products/7791875006220.jpg,2026-08-22T21:20:04.000000Z
78939318,Chocolate bombon Ouro Branco de 21.5 gr.,1800,Lacta,chocolates-y-golosinas,chocolates,https://static.app.biggie.com.py/images/products/78939318.jpg,2026-08-22T21:20:04.000000Z
7842255000304,Galletitas de Maiz Tatakua Horneadas Avatina de 180 gr.,20000,Tatakua,chocolates-y-golosinas,galletitas-dulces,https://static.app.biggie.com.py/images/products/7842255000304-34447232.jpg,2026-08-22T21:20:04.000000Z
7622201421496,Chicle Beldent Infinit Menta de 13.3 gr.,4500,Beldent,chocolates-y-golosinas,chicles,https://static.app.biggie.com.py/images/products/7622201421496-33973870.jpg,2026-08-22T21:20:04.000000Z
78938830,Caramelo Halls menta de 30 gr.,2650,Halls,chocolates-y-golosinas,caramelos,https://static.app.biggie.com.py/images/products/78938830.jpg,2026-08-22T21:20:04.000000Z
7790040003606,Galletitas Bagley Crackers Kesitas de 75 gr.,6650,BAGLEY,chocolates-y-golosinas,galletitas-dulces,https://static.app.biggie.com.py/images/products/7790040003606.jpg,2026-08-22T21:20:04.000000Z
7891000376959,Galletita Bono Nestle Frutilla de 90 gr.,4000,Nestle,chocolates-y-golosinas,galletitas-dulces,https://static.app.biggie.com.py/images/products/7891000376959.jpg,2026-08-22T21:20:04.000000Z
7790040143739,"Galletita Arcor Cofler Cookies Bon o Bon de 13,2 gr.",15300,ARCOR,chocolates-y-golosinas,galletitas-dulces,https://static.app.biggie.com.py/images/products/7790040143739.jpg,2026-08-22T21:20:04.000000Z
7896423470994,Barra de Cereal Twix de 40 gr.,8000,Twix,chocolates-y-golosinas,chocolates,https://static.app.biggie.com.py/images/products/7896423470994.jpg,2026-08-22T21:20:04.000000Z
8410376037883,Galletita Gullon Digestiva sin Gluten Chip Choco de 130 gr.,27200,Gullón,chocolates-y-golosinas,galletitas-dulces,https://static.app.biggie.com.py/images/products/8410376037883.jpg,2026-08-22T21:20:04.000000Z
7891962060361,Mini Chocobiscuit Bauducco Chocolate con Leche de 36 gr.,4400,Bauducco,chocolates-y-golosinas,galletitas-dulces,https://static.app.biggie.com.py/images/products/7891962060361.jpg,2026-08-22T21:20:04.000000Z
7896451916709,Malvavisco Docile Twist Color Sabor Vainilla 250 gr.,18500,Docile,chocolates-y-golosinas,gomitas-dulces,,2026-08-22T21:20:04.000000Z
7622210575999,"Chocolate Bis Laka de 100,8 gr.",18500,Lacta,chocolates-y-golosinas,chocolates,https://static.app.biggie.com.py/images/products/7622210575999.jpg,2026-08-22T21:20:04.000000Z
7791875100720,Alfajor Havanna Chocolate x 2 Uni.,22800,Havanna,chocolates-y-golosinas,alfajores,https://static.app.biggie.com.py/images/products/7791875100720.jpg,2026-08-22T21:20:04.000000Z
7896423481853,Chocolate Snickers en Barra Dark de 45 gr.,8000,Snickers,chocolates-y-golosinas,chocolates,https://static.app.biggie.com.py/images/products/7896423481853.jpg,2026-08-22T21:20:04.000000Z
7841503001759,Chocolate Blanco Be Fit sin Azucares de 75 gr.,23900,Be Fit,chocolates-y-golosinas,chocolates,https://static.app.biggie.com.py/images/products/7841503001759-32636388.jpg,2026-08-22T21:20:04.000000Z
7896058200201,Galletita Arcor tortuguita relleno cuadrado chocolate de 43 gr.,1500,ARCOR,chocolates-y-golosinas,galletitas-dulces,https://static.app.biggie.com.py/images/products/7896058200201.jpg,2026-08-22T21:20:04.000000Z
7790580346614,Chocolate Oblea Bon o Bon Blanco de 30 gr.,4100,Arcor,chocolates-y-golosinas,chocolates,https://static.app.biggie.com.py/images/products/7790580346614.jpg,2026-08-22T21:20:04.000000Z
7790580178208,Caramelo Arcor frutales masticable de 800 gr.,31500,Arcor,chocolates-y-golosinas,caramelos,https://static.app.biggie.com.py/images/products/7790580178208.jpg,2026-08-22T21:20:04.000000Z
7790040143609,Galletita Serranitas Ricas y Crocantes de 105 gr.,3750,ARCOR,chocolates-y-golosinas,galletitas-dulces,https://static.app.biggie.com.py/images/products/7790040143609.jpg,2026-08-22T21:20:04.000000Z
77944405,Caramelo Mentho plus Acidos Cereza de 27.2 gr,2500,Arcor,chocolates-y-golosinas,caramelos,https://static.app.biggie.com.py/images/products/77944405.jpg,2026-08-22T21:20:04.000000Z
7891000241356,Galletita Nestle Passatempo Rellena de Chocolate de 130 gr.,6250,Nestle,chocolates-y-golosinas,galletitas-dulces,https://static.app.biggie.com.py/images/products/7891000241356.jpg,2026-08-22T21:20:04.000000Z
7790380023432,Galletita Toddy Chips de 126 gr.,13500,TODDY,chocolates-y-golosinas,galletitas-dulces,https://static.app.biggie.com.py/images/products/7790380023432.jpg,2026-08-22T21:20:04.000000Z
7896423438765,Chocolate M&Ms Sachet Mani con Chocolate de 148 gr.,22900,M&M,chocolates-y-golosinas,chocolates,https://static.app.biggie.com.py/images/products/7896423438765.jpg,2026-08-22T21:20:04.000000Z
7622210745132,Chocolate Tableta Milka Oreo Blanco de 55 gr.,13800,Oreo,chocolates-y-golosinas,chocolates,https://static.app.biggie.com.py/images/products/7622210745132.jpg,2026-08-22T21:20:04.000000Z
7790580141844,Gomitas Dulces Mogul Jelly Breans de 50 gr.,4500,ARCOR,chocolates-y-golosinas,gomitas-dulces,https://static.app.biggie.com.py/images/products/7790580141844.jpg,2026-08-22T21:20:04.000000Z
7622300835620,Alfajor Milka Torta Oreo de 65 gr.,8700,Milka,chocolates-y-golosinas,alfajores,https://static.app.biggie.com.py/images/products/7622300835620.jpg,2026-08-22T21:20:04.000000Z
78912366,Chocolate Garoto Baton blanco de 16 gr.,2900,Garoto,chocolates-y-golosinas,chocolates,https://static.app.biggie.com.py/images/products/78912366.jpg,2026-08-22T21:20:04.000000Z
7622300990183,Chocolate Milka Castañas con Caramelo de 155 gr.,33750,Milka,chocolates-y-golosinas,chocolates,https://static.app.biggie.com.py/images/products/7622300990183.jpg,2026-08-22T21:20:04.000000Z
7622300847753,"Chicle Trident sandia de 25,2 gr.",8000,Trident,chocolates-y-golosinas,chicles,https://static.app.biggie.com.py/images/products/7622300847753.jpg,2026-08-22T21:20:04.000000Z
7898142866867,Bombon Bon o Bon Supreme Avellanas de 18 gr.,32000,ARCOR,chocolates-y-golosinas,chocolates,,2026-08-22T21:20:04.000000Z
7790040127944,Galletita Arcor Cofler con Chip de Chocolate de 120 gr.,9600,ARCOR,chocolates-y-golosinas,galletitas-dulces,https://static.app.biggie.com.py/images/products/7790040127944.jpg,2026-08-22T21:20:04.000000Z
7802200133426,Caramelos Ambrosoli Mentol Full Limon de 27 gr.,3000,Ambrosoli,chocolates-y-golosinas,caramelos,https://static.app.biggie.com.py/images/products/7802200133426-32596232.jpg,2026-08-22T21:20:04.000000Z
7790580230111,Gomita Dulce Mogul Viboritas de 30 gr.,3000,Arcor,chocolates-y-golosinas,gomitas-dulces,https://static.app.biggie.com.py/images/products/7790580230111.jpg,2026-08-22T21:20:04.000000Z
7622300631574,Chocolate Oreo Milka de 100 gr.,26800,Milka,chocolates-y-golosinas,chocolates,https://static.app.biggie.com.py/images/products/7622300631574.jpg,2026-08-22T21:20:04.000000Z
7614500035788,Toblerone Leche de 200 gr.,55550,TOBLERONE,chocolates-y-golosinas,chocolates,https://static.app.biggie.com.py/images/products/7614500035788.jpg,2026-08-22T21:20:04.000000Z
7898591457777,Gomitas Dulces Malvaviscos Camping de 80 gr.,7900,Fini,chocolates-y-golosinas,gomitas-dulces,https://static.app.biggie.com.py/images/products/7898591457777.jpg,2026-08-22T21:20:04.000000Z
7848001820233,Alfajorcito La Tarteria de Maicena x 6 Uni.,14000,La Tarteria,chocolates-y-golosinas,alfajores,https://static.app.biggie.com.py/images/products/7848001820233.jpg,2026-08-22T21:20:04.000000Z
7841503002282,Galletitas Mazzei Limon sin Azucar de 150 gr.,8000,MAZZEI,chocolates-y-golosinas,galletitas-dulces,https://static.app.biggie.com.py/images/products/7841503002282.jpg,2026-08-22T21:20:04.000000Z
7895144605685,Caramelos Mentos Kiss Morango de 35 gr.,23900,Mentos,chocolates-y-golosinas,caramelos,https://static.app.biggie.com.py/images/products/7895144605685.jpg,2026-08-22T21:20:04.000000Z
7802215512421,Galletitas Frac Vainilla de 110 gr.,8700,Costa,chocolates-y-golosinas,galletitas-dulces,https://static.app.biggie.com.py/images/products/7802215512421.jpg,2026-08-22T21:20:04.000000Z
7790040137820,Galletita Mana Liviana Limon de 136 gr.,6000,ARCOR,chocolates-y-golosinas,galletitas-dulces,https://static.app.biggie.com.py/images/products/7790040137820.jpg,2026-08-22T21:20:04.000000Z
7802215512360,Galletita Frac Bicolor Capuccino de 110 gr.,8700,Costa,chocolates-y-golosinas,galletitas-dulces,https://static.app.biggie.com.py/images/products/7802215512360.jpg,2026-08-22T21:20:04.000000Z
8410376044393,Galletita Gullon Twins Sandwich Cacao con Crema de 210 gr.,25900,Gullón,chocolates-y-golosinas,galletitas-dulces,https://static.app.biggie.com.py/images/products/8410376044393.jpg,2026-08-22T21:20:04.000000Z
77903785,Alfajor Milka Mousse Triple de 55 gr.,8700,Milka,chocolates-y-golosinas,alfajores,https://static.app.biggie.com.py/images/products/77903785.jpg,2026-08-22T21:20:04.000000Z
7841503031299,Galletita Aventura Vainichoco de 120 gr.,3200,Aventura,chocolates-y-golosinas,galletitas-dulces,https://static.app.biggie.com.py/images/products/7841503031299.jpg,2026-08-22T21:20:04.000000Z
80050315,Chocolate Kinder T1 de 13 gr.,3500,KINDER,chocolates-y-golosinas,chocolates,https://static.app.biggie.com.py/images/products/80050315.jpg,2026-08-22T21:20:04.000000Z
7790580150068,Chicle Topline 7 Turbo Pink de 50 gr.,25000,Topline,chocolates-y-golosinas,chicles,https://static.app.biggie.com.py/images/products/7790580150068.jpg,2026-08-22T21:20:04.000000Z
7841503002275,Galletitas Mazzei en Bandejita Avena y Canela de 120 gr.,6000,MAZZEI,chocolates-y-golosinas,galletitas-dulces,https://static.app.biggie.com.py/images/products/7841503002275.jpg,2026-08-22T21:20:04.000000Z
7898279795061,Chicle Fini Ensalada de Frutas de 80 gr.,7350,Fini,chocolates-y-golosinas,chicles,https://static.app.biggie.com.py/images/products/7898279795061.jpg,2026-08-22T21:20:04.000000Z
77930057,Alfajor Cachafaz Chocolate Mousse x Uni.,8500,Cachafaz,chocolates-y-golosinas,alfajores,https://static.app.biggie.com.py/images/products/77930057.jpg,2026-08-22T21:20:04.000000Z
7896423438772,Chocolate M&Ms Sachet de 132 gr.,22900,M&M,chocolates-y-golosinas,chocolates,https://static.app.biggie.com.py/images/products/7896423438772.jpg,2026-08-22T21:20:04.000000Z
7898591459740,Gelatina Fini gusanos brillo de 80 gr.,6850,Fini,chocolates-y-golosinas,gomitas-dulces,https://static.app.biggie.com.py/images/products/7898591459740.jpg,2026-08-22T21:20:04.000000Z
7891000377598,Chocolate Nestle Choco Trio de 90 gr.,16000,Nestle,chocolates-y-golosinas,chocolates,https://static.app.biggie.com.py/images/products/7891000377598.jpg,2026-08-22T21:20:04.000000Z
7802225590297,Chocolate Arcor Tableta Bon o Bon Leche de 95 gr.,17500,Arcor,chocolates-y-golosinas,chocolates,https://static.app.biggie.com.py/images/products/7802225590297.jpg,2026-08-22T21:20:04.000000Z
7622210563477,"Chicle Trident Max Mentaberry de 16,5 gr.",4500,Trident,chocolates-y-golosinas,chicles,https://static.app.biggie.com.py/images/products/7622210563477.jpg,2026-08-22T21:20:04.000000Z
77961471,Chocolate Arcor Rockleton de 13.5 gr,2500,ARCOR,chocolates-y-golosinas,chocolates,https://static.app.biggie.com.py/images/products/77961471.jpg,2026-08-22T21:20:04.000000Z
77934505,Alfajor Cachafaz Chocolate Blanco x Uni.,8500,Cachafaz,chocolates-y-golosinas,alfajores,https://static.app.biggie.com.py/images/products/77934505.jpg,2026-08-22T21:20:04.000000Z
7896058200225,Galletita Arcor tortuguita relleno cuadrado frutilla de 43 gr.,1500,ARCOR,chocolates-y-golosinas,galletitas-dulces,https://static.app.biggie.com.py/images/products/7896058200225.jpg,2026-08-22T21:20:04.000000Z
7841503000448,Galletita Mazzei Aventura Minichips de Chocolate de 35 gr.,1500,Mazzei,chocolates-y-golosinas,galletitas-dulces,https://static.app.biggie.com.py/images/products/7841503000448.jpg,2026-08-22T21:20:04.000000Z
7790580148720,Gomita Dulce Mogul Bombon de Fruta de 80 gr.,7500,ARCOR,chocolates-y-golosinas,gomitas-dulces,https://static.app.biggie.com.py/images/products/7790580148720.jpg,2026-08-22T21:20:04.000000Z
7790580117979,Chocolate Arcor  Bon o Bon Tableta Alveolos de 48 gr.,7000,ARCOR,chocolates-y-golosinas,chocolates,https://static.app.biggie.com.py/images/products/7790580117979.jpg,2026-08-22T21:20:04.000000Z
7841503002848,Galletita Mazzei Emmas Full Chocolate de 125 gr.,5000,MAZZEI,chocolates-y-golosinas,galletitas-dulces,https://static.app.biggie.com.py/images/products/7841503002848.jpg,2026-08-22T21:20:04.000000Z
7622300457303,Alfajor Milka Triple Mousse Blanco de 55 gr.,8700,Milka,chocolates-y-golosinas,alfajores,https://static.app.biggie.com.py/images/products/7622300457303.jpg,2026-08-22T21:20:04.000000Z
7891000365335,Galletita Passatempo Maizena de 170 gr.,7300,Nestle,chocolates-y-golosinas,galletitas-dulces,https://static.app.biggie.com.py/images/products/7891000365335.jpg,2026-08-22T21:20:04.000000Z
7757174012676,Chocolate Golpe de 25 gr.,2100,ARCOR,chocolates-y-golosinas,chocolates,https://static.app.biggie.com.py/images/products/7757174012676.jpg,2026-08-22T21:20:04.000000Z
7802200809215,Barra de Chocolate Cañonazo de 25 gr.,2900,Ambrosoli,chocolates-y-golosinas,chocolates,https://static.app.biggie.com.py/images/products/7802200809215.jpg,2026-08-22T21:20:04.000000Z
7895144298047,Caramelo Mentos Yogurt de 29 gr.,3500,Mentos,chocolates-y-golosinas,caramelos,https://static.app.biggie.com.py/images/products/7895144298047.jpg,2026-08-22T21:20:04.000000Z
7622201812744,Chocolate Milka Leger Leche de 110 gr.,31350,Milka,chocolates-y-golosinas,chocolates,https://static.app.biggie.com.py/images/products/7622201812744.jpg,2026-08-22T21:20:04.000000Z
7790580150389,Chocolate Arcor Cofler Oblea Block de 60 gr.,7000,ARCOR,chocolates-y-golosinas,chocolates,https://static.app.biggie.com.py/images/products/7790580150389.jpg,2026-08-22T21:20:04.000000Z
7622201818937,Barra de Chocolate Milka leger leche 50 gr.,14500,Milka,chocolates-y-golosinas,chocolates,https://static.app.biggie.com.py/images/products/7622201818937.jpg,2026-08-22T21:20:04.000000Z
7841503002220,Galletitas Mazzei en Bandejita sabor Brownie con chips de chocolate de 120 gr.,6000,MAZZEI,chocolates-y-golosinas,galletitas-dulces,https://static.app.biggie.com.py/images/products/7841503002220-27861353.jpg,2026-08-22T21:20:04.000000Z
7841503002213,Galletitas Mazzei en Bandejita con Chips de Chocolate de 120 gr.,6000,MAZZEI,chocolates-y-golosinas,galletitas-dulces,https://static.app.biggie.com.py/images/products/7841503002213.jpg,2026-08-22T21:20:04.000000Z
7802215512384,Galletitas Frac chocolate de 110 gr.,8700,Costa,chocolates-y-golosinas,galletitas-dulces,https://static.app.biggie.com.py/images/products/7802215512384.jpg,2026-08-22T21:20:04.000000Z
7898591459559,Gomitas Dulces Fini Besos Fresas de 80 gr.,6850,Fini,chocolates-y-golosinas,gomitas-dulces,https://static.app.biggie.com.py/images/products/7898591459559.jpg,2026-08-22T21:20:04.000000Z
7622210573292,Chicle Trident Menta Pote de 54 gr.,27000,Trident,chocolates-y-golosinas,chicles,https://static.app.biggie.com.py/images/products/7622210573292.jpg,2026-08-22T21:20:04.000000Z
7797394001265,Caramelo Tic Tac Mix de Frutas de 16 gr.,4000,TIC TAC,chocolates-y-golosinas,caramelos,https://static.app.biggie.com.py/images/products/7797394001265.jpg,2026-08-22T21:20:04.000000Z
7802225511537,Chocolate bombon Arcor Bon o Bon blanco de 450 gr.,48000,ARCOR,chocolates-y-golosinas,chocolates,,2026-08-22T21:20:04.000000Z
7802215301452,Chocolate Cereal Bar Costa de 18 gr.,3200,Costa,chocolates-y-golosinas,chocolates,https://static.app.biggie.com.py/images/products/7802215301452.jpg,2026-08-22T21:20:04.000000Z
7896286621168,Galletita Quero Quero Mantecoso Chocolate de 300 gr.,9550,Quero,chocolates-y-golosinas,galletitas-dulces,https://static.app.biggie.com.py/images/products/7896286621168.jpg,2026-08-22T21:20:04.000000Z
86945165,Chicle Mentos Pocket Red Lime de 30 gr.,15900,Mentos,chocolates-y-golosinas,chicles,,2026-08-22T21:20:04.000000Z
77931528,Barra de Chocolate Arcor Aguila de 14 gr.,2500,ARCOR,chocolates-y-golosinas,chocolates,,2026-08-22T21:20:04.000000Z
86945127,Chicle Mentos Pocket Spearmint de 30 gr.,15900,Mentos,chocolates-y-golosinas,chicles,https://static.app.biggie.com.py/images/products/86945127.jpg,2026-08-22T21:20:04.000000Z
7842255000045,Mega Alfajor Tatakua Chocolate Negro x Uni.,15000,Tatakua,chocolates-y-golosinas,alfajores-artesanales,https://static.app.biggie.com.py/images/products/7842255000045.jpg,2026-08-22T21:20:04.000000Z
7790407031075,Chocolate Arcor Aguila blanco de 100 gr.,17500,Arcor,chocolates-y-golosinas,chocolates,https://static.app.biggie.com.py/images/products/7790407031075.jpg,2026-08-22T21:20:04.000000Z
7896058258103,Galletita Arcor Wafer Tortuguita Chocolate de 85 gr.,4000,ARCOR,chocolates-y-golosinas,galletitas-dulces,https://static.app.biggie.com.py/images/products/7896058258103-30852381.jpg,2026-08-22T21:20:04.000000Z
7896451909213,Malvaviscos Docile Maxmallow Mini Twist Color de 50 gr.,7250,Docile,chocolates-y-golosinas,gomitas-dulces,https://static.app.biggie.com.py/images/products/7896451909213.jpg,2026-08-22T21:20:04.000000Z
7790580141868,Gomitas Dulces Mogul Jelly Breans de 150 gr.,12000,ARCOR,chocolates-y-golosinas,gomitas-dulces,https://static.app.biggie.com.py/images/products/7790580141868.jpg,2026-08-22T21:20:04.000000Z
7622210795908,Chocolate Milka Blanco con Oreo Tableta de 20 gr.,5450,Milka,chocolates-y-golosinas,chocolates,https://static.app.biggie.com.py/images/products/7622210795908.jpg,2026-08-22T21:20:04.000000Z
7798048730876,Galletitas Delicias de la Nonna Pepas Membrillo de 350 gr.,11100,Delicias de la Nonna,chocolates-y-golosinas,galletitas-dulces,https://static.app.biggie.com.py/images/products/7798048730876.jpg,2026-08-22T21:20:04.000000Z
7841503002695,Galletita Maria Vainilla de 120 gr.,4800,MAZZEI,chocolates-y-golosinas,galletitas-dulces,https://static.app.biggie.com.py/images/products/7841503002695.jpg,2026-08-22T21:20:04.000000Z
7622201818951,Chocolate Milka Leger B Combinado de 50 gr.,14500,Milka,chocolates-y-golosinas,chocolates,https://static.app.biggie.com.py/images/products/7622201818951.jpg,2026-08-22T21:20:04.000000Z
7842255000038,Mega Alfajor Tatakua Chocolate Blanco x Uni.,15000,Tatakua,chocolates-y-golosinas,alfajores-artesanales,https://static.app.biggie.com.py/images/products/7842255000038.jpg,2026-08-22T21:20:04.000000Z
7730116103113,Galletita El Trigal Surtidas de 80 gr.,5950,El Trigal,chocolates-y-golosinas,galletitas-dulces,https://static.app.biggie.com.py/images/products/7730116103113.jpg,2026-08-22T21:20:04.000000Z
7896423438727,Chocolate M&MS con leche de 45 gr.,8000,M&M,chocolates-y-golosinas,chocolates,https://static.app.biggie.com.py/images/products/7896423438727.jpg,2026-08-22T21:20:04.000000Z
7841004001609,Chocolate Bombon Arcor Bon o Bon Pistacho de 15 gr.,34000,ARCOR,chocolates-y-golosinas,chocolates,https://static.app.biggie.com.py/images/products/7841004001609.jpg,2026-08-22T21:20:04.000000Z
7896085087110,Galletita Nikito Relleno de Chocolate de 120 gr.,3000,Nikito,chocolates-y-golosinas,galletitas-dulces,https://static.app.biggie.com.py/images/products/7896085087110.jpg,2026-08-22T21:20:04.000000Z
7841204000358,Turron de Mani Kelwa Reducido en Azucar 65gr,3950,KELWA,chocolates-y-golosinas,turron,https://static.app.biggie.com.py/images/products/7841204000358.jpg,2026-08-22T21:20:04.000000Z
7622201492465,Chocolate Milka Pause Oreo de 45 gr.,9600,Milka,chocolates-y-golosinas,chocolates,https://static.app.biggie.com.py/images/products/7622201492465.jpg,2026-08-22T21:20:04.000000Z
8445290994400,Galletita Nestle Bono Rellena de Chocolate de 90 gr Pack x 3 Uni.,10500,Nestle,chocolates-y-golosinas,galletitas-dulces,https://static.app.biggie.com.py/images/products/8445290994400.jpg,2026-08-22T21:20:04.000000Z
77986344,Alfajor Milka Triple Dulce de Leche de 70 gr.,8700,Milka,chocolates-y-golosinas,alfajores,https://static.app.biggie.com.py/images/products/77986344.jpg,2026-08-22T21:20:04.000000Z
02283801,Chicle Extra 15 sticks watermelon.,14500,Extra,chocolates-y-golosinas,chicles,https://static.app.biggie.com.py/images/products/02283801-32611692.jpg,2026-08-22T21:20:04.000000Z
7793890259490,Vainilla Bimbo 148 gr.,11100,Bimbo,chocolates-y-golosinas,galletitas-dulces,https://static.app.biggie.com.py/images/products/7793890259490.jpg,2026-08-22T21:20:04.000000Z
86945134,Chicle Mentos Pocket Freshmint de 30 gr.,15900,Mentos,chocolates-y-golosinas,chicles,,2026-08-22T21:20:04.000000Z
7841503031176,Galletita Mazzei Merienda Sabor Leche de 120 gr.,4800,MAZZEI,chocolates-y-golosinas,galletitas-dulces,https://static.app.biggie.com.py/images/products/7841503031176.jpg,2026-08-22T21:20:04.000000Z
78600027,Caramelo Tic Tac Naranja de 16 gr.,4000,TIC TAC,chocolates-y-golosinas,caramelos,https://static.app.biggie.com.py/images/products/78600027.jpg,2026-08-22T21:20:04.000000Z
7848003820064,Alfajorcitos Bake Me por 5 Unidades.,17500,Bake-Me,chocolates-y-golosinas,alfajores-artesanales,,2026-08-22T21:20:04.000000Z
7891000098844,Chocolate Nestle Classic Diet de 25 gr.,9000,Nestle,chocolates-y-golosinas,chocolates,https://static.app.biggie.com.py/images/products/7891000098844.jpg,2026-08-22T21:20:04.000000Z
7793890260847,Vainilla Bimbo de 74 gr.,6100,Bimbo,chocolates-y-golosinas,galletitas-dulces,https://static.app.biggie.com.py/images/products/7793890260847.jpg,2026-08-22T21:20:04.000000Z
7622202261671,Chocolate Milka Manchas de Vaca de 90 gr.,23000,Milka,chocolates-y-golosinas,chocolates,https://static.app.biggie.com.py/images/products/7622202261671.jpg,2026-08-22T21:20:04.000000Z
7622201492717,Chocolate Milka Choco Pausse de 45 gr.,9550,Milka,chocolates-y-golosinas,chocolates,https://static.app.biggie.com.py/images/products/7622201492717.jpg,2026-08-22T21:20:04.000000Z
7896003738834,Galletita Marilan Tortitas Limon de 140 gr.,6000,MARILAN,chocolates-y-golosinas,galletitas-dulces,https://static.app.biggie.com.py/images/products/7896003738834-34484598.jpg,2026-08-22T21:20:04.000000Z
7841503001643,Galletita Mazzei Aventura Rellena Chococrema de 48 gr.,1500,MAZZEI,chocolates-y-golosinas,galletitas-dulces,https://static.app.biggie.com.py/images/products/7841503001643.jpg,2026-08-22T21:20:04.000000Z
8410376045024,Galletita Gullon Digestive sin Gluten de 150 gr.,30900,GULLON PLA,chocolates-y-golosinas,galletitas-dulces,https://static.app.biggie.com.py/images/products/8410376045024.jpg,2026-08-22T21:20:04.000000Z
7896003738797,Galletitas Marilan Tortitas Chocolate 140 gr.,6000,MARILAN,chocolates-y-golosinas,galletitas-dulces,https://static.app.biggie.com.py/images/products/7896003738797.jpg,2026-08-22T21:20:04.000000Z
7841787000172,Alfajor Enerfit Relleno con Manteca de Mani y Cacao de 30 gr.,5750,Enerfit,chocolates-y-golosinas,alfajores,,2026-08-22T21:20:04.000000Z
7841787000165,Alfajor Enerfit Relleno con Manteca de Mani de 30 gr.,5750,Enerfit,chocolates-y-golosinas,alfajores,https://static.app.biggie.com.py/images/products/7841787000165.jpg,2026-08-22T21:20:04.000000Z
7841503001650,Galletita Mazzei Aventura Rellena Vainilla de 48 gr.,1500,MAZZEI,chocolates-y-golosinas,galletitas-dulces,https://static.app.biggie.com.py/images/products/7841503001650.jpg,2026-08-22T21:20:04.000000Z
7891000433843,Chocolate Nestle Kit Kat Churros de 42 gr.,7100,Nestle,chocolates-y-golosinas,chocolates,https://static.app.biggie.com.py/images/products/7891000433843.jpg,2026-08-22T21:20:04.000000Z
7798048730753,Galletitas Delicias de la Nonna Surtido de 400 gr.,12250,Delicias de la Nonna,chocolates-y-golosinas,galletitas-dulces,https://static.app.biggie.com.py/images/products/7798048730753.jpg,2026-08-22T21:20:04.000000Z
7841503031596,Galletitas Mazzei Maria Leche Tripack de 345 gr.,11500,MAZZEI,chocolates-y-golosinas,galletitas-dulces,https://static.app.biggie.com.py/images/products/7841503031596.jpg,2026-08-22T21:20:04.000000Z
7896079816139,Turron de Mani Montevergine de 90 gr.,4500,Montevergine,chocolates-y-golosinas,turron,https://static.app.biggie.com.py/images/products/7896079816139.jpg,2026-08-22T21:20:04.000000Z
7848000540200,Alfajorcitos Tia Laura Delicias de Maizena x 6 Uni.,25000,Tia Laura Delicias,chocolates-y-golosinas,alfajores,https://static.app.biggie.com.py/images/products/7848000540200.jpg,2026-08-22T21:20:04.000000Z
78600010,Caramelo Tic Tac Menta de 16 gr.,4000,TIC TAC,chocolates-y-golosinas,caramelos,https://static.app.biggie.com.py/images/products/78600010.jpg,2026-08-22T21:20:04.000000Z
7841503002657,Galletita Mazzei Wafer Chocolate de 80 gr.,3500,MAZZEI,chocolates-y-golosinas,galletitas-dulces,https://static.app.biggie.com.py/images/products/7841503002657.jpg,2026-08-22T21:20:04.000000Z
7622202261442,Chocolate Milka Avellana de 300 gr.,74550,Milka,chocolates-y-golosinas,chocolates,https://static.app.biggie.com.py/images/products/7622202261442.jpg,2026-08-22T21:20:04.000000Z
7842255000151,Alfajor Tatakua Alfabrownie por Uni.,15000,Tatakua,chocolates-y-golosinas,alfajores-artesanales,https://static.app.biggie.com.py/images/products/7842255000151.jpg,2026-08-22T21:20:04.000000Z
02284509,Chicle Extra 15 stick bubble.,14500,Extra,chocolates-y-golosinas,chicles,https://static.app.biggie.com.py/images/products/02284509.jpg,2026-08-22T21:20:04.000000Z
7841503031947,Galletita Tripack Aventura Vainichoco de 360 gr.,8900,Aventura,chocolates-y-golosinas,galletitas-dulces,,2026-08-22T21:20:04.000000Z
7896079846525,Wafer Tub-in Chocolate Montevergine de 48 gr.,4800,Montevergine,chocolates-y-golosinas,galletitas-dulces,https://static.app.biggie.com.py/images/products/7896079846525.jpg,2026-08-22T21:20:04.000000Z
7622201818975,Chocolate Milka Leger B Almendra de 50 gr.,14500,Milka,chocolates-y-golosinas,chocolates,https://static.app.biggie.com.py/images/products/7622201818975.jpg,2026-08-22T21:20:04.000000Z
7896003740226,Galletita Marilan Maizena Laminada de 300 gr.,10000,MARILAN,chocolates-y-golosinas,galletitas-dulces,https://static.app.biggie.com.py/images/products/7896003740226.jpg,2026-08-22T21:20:04.000000Z
7891152342116,Budin de Chocolate Richester Animados Zoo con Chocolate Relleno de 40 gr.,2250,Richester,chocolates-y-golosinas,budines,https://static.app.biggie.com.py/images/products/7891152342116.jpg,2026-08-22T21:20:04.000000Z
7891152802191,Galletita Richester de Maizena Superiore de 170 gr.,4900,Richester,chocolates-y-golosinas,galletitas-dulces,,2026-08-22T21:20:04.000000Z
7798048730883,Galletita Delicias de las Nonna Pepas con Mermelada de Membrillo de 160 gr.,6000,Delicias de la Nonna,chocolates-y-golosinas,galletitas-dulces,https://static.app.biggie.com.py/images/products/7798048730883.jpg,2026-08-22T21:20:04.000000Z
7841503002732,Alfajor Mazzei Rastalion Baño Negro de 70 gr.,8500,MAZZEI,chocolates-y-golosinas,alfajores,https://static.app.biggie.com.py/images/products/7841503002732.jpg,2026-08-22T21:20:04.000000Z
7896022086282,Galletitas Isabela Surtidas de 300 gr.,9500,Isabela,chocolates-y-golosinas,galletitas-dulces,https://static.app.biggie.com.py/images/products/7896022086282.jpg,2026-08-22T21:20:04.000000Z
77990327,Conito Cachafaz x Uni.,8000,Cachafaz,chocolates-y-golosinas,alfajores,https://static.app.biggie.com.py/images/products/77990327.jpg,2026-08-22T21:20:04.000000Z
77991386,Caramelo Tic Tac frutilla de 16 gr.,4000,TIC TAC,chocolates-y-golosinas,caramelos,https://static.app.biggie.com.py/images/products/77991386.jpg,2026-08-22T21:20:04.000000Z
7896306625275,Chocolate Trento Relleno Dark de 29 gr.,4900,Trento,chocolates-y-golosinas,chocolates,https://static.app.biggie.com.py/images/products/7896306625275.jpg,2026-08-22T21:20:04.000000Z
7896306625237,Chocolate Trento con Relleno de Chocolate de 29 gr.,4900,Trento,chocolates-y-golosinas,chocolates,,2026-08-22T21:20:04.000000Z
7798048730951,Galletitas Delicias de la Nonna Mini Pastafrola de 300 gr.,11150,Delicias de la Nonna,chocolates-y-golosinas,galletitas-dulces,,2026-08-22T21:20:04.000000Z
7891152342031,Budin Richester Animados Zoo Relleno de Frutilla Mini de 40 gr.,2250,Richester,chocolates-y-golosinas,budines,https://static.app.biggie.com.py/images/products/7891152342031.jpg,2026-08-22T21:20:04.000000Z
7730964000176,Alfajor Nat Bars de Granola Chocolate Negro de 60 gr.,8600,nat bars,chocolates-y-golosinas,alfajores,https://static.app.biggie.com.py/images/products/7730964000176.jpg,2026-08-22T21:20:04.000000Z
7841787000189,Alfajor Enerfit Relleno con Manteca de Almendras de 30 gr.,7550,Enerfit,chocolates-y-golosinas,alfajores,https://static.app.biggie.com.py/images/products/7841787000189.jpg,2026-08-22T21:20:04.000000Z
7802215516412,Galletita Costa Mini Chips Chocolate de 35 gr.,3650,Costa,chocolates-y-golosinas,galletitas-dulces,https://static.app.biggie.com.py/images/products/7802215516412.jpg,2026-08-22T21:20:04.000000Z
77940148,Turron Lia Misky de 50 gr.,1300,LIA,chocolates-y-golosinas,turron,https://static.app.biggie.com.py/images/products/77940148-32604820.jpg,2026-08-22T21:20:04.000000Z
7896079816115,Turron de Mani Montevergine de 70 gr.,3000,Montevergine,chocolates-y-golosinas,turron,https://static.app.biggie.com.py/images/products/7896079816115.jpg,2026-08-22T21:20:04.000000Z
7896451900029,Caramelo Docile Minty Hortela de 17 gr.,950,Docile,chocolates-y-golosinas,caramelos,https://static.app.biggie.com.py/images/products/7896451900029.jpg,2026-08-22T21:20:04.000000Z
7896969400370,Chocolate Nucita bicolor x unidad.,650,Nucita,chocolates-y-golosinas,chocolates,https://static.app.biggie.com.py/images/products/7896969400370.jpg,2026-08-22T21:20:04.000000Z
7898115900116,Mini Budin Suavipan Light Chocolate con Chocolate x Uni.,6700,Suavipan,chocolates-y-golosinas,budines,https://static.app.biggie.com.py/images/products/7898115900116.jpg,2026-08-22T21:20:04.000000Z
7840131004637,Chocolate en Barra Marinela Merienda Hit de 25 gr.,3400,MARINELA,chocolates-y-golosinas,chocolates,https://static.app.biggie.com.py/images/products/7840131004637.jpg,2026-08-22T21:20:04.000000Z
7891152342017,Budin Richester Animados Zoo Relleno de Chocolate Mini de 40 gr.,2250,Richester,chocolates-y-golosinas,budines,https://static.app.biggie.com.py/images/products/7891152342017.jpg,2026-08-22T21:20:04.000000Z
7896306616068,Chocolate Trento Mini Bites Chocolate de 40 gr.,6700,Trento,chocolates-y-golosinas,chocolates,https://static.app.biggie.com.py/images/products/7896306616068.jpg,2026-08-22T21:20:04.000000Z
7848003820071,Alfajor Bañado Bake-Me por Unidad.,18500,Bake-Me,chocolates-y-golosinas,alfajores-artesanales,,2026-08-22T21:20:04.000000Z
7896066764535,Chocolate Bel Monedas de 40 gr.,6750,Bel,chocolates-y-golosinas,chocolates,https://static.app.biggie.com.py/images/products/7896066764535.jpg,2026-08-22T21:20:04.000000Z
7841503002640,Galletita Mazzei Wafer Frutilla de 80 gr.,3500,MAZZEI,chocolates-y-golosinas,galletitas-dulces,https://static.app.biggie.com.py/images/products/7841503002640.jpg,2026-08-22T21:20:04.000000Z
7891152801842,Galletita Richester Escureto Chocolate Relleno de Vainilla de 125 gr.,4500,Richester,chocolates-y-golosinas,galletitas-dulces,,2026-08-22T21:20:04.000000Z
7790040139190,Galletita Lia Polvorita Vainilla de 152 gr.,4500,LIA,chocolates-y-golosinas,galletitas-dulces,https://static.app.biggie.com.py/images/products/7790040139190.jpg,2026-08-22T21:20:04.000000Z
7891152801781,Galletita Richester Amori Chocolate Relleno de Chocolate de 125 gr.,4500,Richester,chocolates-y-golosinas,galletitas-dulces,https://static.app.biggie.com.py/images/products/7891152801781.jpg,2026-08-22T21:20:04.000000Z
7841503031602,Galletita Mazzei Wafer Vainilla de 80 gr.,3500,MAZZEI,chocolates-y-golosinas,galletitas-dulces,https://static.app.biggie.com.py/images/products/7841503031602.jpg,2026-08-22T21:20:04.000000Z
7896306625374,Chocolate Trento Relleno Limon de 29 gr.,4900,Trento,chocolates-y-golosinas,chocolates,https://static.app.biggie.com.py/images/products/7896306625374.jpg,2026-08-22T21:20:04.000000Z
7896003711905,Galletita Marilan de Chocolate Teens de 30 gr.,2000,MARILAN,chocolates-y-golosinas,galletitas-dulces,https://static.app.biggie.com.py/images/products/7896003711905.jpg,2026-08-22T21:20:04.000000Z
7790040139640,Galletita Lia Polvorita Frutilla de 152 gr.,4500,LIA,chocolates-y-golosinas,galletitas-dulces,https://static.app.biggie.com.py/images/products/7790040139640.jpg,2026-08-22T21:20:04.000000Z
7842310000096,Cookie Protein Palefit Nelly de 18 gr.,18900,Palefit,chocolates-y-golosinas,alfajores-artesanales,,2026-08-22T21:20:04.000000Z
7896306625251,Chocolate Trento Relleno Chocolate Blanco de 29 gr.,4900,Trento,chocolates-y-golosinas,chocolates,https://static.app.biggie.com.py/images/products/7896306625251.jpg,2026-08-22T21:20:04.000000Z
7896451912459,Goma Dulce Docile Frutilla de 70 gr.,6650,Docile,chocolates-y-golosinas,gomitas-dulces,https://static.app.biggie.com.py/images/products/7896451912459.jpg,2026-08-22T21:20:04.000000Z
7798048730968,Galletita Delicias de las Nonna Mini Pasta Frola de 160 gr.,6000,Delicias de la Nonna,chocolates-y-golosinas,galletitas-dulces,,2026-08-22T21:20:04.000000Z
7896079846730,Wafer Tub-in Frutilla Montevergine de 48 gr.,4800,Montevergine,chocolates-y-golosinas,galletitas-dulces,,2026-08-22T21:20:04.000000Z
7798128002145,Galletita Cachafaz Organicas Cacao y Miel de 170 gr.,12000,Cachafaz,chocolates-y-golosinas,galletitas-dulces,https://static.app.biggie.com.py/images/products/7798128002145.jpg,2026-08-22T21:20:04.000000Z
7896003738810,Galletitas Marilan Tortitas Frutilla de 140 gr.,6000,MARILAN,chocolates-y-golosinas,galletitas-dulces,https://static.app.biggie.com.py/images/products/7896003738810-34484541.jpg,2026-08-22T21:20:04.000000Z
7802215503429,Galletita Costa Mini Palmerita de 35 gr.,3650,Costa,chocolates-y-golosinas,galletitas-dulces,,2026-08-22T21:20:04.000000Z
7622300759506,Alfajor Milka Mousse Chocolate Negro de 42 gr.,7750,Milka,chocolates-y-golosinas,alfajores,https://static.app.biggie.com.py/images/products/7622300759506.jpg,2026-08-22T21:20:04.000000Z
7798128002138,Galletita Cachafaz Organica Miel y Avena de 170 gr.,12000,Cachafaz,chocolates-y-golosinas,galletitas-dulces,https://static.app.biggie.com.py/images/products/7798128002138.jpg,2026-08-22T21:20:04.000000Z
7896451911575,Gelatina Docile Tubo Yogurt de 30 gr.,1150,Docile,chocolates-y-golosinas,gomitas-dulces,https://static.app.biggie.com.py/images/products/7896451911575.jpg,2026-08-22T21:20:04.000000Z
7796319000208,Alfajor Fantasio Blanco Tres Pisos de 70 gr.,2700,Fantasio,chocolates-y-golosinas,alfajores,https://static.app.biggie.com.py/images/products/7796319000208.jpg,2026-08-22T21:20:04.000000Z
7896451906342,Caramelo Docile Rolly Minty Menta de 29 gr.,1500,Docile,chocolates-y-golosinas,caramelos,,2026-08-22T21:20:04.000000Z
7896079846471,Galletita Tub-In Wafer Brigadeiro Montevergine de 48 gr.,4800,Montevergine,chocolates-y-golosinas,galletitas-dulces,https://static.app.biggie.com.py/images/products/7896079846471.jpg,2026-08-22T21:20:04.000000Z
7896306619496,Chocolate Trento Mini Bites Dark de 40 gr.,5750,Trento,chocolates-y-golosinas,chocolates,,2026-08-22T21:20:04.000000Z
7841503002817,Alfajor Mazzei Rastalion Baño Blanco de 70 gr.,8500,MAZZEI,chocolates-y-golosinas,alfajores,https://static.app.biggie.com.py/images/products/7841503002817.jpg,2026-08-22T21:20:04.000000Z
7896024760357,Galletitas Piraque Rellenas Chocolate de 160 gr.,4500,PIRAQUE,chocolates-y-golosinas,galletitas-dulces,https://static.app.biggie.com.py/images/products/7896024760357.jpg,2026-08-22T21:20:04.000000Z
78916968,Pastilla mini Minty Morango 12 gr.,2850,Docile,chocolates-y-golosinas,caramelos,,2026-08-22T21:20:04.000000Z
7891152801798,Galletita Richester Amori Relleno de Morango de 125 gr.,4500,Richester,chocolates-y-golosinas,galletitas-dulces,https://static.app.biggie.com.py/images/products/7891152801798.jpg,2026-08-22T21:20:04.000000Z
7730964000190,Alfajor Nat Bars de Granola Chocolate Blanco de 60 gr.,8600,nat bars,chocolates-y-golosinas,alfajores,https://static.app.biggie.com.py/images/products/7730964000190.jpg,2026-08-22T21:20:04.000000Z
7896003700657,Galletita Wafer Marilan Chocolate de 115 gr.,4750,MARILAN,chocolates-y-golosinas,galletitas-dulces,https://static.app.biggie.com.py/images/products/7896003700657.jpg,2026-08-22T21:20:04.000000Z
7796319000192,Alfajor Fantasio NegroTres Pisos de 70 gr.,3050,Fantasio,chocolates-y-golosinas,alfajores,https://static.app.biggie.com.py/images/products/7796319000192.jpg,2026-08-22T21:20:04.000000Z
7897652600114,Goma Dulce Simonetto Tubo Frutas de 28 gr.,2000,Simonetto,chocolates-y-golosinas,gomitas-dulces,,2026-08-22T21:20:04.000000Z
7898115900505,Rosquita Suavipan Light Coco de 30 gr.,6100,Suavipan,chocolates-y-golosinas,galletitas-dulces,https://static.app.biggie.com.py/images/products/7898115900505-27482904.jpg,2026-08-22T21:20:04.000000Z
7790040139176,Galletitas Lia Polvorita Frutilla de 81 gr.,2700,LIA,chocolates-y-golosinas,galletitas-dulces,https://static.app.biggie.com.py/images/products/7790040139176.jpg,2026-08-22T21:20:04.000000Z
7896003739787,Biscocho Marilan Paw Patrol Rellena de Chocolate de 40gr,1100,MARILAN,chocolates-y-golosinas,galletitas-dulces,https://static.app.biggie.com.py/images/products/7896003739787.jpg,2026-08-22T21:20:04.000000Z
7896286621854,Snacks Palitos Lanc Cubiertos con Chocolate de 68 gr.,4500,cory,chocolates-y-golosinas,chocolates,https://static.app.biggie.com.py/images/products/7896286621854.jpg,2026-08-22T21:20:04.000000Z
7896079846228,Wafer Montevergine Tub-in Avellanas de 48 gr.,4800,Montevergine,chocolates-y-golosinas,galletitas-dulces,https://static.app.biggie.com.py/images/products/7896079846228.jpg,2026-08-22T21:20:04.000000Z
7898115900512,Rosquita Suavipan Light Chocolate de 30 gr.,6100,Suavipan,chocolates-y-golosinas,galletitas-dulces,https://static.app.biggie.com.py/images/products/7898115900512-27482821.jpg,2026-08-22T21:20:04.000000Z
78422193,Chocolate Emmas Full Chocobañadas de 16 gr.,2500,Emmas,chocolates-y-golosinas,chocolates,,2026-08-22T21:20:04.000000Z
7896286621861,Snacks Palitos Lanc Cubiertos con Chocolate Brigadeiro de 68 gr.,4500,cory,chocolates-y-golosinas,chocolates,https://static.app.biggie.com.py/images/products/7896286621861.jpg,2026-08-22T21:20:04.000000Z
7896003740325,Galletita Marilan Maizena Laminada de 140 gr.,5350,MARILAN,chocolates-y-golosinas,galletitas-dulces,https://static.app.biggie.com.py/images/products/7896003740325.jpg,2026-08-22T21:20:04.000000Z
7896451911582,Gelatina Docile Tubo de Frutas Surtidas de 30 gr.,1150,Docile,chocolates-y-golosinas,gomitas-dulces,https://static.app.biggie.com.py/images/products/7896451911582.jpg,2026-08-22T21:20:04.000000Z
7896451907172,Caramelo Docile Rolly Mint Extra Fuerte de 29 gr.,1500,Docile,chocolates-y-golosinas,caramelos,,2026-08-22T21:20:04.000000Z
78916982,Caramelo Docile Pastilla Mini Minty Menta de 14 gr.,2850,Docile,chocolates-y-golosinas,caramelos,https://static.app.biggie.com.py/images/products/78916982.jpg,2026-08-22T21:20:04.000000Z
7840821003865,Galletita Hildebrand Anillos de Vainilla de 130 gr.,2300,HILDEBRAND,chocolates-y-golosinas,galletitas-dulces,https://static.app.biggie.com.py/images/products/7840821003865.jpg,2026-08-22T21:20:04.000000Z
7896022202415,Budin Renata Tradicional Naranja de 250 gr.,12500,RENATA,chocolates-y-golosinas,budines,https://static.app.biggie.com.py/images/products/7896022202415.jpg,2026-08-22T21:20:04.000000Z
7896003711912,Galletita Marilan de Chocolate Blanco Teens de 30 gr.,2000,MARILAN,chocolates-y-golosinas,galletitas-dulces,https://static.app.biggie.com.py/images/products/7896003711912-28166650.jpg,2026-08-22T21:20:04.000000Z
7842255000502,Alfajor Tatakua Mega Cappuccino de 80 gr.,15000,Tatakua,chocolates-y-golosinas,alfajores,https://static.app.biggie.com.py/images/products/7842255000502.jpg,2026-08-22T21:20:04.000000Z
742103,Alfajorcitos Kir de Maicena x 10 Uni.,27500,KIR,chocolates-y-golosinas,alfajores,,2026-08-22T21:20:04.000000Z
7840821003988,Galletita Hildebrand Anillos de Coco de 130 gr.,2300,HILDEBRAND,chocolates-y-golosinas,galletitas-dulces,https://static.app.biggie.com.py/images/products/7840821003988.jpg,2026-08-22T21:20:04.000000Z
7896003739794,Biscocho Marilan Paw Patrol Rellena de Frutilla de 40gr,1100,MARILAN,chocolates-y-golosinas,galletitas-dulces,https://static.app.biggie.com.py/images/products/7896003739794.jpg,2026-08-22T21:20:04.000000Z
7891152801323,Galletita Richester Amori Wafer Chocolate de 80 gr.,3500,Richester,chocolates-y-golosinas,galletitas-dulces,https://static.app.biggie.com.py/images/products/7891152801323.jpg,2026-08-22T21:20:04.000000Z
7896306625336,Chocolate Trento Relleno Morango de 29 gr.,4900,Trento,chocolates-y-golosinas,chocolates,,2026-08-22T21:20:04.000000Z
7896451901408,Caramelo Docile Minty Hortela Extra Fuerte de 17 gr.,950,Docile,chocolates-y-golosinas,caramelos,,2026-08-22T21:20:04.000000Z
7840131004644,Chocolate en Barra Marinela Merienda Hit de 37 gr.,4800,MARINELA,chocolates-y-golosinas,chocolates,https://static.app.biggie.com.py/images/products/7840131004644.jpg,2026-08-22T21:20:04.000000Z
7841204000433,Galletita De Mani Kelwa Cookies de 75g,7000,KELWA,chocolates-y-golosinas,galletitas-dulces,,2026-08-22T21:20:04.000000Z
7896024761415,Galletita Piraque Rellenos Supreme Cheesecake Jalea de Frutas Rojas de 80 gr.,4450,PIRAQUE,chocolates-y-golosinas,galletitas-dulces,https://static.app.biggie.com.py/images/products/7896024761415.jpg,2026-08-22T21:20:04.000000Z
7891152801880,"Galletita Richester Escureto Chocolate Relleno de Vainilla de 71,2 gr.",2850,Richester,chocolates-y-golosinas,galletitas-dulces,,2026-08-22T21:20:04.000000Z
7896969410225,Chocolate Nucita brigadeiro x unidad.,650,Nucita,chocolates-y-golosinas,chocolates,https://static.app.biggie.com.py/images/products/7896969410225.jpg,2026-08-22T21:20:04.000000Z
7840821003926,Galletita Hildebrand Anillos de Chocolate de 130 gr.,2700,HILDEBRAND,chocolates-y-golosinas,galletitas-dulces,https://static.app.biggie.com.py/images/products/7840821003926.jpg,2026-08-22T21:20:04.000000Z
7896004010793,Galletita Bom de Bola Chocolate de 101 gr.,2900,Bom de Bola,chocolates-y-golosinas,galletitas-dulces,https://static.app.biggie.com.py/images/products/7896004010793.jpg,2026-08-22T21:20:04.000000Z
7891152801866,"Galletita Richester Amori Relleno de Chocolate de 71,2 gr.",2850,Richester,chocolates-y-golosinas,galletitas-dulces,,2026-08-22T21:20:04.000000Z
7891152340211,Galletita Richester Wafer con Relleno de Chocolate de 30 gr.,1500,Richester,chocolates-y-golosinas,galletitas-dulces,https://static.app.biggie.com.py/images/products/7891152340211.jpg,2026-08-22T21:20:04.000000Z
9876221107146,Alfajor Belite Keto con Cobertura x Uni.,31250,Belite Fit Bakery,chocolates-y-golosinas,alfajores-artesanales,https://static.app.biggie.com.py/images/products/9876221107146.jpg,2026-08-22T21:20:04.000000Z
7841726000102,Alfajor Dulce Manjar Relleno con Mantequilla de Mani cubierto con Chocolate Negro.,9350,Dulce Manjar,chocolates-y-golosinas,alfajores,https://static.app.biggie.com.py/images/products/7841726000102.jpg,2026-08-22T21:20:04.000000Z
7896024761422,Galletita Piraque Rellenos Supreme Chocolate con Avellana 80 gr.,4450,PIRAQUE,chocolates-y-golosinas,galletitas-dulces,https://static.app.biggie.com.py/images/products/7896024761422.jpg,2026-08-22T21:20:04.000000Z
7842380000019,Alfajores Lunardi x Uni.,11700,Lunardi,chocolates-y-golosinas,alfajores-artesanales,https://static.app.biggie.com.py/images/products/7842380000019.jpg,2026-08-22T21:20:04.000000Z
7896969401346,Chocolate Nucita crocante x unidad.,650,Nucita,chocolates-y-golosinas,chocolates,https://static.app.biggie.com.py/images/products/7896969401346.jpg,2026-08-22T21:20:04.000000Z
5436909876548,Alfajor Belite con Cobertura.,28750,Belite Fit Bakery,chocolates-y-golosinas,alfajores-artesanales,https://static.app.biggie.com.py/images/products/5436909876548.jpg,2026-08-22T21:20:04.000000Z
7896451912893,Gelatina Docile Mini Besos de 15 gr.,1800,Docile,chocolates-y-golosinas,gomitas-dulces,https://static.app.biggie.com.py/images/products/7896451912893.jpg,2026-08-22T21:20:04.000000Z
7896383074171,Barra Jazzam de chocolate Croc Choc de 16 gr.,1300,Jazzam,chocolates-y-golosinas,chocolates,,2026-08-22T21:20:04.000000Z
78917620,Chocolate Jazzam Ducrem Blanco de 48 gr.,500,Jazzam,chocolates-y-golosinas,chocolates,,2026-08-22T21:20:04.000000Z
78917644,Chocolate Jazzam Ducrem Leche Condensada de 10 gr.,500,Jazzam,chocolates-y-golosinas,chocolates,,2026-08-22T21:20:04.000000Z
7891152340235,Galletita Richester Wafer Relleno de Morango de 30 gr.,1500,Richester,chocolates-y-golosinas,galletitas-dulces,,2026-08-22T21:20:04.000000Z
7896004010809,Galletita Bom de Bola Frutilla de 110 gr.,2900,Bom de Bola,chocolates-y-golosinas,galletitas-dulces,https://static.app.biggie.com.py/images/products/7896004010809.jpg,2026-08-22T21:20:04.000000Z
7896383000446,Chocolate Jazzman Coloreti Mini de 11 gr.,600,Jazzam,chocolates-y-golosinas,chocolates,,2026-08-22T21:20:04.000000Z
3435625687904,Bombones Belite Keto x 5 Uni.,45000,Belite Fit Bakery,chocolates-y-golosinas,chocolates,https://static.app.biggie.com.py/images/products/3435625687904.jpg,2026-08-22T21:20:04.000000Z
7896024760180,Galletita Piraque Cookies Sabor Vainilla de 40 gr.,2900,PIRAQUE,chocolates-y-golosinas,galletitas-dulces,https://static.app.biggie.com.py/images/products/7896024760180.jpg,2026-08-22T21:20:04.000000Z
7896024760203,Galletita Piraque Cookies Sabor Chocolate de 40 gr.,2900,PIRAQUE,chocolates-y-golosinas,galletitas-dulces,https://static.app.biggie.com.py/images/products/7896024760203.jpg,2026-08-22T21:20:04.000000Z
7896383000422,Chocolate Jazzam Coloreti de 18 gr.,1500,Jazzam,chocolates-y-golosinas,chocolates,,2026-08-22T21:20:04.000000Z
742100,Alfajor Kir de Maicena Grande x Uni.,9450,KIR,chocolates-y-golosinas,alfajores,,2026-08-22T21:20:04.000000Z
7896383074225,Chocolate Jazzman Croc Choc Napolitano de 16 gr.,1300,Jazzam,chocolates-y-golosinas,chocolates,https://static.app.biggie.com.py/images/products/7896383074225.jpg,2026-08-22T21:20:04.000000Z
7848002880113,Alfajor Madelina Keto Rello Frutos Rojos de 50 gr.,17000,MADELINA ALFAJORES,chocolates-y-golosinas,alfajores-artesanales,https://static.app.biggie.com.py/images/products/7848002880113.jpg,2026-08-22T21:20:04.000000Z
7848002880083,Alfajor Madelina Keto Relleno Majar de chocolate de 50 gr.,17000,MADELINA ALFAJORES,chocolates-y-golosinas,alfajores-artesanales,https://static.app.biggie.com.py/images/products/7848002880083.jpg,2026-08-22T21:20:04.000000Z
7896383072115,Barra Croc-Choc Jazzam Avellana 16gr,1300,Jazzam,chocolates-y-golosinas,chocolates,,2026-08-22T21:20:04.000000Z
3046920028004,Chocolate Lind Excellence amargo cacao de 100 gr.,75650,Lindt,chocolates-y-golosinas,chocolates,https://static.app.biggie.com.py/images/products/3046920028004-32620912.jpg,2026-08-22T21:20:04.000000Z
7848002880090,Alfajor Madelina keto Relleno Lenche Condensada y Coco de 50 gr.,17000,MADELINA ALFAJORES,chocolates-y-golosinas,alfajores-artesanales,https://static.app.biggie.com.py/images/products/7848002880090.jpg,2026-08-22T21:20:04.000000Z
742101,Alfajor Kir de Canela Grande x Uni.,9450,KIR,chocolates-y-golosinas,alfajores,,2026-08-22T21:20:04.000000Z
7848002880106,Alfajor Madelina keto Relleno Mantequilla de Mani de 50 gr.,17000,MADELINA ALFAJORES,chocolates-y-golosinas,alfajores-artesanales,https://static.app.biggie.com.py/images/products/7848002880106.jpg,2026-08-22T21:20:04.000000Z
7790580152109,Caramelo Arcor Butter Toffes Chocolate de 80 gr.,6500,ARCOR,chocolates-y-golosinas,caramelos,https://static.app.biggie.com.py/images/products/7790580152109.jpg,2026-08-22T21:20:04.000000Z
9112221207289,Alfajorcito Belite Low Carb x Uni.,50000,Belite Fit Bakery,chocolates-y-golosinas,alfajores-artesanales,https://static.app.biggie.com.py/images/products/9112221207289.jpg,2026-08-22T21:20:04.000000Z
745314199766,Cheesecake Bite a Bite Keto Dulce de Leche x uni,24500,Bite a Bite,chocolates-y-golosinas,alfajores-artesanales,https://static.app.biggie.com.py/images/products/745314199766.jpg,2026-08-22T21:20:04.000000Z
745314199704,Alfajor Bite a Bite Blanco Relleno Dulce de Leche de 130 gr.,19500,Bite a Bite,chocolates-y-golosinas,alfajores,https://static.app.biggie.com.py/images/products/745314199704.jpg,2026-08-22T21:20:04.000000Z
745314199711,Alfajor Bite a Bite Bañado de Chocolate con Relleno de ddl light por Uni.,19500,Bite a Bite,chocolates-y-golosinas,alfajores,https://static.app.biggie.com.py/images/products/745314199711.jpg,2026-08-22T21:20:04.000000Z
7848003820200,Alfajor Bake-Me Cookies & Cream Relleno de Chocoavellanas x uni.,24250,Bake-Me,chocolates-y-golosinas,alfajores,,2026-08-22T21:20:04.000000Z
721688743507,Alfatella Bite a Bite x Uni.,26500,Bite a Bite,chocolates-y-golosinas,alfajores-artesanales,,2026-08-22T21:20:04.000000Z
745314199728,Alfajor Bite a Bite de Maicena Xl x Uni.,17500,Bite a Bite,chocolates-y-golosinas,alfajores,https://static.app.biggie.com.py/images/products/745314199728.jpg,2026-08-22T21:20:04.000000Z
7848003820194,Alfajor Bake-Me Choco Relleno de Chocoavellanas x uni.,20500,Bake-Me,chocolates-y-golosinas,alfajores,https://static.app.biggie.com.py/images/products/7848003820194.jpg,2026-08-22T21:20:04.000000Z
77973986,Chocolate Arcor Cofler Estilo Dubái de 45 gr.,12000,ARCOR,chocolates-y-golosinas,chocolates,,2026-08-22T21:20:04.000000Z
7842738000050,Alfajorcitos de Maizena La Postrería  de 150 gr.,23500,La Postreria,chocolates-y-golosinas,alfajores,https://static.app.biggie.com.py/images/products/7842738000050.jpg,2026-08-22T21:20:04.000000Z
7848003820217,Alfajor Bake-Me Chocolate Relleno de Dulce de Leche x uni.,13500,Bake-Me,chocolates-y-golosinas,alfajores,,2026-08-22T21:20:04.000000Z
7848003820187,Alfajor Bake-Me Cacao Relleno de Dulce de Leche x uni.,15000,Bake-Me,chocolates-y-golosinas,alfajores,,2026-08-22T21:20:04.000000Z
7848003820163,Alfajor Bake-Me Mani Relleno de Mantequilla de Mani x uni.,18000,Bake-Me,chocolates-y-golosinas,alfajores,,2026-08-22T21:20:04.000000Z
7848003820170,Alfajor Bake-Me Guayaba Relleno de Dulce de Guayaba Light x uni.,19000,Bake-Me,chocolates-y-golosinas,alfajores,,2026-08-22T21:20:04.000000Z
7622202839962,Galletita Terrabusi Variedad de 390 gr.,12800,Terrabusi,chocolates-y-golosinas,galletitas-dulces,https://static.app.biggie.com.py/images/products/7622202839962.jpg,2026-08-22T21:20:04.000000Z
77993540,Turron de Mani Arcor Choc/Rocklets de 25 gr.,1500,ARCOR,chocolates-y-golosinas,turron,,2026-08-22T21:20:04.000000Z
77922106,Alfajor Cachafaz Maicena x Uni.,8500,Cachafaz,chocolates-y-golosinas,alfajores,https://static.app.biggie.com.py/images/products/77922106.jpg,2026-08-22T21:20:04.000000Z
0658325697933,Chocolate Wisner Tableta 85% de 80 gr.,49900,Wisner,chocolates-y-golosinas,chocolates,,2026-08-22T21:20:04.000000Z
7840574000166,Pepitas Confiteria Loeb x 12 Uni.,21500,Confiteria Loeb,chocolates-y-golosinas,alfajores-artesanales,,2026-08-22T21:20:04.000000Z
7840574000074,Alfajor Confiteria Loeb de Maizena x 6 Uni.,31000,Confiteria Loeb,chocolates-y-golosinas,alfajores,,2026-08-22T21:20:04.000000Z
0658325697957,Chocolate Wisner Tableta 70% Sin Azucar de 80 gr.,47000,Wisner,chocolates-y-golosinas,chocolates,,2026-08-22T21:20:04.000000Z
7792430903305,Uvas Con Chocolate Bariloche Premium 150g,14150,BARILOCHE,chocolates-y-golosinas,chocolates,https://static.app.biggie.com.py/images/products/7792430903305.jpg,2026-08-22T21:20:04.000000Z
310701,Bombones Chocotruffa�s sabores surtidos por unidad.,6500,Chocotruffas,chocolates-y-golosinas,chocolates,,2026-08-22T21:20:04.000000Z
7848990002788,Bombon Mundo Emprendimiento Corazon Entero de Chocolate Relleno x Uni.,44000,Mundo Emprendimientos,chocolates-y-golosinas,chocolates,,2026-08-22T21:20:04.000000Z
7792430903367,Bombonera Bariloche Premiun de 240 g,53400,BARILOCHE,chocolates-y-golosinas,chocolates,https://static.app.biggie.com.py/images/products/7792430903367.jpg,2026-08-22T21:20:04.000000Z
7792430903343,Bombonera Bariloche Premiun Rama de 150g,23000,BARILOCHE,chocolates-y-golosinas,chocolates,https://static.app.biggie.com.py/images/products/7792430903343.jpg,2026-08-22T21:20:04.000000Z
7792430903381,Bombonera Bariloche Premiun Rama de 300g,53000,BARILOCHE,chocolates-y-golosinas,chocolates,https://static.app.biggie.com.py/images/products/7792430903381.jpg,2026-08-22T21:20:04.000000Z
7792430903442,Bombonera Bariloche Premiun x 105g,23500,BARILOCHE,chocolates-y-golosinas,chocolates,https://static.app.biggie.com.py/images/products/7792430903442.jpg,2026-08-22T21:20:04.000000Z
310704,Caja box Chocotruffa�s sabor tradicional/blanco x 12 unidades.,58500,Chocotruffas,chocolates-y-golosinas,chocolates,,2026-08-22T21:20:04.000000Z
310718,Caja box Chocotruffa�s sabor tradicional/blanco x 2 unidades.,13000,Chocotruffas,chocolates-y-golosinas,chocolates,,2026-08-22T21:20:04.000000Z
310702,Caja box Chocotruffa�s sabor tradicional/blanco x 6 unidades.,33000,Chocotruffas,chocolates-y-golosinas,chocolates,,2026-08-22T21:20:04.000000Z
310703,Caja hexagonal Chocotruffa�s sabor tradicional/blanco x 7 unidades.,35000,Chocotruffas,chocolates-y-golosinas,chocolates,,2026-08-22T21:20:04.000000Z
7792430012014,Chocolate Bombones Bariloche Premiun Caja,41500,BARILOCHE,chocolates-y-golosinas,chocolates,https://static.app.biggie.com.py/images/products/7792430012014.jpg,2026-08-22T21:20:04.000000Z
7848990002733,Chocolate Mundo Emprendimiento Pesebre Familiar de 350 gr.,75000,Mundo Emprendimientos,chocolates-y-golosinas,chocolates,,2026-08-22T21:20:04.000000Z
7844581040160,Galletitas Cebaditas 1911 de Cebada Dulces de 100 gr.,8550,Cebaditas 1911,chocolates-y-golosinas,galletitas-dulces,,2026-08-22T21:20:04.000000Z
7792430903374,Tableta Bariloche Chocolate Con Leche Y Almendras 100g,11250,BARILOCHE,chocolates-y-golosinas,chocolates,https://static.app.biggie.com.py/images/products/7792430903374.jpg,2026-08-22T21:20:04.000000Z
7792430609610,Turron De Oblea Mani Bariloche de 25g,600,BARILOCHE,chocolates-y-golosinas,chocolates,https://static.app.biggie.com.py/images/products/7792430609610.jpg,2026-08-22T21:20:04.000000Z
7840699001802,Hamburguesa Guarani Tipo Casera x 6 Uni.,40000,Guaraní,congelados,hamburguesas,https://static.app.biggie.com.py/images/products/7840699001802.jpg,2026-08-22T21:20:04.000000Z
7840369041084,Milanesa Pechumila de pollo de 100 gr.,4200,Pechugon,congelados,apanados-de-pollo-y-carne,https://static.app.biggie.com.py/images/products/7840369041084.jpg,2026-08-22T21:20:04.000000Z
7840369041077,Milanesa Pechumila de pollo de 800 gr.,29750,Pechugon,congelados,apanados-de-pollo-y-carne,https://static.app.biggie.com.py/images/products/7840369041077.jpg,2026-08-22T21:20:04.000000Z
7840699000270,Hamburguesa Guarani parrillera x 6 Unidades.,37450,Guaraní,congelados,hamburguesas,https://static.app.biggie.com.py/images/products/7840699000270.jpg,2026-08-22T21:20:04.000000Z
7840699001680,Sopa Paraguaya Guarani de 1.000 gr.,38000,Guaraní,congelados,sopa-paraguaya,https://static.app.biggie.com.py/images/products/7840699001680.jpg,2026-08-22T21:20:04.000000Z
7840699000102,Hamburguesa Efege carne x 6 Unidades.,13900,Guaraní,congelados,hamburguesas,https://static.app.biggie.com.py/images/products/7840699000102.jpg,2026-08-22T21:20:04.000000Z
7840699001673,Chipa Guasu Guaraní de 1.000 gr.,45100,Guaraní,congelados,comidas-preparadas,https://static.app.biggie.com.py/images/products/7840699001673.jpg,2026-08-22T21:20:04.000000Z
7840699000027,Hamburguesa Guarani Clasica x 6 Unidades.,23150,Guaraní,congelados,hamburguesas,https://static.app.biggie.com.py/images/products/7840699000027.jpg,2026-08-22T21:20:04.000000Z
7840699001321,Hamburguesa Guarani premium x 6 Unidades.,32750,Guaraní,congelados,hamburguesas,https://static.app.biggie.com.py/images/products/7840699001321.jpg,2026-08-22T21:20:04.000000Z
7840699001925,Hamburguesa Guarani de Barbacoa Ahumada de 720 gr x 6 Uni.,40000,Guaraní,congelados,hamburguesas,https://static.app.biggie.com.py/images/products/7840699001925.jpg,2026-08-22T21:20:04.000000Z
7840699001475,Hamburguesa Guarani Efege carne x 4 Uni.,9300,Efegé,congelados,hamburguesas,https://static.app.biggie.com.py/images/products/7840699001475.jpg,2026-08-22T21:20:04.000000Z
7840699000119,Hamburguesa Efege carne x 16 Unidades.,36500,Efegé,congelados,hamburguesas,https://static.app.biggie.com.py/images/products/7840699000119.jpg,2026-08-22T21:20:04.000000Z
7898373971521,Nuggets Baita de Pollo de 700 gr.,28100,Baita,congelados,apanados-de-pollo-y-carne,https://static.app.biggie.com.py/images/products/7898373971521.jpg,2026-08-22T21:20:04.000000Z
7840699000256,Hamburguesa Guarani Ligth x 6 Unidades.,27750,Guaraní,congelados,hamburguesas,https://static.app.biggie.com.py/images/products/7840699000256.jpg,2026-08-22T21:20:04.000000Z
7891515474140,Carne de Pollo Sadia Sadinesa Rebozado de 100 gr.,3950,Sadia,congelados,apanados-de-pollo-y-carne,https://static.app.biggie.com.py/images/products/7891515474140.jpg,2026-08-22T21:20:04.000000Z
7842779000026,Empanadas Don Vito de Jamon y Queso x 6Uni.,54950,Don Vito,congelados,comidas-preparadas,https://static.app.biggie.com.py/images/products/7842779000026-32786775.jpg,2026-08-22T21:20:04.000000Z
7898921567046,Papas Fritas Bembrasil de 400g,10500,BemBrasil,congelados,papa-frita-congelada,https://static.app.biggie.com.py/images/products/7898921567046.jpg,2026-08-22T21:20:04.000000Z
7840699000034,Hamburguesa Guarani clasica x 12 Unidades.,45350,Guaraní,congelados,hamburguesas,https://static.app.biggie.com.py/images/products/7840699000034.jpg,2026-08-22T21:20:04.000000Z
7893000028371,Nuggets de Pollo Sadia Crocante de 300 gr.,23800,Sadia,congelados,apanados-de-pollo-y-carne,https://static.app.biggie.com.py/images/products/7893000028371.jpg,2026-08-22T21:20:04.000000Z
7840448000018,Mandioca Pelada Congelada Yasy Kañy 1 Kg.,11950,YASY KAÃ‘Y,congelados,verduras-frutas-congelados,https://static.app.biggie.com.py/images/products/7840448000018.jpg,2026-08-22T21:20:04.000000Z
7898921567336,Papas Fritas BemBrasil de 1.005 gr.,26500,BemBrasil,congelados,papa-frita-congelada,https://static.app.biggie.com.py/images/products/7898921567336.jpg,2026-08-22T21:20:04.000000Z
7797906055014,Papas Fritas Mc Cain Air Fryer Corte Finitas de 700 gr.,29500,MC CAIN,congelados,papa-frita-congelada,https://static.app.biggie.com.py/images/products/7797906055014.jpg,2026-08-22T21:20:04.000000Z
7891515402914,Nuggets de Pollo Perdigao de 300 gr.,22450,PERDIGAO,congelados,apanados-de-pollo-y-carne,https://static.app.biggie.com.py/images/products/7891515402914.jpg,2026-08-22T21:20:04.000000Z
371204,Pizza pollo con catupiry El Grillo.,52000,El Grillo,congelados,pizzas-congelados,https://static.app.biggie.com.py/images/products/371204.jpg,2026-08-22T21:20:04.000000Z
7842779000095,Empanadas Don Vito Casera x 6 Uni.,65250,Don Vito,congelados,comidas-preparadas,https://static.app.biggie.com.py/images/products/7842779000095-32786799.jpg,2026-08-22T21:20:04.000000Z
7893000083554,Packs Sadinesa Rellena de 100 gr.,24200,Sadia,congelados,apanados-de-pollo-y-carne,https://static.app.biggie.com.py/images/products/7893000083554.jpg,2026-08-22T21:20:04.000000Z
371203,Pizza Pepperoni El Grillo.,44000,El Grillo,congelados,pizzas-congelados,https://static.app.biggie.com.py/images/products/371203.jpg,2026-08-22T21:20:04.000000Z
7842790000098,Mandioca El Patron Precocinada.,19900,EL PATRON,congelados,comidas-preparadas,https://static.app.biggie.com.py/images/products/7842790000098-30712002.jpg,2026-08-22T21:20:04.000000Z
8800010001002,Filete de Tilapia Fresh de 500 gr.,51700,Fresh and Frozen,congelados,pescado-congelados,https://static.app.biggie.com.py/images/products/8800010001002.jpg,2026-08-22T21:20:04.000000Z
7842779000057,Empanada Don Vito 4 Quesos de 720 gr x 6 Uni.,57800,Don Vito,congelados,comidas-preparadas,https://static.app.biggie.com.py/images/products/7842779000057.jpg,2026-08-22T21:20:04.000000Z
371201,Pizza Muzzarella El Grillo.,38000,El Grillo,congelados,pizzas-congelados,https://static.app.biggie.com.py/images/products/371201.jpg,2026-08-22T21:20:04.000000Z
7898921567275,Papas Bembrasil Caritas de 400 gr.,12250,BemBrasil,congelados,papa-frita-congelada,https://static.app.biggie.com.py/images/products/7898921567275.jpg,2026-08-22T21:20:04.000000Z
7842790000340,Mandioca El Patron Pelada de 1.000 gr.,12500,EL PATRON,congelados,verduras-frutas-congelados,https://static.app.biggie.com.py/images/products/7842790000340.jpg,2026-08-22T21:20:04.000000Z
7841854000395,Mbeju Jakaru preparada de 800 gr.,37200,Jakaru,congelados,comidas-preparadas,https://static.app.biggie.com.py/images/products/7841854000395.jpg,2026-08-22T21:20:04.000000Z
7842579000035,Mandioca Congelada La Bandeja de 1.000 gr.,15150,La Bandeja,congelados,verduras-frutas-congelados,https://static.app.biggie.com.py/images/products/7842579000035.jpg,2026-08-22T21:20:04.000000Z
7840369041244,Hamburguesa Pechugon pollo x 6 Unidades de 420 gr.,13050,Pechugon,congelados,hamburguesas,https://static.app.biggie.com.py/images/products/7840369041244-29258132.jpg,2026-08-22T21:20:04.000000Z
7842779000019,Empanadas Don Vito de Carne x 6 Uni.,57800,Don Vito,congelados,comidas-preparadas,https://static.app.biggie.com.py/images/products/7842779000019-32786771.jpg,2026-08-22T21:20:04.000000Z
371202,Pizza Napolitana El Grillo.,41000,El Grillo,congelados,pizzas-congelados,https://static.app.biggie.com.py/images/products/371202.jpg,2026-08-22T21:20:04.000000Z
7842779000323,Empanada Don Vito de Jamon y Queso x 12 Uni.,51200,Don Vito,congelados,comidas-preparadas,https://static.app.biggie.com.py/images/products/7842779000323.jpg,2026-08-22T21:20:04.000000Z
371218,Mini Pizzas El Grillo de Muzzarella Congelada x 6 uni.,38000,El Grillo,congelados,comidas-preparadas,https://static.app.biggie.com.py/images/products/371218.jpg,2026-08-22T21:20:04.000000Z
371217,Mini Pizzas Surtidas Congeladas,41000,El Grillo,congelados,comidas-preparadas,,2026-08-22T21:20:04.000000Z
7898921567503,Batata Crinkle Bembrasil de 1.01kg,27600,BemBrasil,congelados,papa-frita-congelada,https://static.app.biggie.com.py/images/products/7898921567503.jpg,2026-08-22T21:20:04.000000Z
7898921567824,Papas Crufi Pre Fritas de 2.000 gr.,39950,Crufi,congelados,papa-frita-congelada,https://static.app.biggie.com.py/images/products/7898921567824.jpg,2026-08-22T21:20:04.000000Z
7842779000224,Milanesa Don Vito de Carne x 4 Uni.,64500,Don Vito,congelados,comidas-preparadas,https://static.app.biggie.com.py/images/products/7842779000224.jpg,2026-08-22T21:20:04.000000Z
7842595000019,Tortillas de Maiz La Mexicana de 1.000 gr.,31000,La Mexicana,congelados,comidas-preparadas,https://static.app.biggie.com.py/images/products/7842595000019.jpg,2026-08-22T21:20:04.000000Z
7842595000026,Tortillas de Maiz La Mexicana de 500 gr.,24000,La Mexicana,congelados,comidas-preparadas,https://static.app.biggie.com.py/images/products/7842595000026.jpg,2026-08-22T21:20:04.000000Z
7840699001154,Hamburguesa Guarani parrillera XXl x 2 Unidades.,28800,Guaraní,congelados,hamburguesas,https://static.app.biggie.com.py/images/products/7840699001154.jpg,2026-08-22T21:20:04.000000Z
7840699001161,Hamburguesa Guarani parrillera XXL x 4 Unidades.,47600,Guaraní,congelados,hamburguesas,https://static.app.biggie.com.py/images/products/7840699001161.jpg,2026-08-22T21:20:04.000000Z
7840113201610,Masa para Sopa Paraguaya Alberdin Congelado en Bandeja de 750 gr.,35100,ALBERDIN,congelados,comidas-preparadas,https://static.app.biggie.com.py/images/products/7840113201610-31272632.jpg,2026-08-22T21:20:04.000000Z
7842790000029,Sopa Paraguaya El Patron x Unidad.,33300,EL PATRON,congelados,sopa-paraguaya,https://static.app.biggie.com.py/images/products/7842790000029-30711912.jpg,2026-08-22T21:20:04.000000Z
7842790000050,Chipa Guazu El Patron x Unidad.,41300,EL PATRON,congelados,comidas-preparadas,https://static.app.biggie.com.py/images/products/7842790000050-30711930.jpg,2026-08-22T21:20:04.000000Z
7898921567688,Aros de Cebolla Bembrasil de 400gr,18900,BemBrasil,congelados,papa-frita-congelada,https://static.app.biggie.com.py/images/products/7898921567688.jpg,2026-08-22T21:20:04.000000Z
7842779000330,Empanada Don Vito de Carne x 12 Uni.,51200,Don Vito,congelados,comidas-preparadas,https://static.app.biggie.com.py/images/products/7842779000330.jpg,2026-08-22T21:20:04.000000Z
8710449914241,Papas Fritas Aviko tradicional de 1.000 gr.,32550,AVIKO,congelados,papa-frita-congelada,https://static.app.biggie.com.py/images/products/8710449914241.jpg,2026-08-22T21:20:04.000000Z
7840113201603,Masa para Chipa Guazu Alberdin Congelado en Bandeja de 750 gr.,44300,ALBERDIN,congelados,comidas-preparadas,https://static.app.biggie.com.py/images/products/7840113201603-31272614.jpg,2026-08-22T21:20:04.000000Z
7893000801448,Pizza Sadia Muzzarella de 460 gr.,39900,Sadia,congelados,pizzas-congelados,https://static.app.biggie.com.py/images/products/7893000801448.jpg,2026-08-22T21:20:04.000000Z
7841535000010,Sopa Paraguaya Granopar lista para hornear de 1.000 gr.,34300,GRANOPAR,congelados,sopa-paraguaya,https://static.app.biggie.com.py/images/products/7841535000010.jpg,2026-08-22T21:20:04.000000Z
7898373971460,Steak Baita de Pollo de 960 gr.,32000,Baita,congelados,apanados-de-pollo-y-carne,https://static.app.biggie.com.py/images/products/7898373971460.jpg,2026-08-22T21:20:04.000000Z
7840699000089,Hamburguesa Guarani pollo x 6 Uni.,17750,Guaraní,congelados,hamburguesas,https://static.app.biggie.com.py/images/products/7840699000089.jpg,2026-08-22T21:20:04.000000Z
7797906054956,Papas Fritas Mc Cain Smiles de 700 gr.,29500,MC CAIN,congelados,papa-frita-congelada,https://static.app.biggie.com.py/images/products/7797906054956.jpg,2026-08-22T21:20:04.000000Z
7842779000231,Milanesa Don Vito de Pollo x 4 Uni.,47100,Don Vito,congelados,comidas-preparadas,https://static.app.biggie.com.py/images/products/7842779000231.jpg,2026-08-22T21:20:04.000000Z
7797906054833,Papas crinkle Mc cain en bolsa 600 g.,26000,Amandau,congelados,papa-frita-congelada,https://static.app.biggie.com.py/images/products/7797906054833.jpg,2026-08-22T21:20:04.000000Z
371205,Pizza Quezo Azul El Grillo.,44000,El Grillo,congelados,pizzas-congelados,https://static.app.biggie.com.py/images/products/371205.jpg,2026-08-22T21:20:04.000000Z
7798183044463,Chicken Sadia Fingers de 72 gr.,59200,Sadia,congelados,apanados-de-pollo-y-carne,https://static.app.biggie.com.py/images/products/7798183044463.jpg,2026-08-22T21:20:04.000000Z
7841699001045,Milanesa Quattro D Congelada de Carne de 400 gr.,62000,Quattro D,congelados,apanados-de-pollo-y-carne,https://static.app.biggie.com.py/images/products/7841699001045.jpg,2026-08-22T21:20:04.000000Z
7840699002205,Hamburguesa Guarani Cheese Burger de 570 gr.,39450,Guaraní,congelados,hamburguesas,https://static.app.biggie.com.py/images/products/7840699002205.jpg,2026-08-22T21:20:04.000000Z
7840369041145,Hamburguesa de Pollo Pechuburger 150 gr.,2300,Pechugon,congelados,hamburguesas,https://static.app.biggie.com.py/images/products/7840369041145.jpg,2026-08-22T21:20:04.000000Z
7841854000166,Mezcla para Sopa paraguaya Jakaru de 1.000 gr.,40700,Jakaru,congelados,sopa-paraguaya,https://static.app.biggie.com.py/images/products/7841854000166.jpg,2026-08-22T21:20:04.000000Z
7841699001052,Milanesa Quattro D Congelada de Pollo de 400 gr.,48000,Quattro D,congelados,apanados-de-pollo-y-carne,https://static.app.biggie.com.py/images/products/7841699001052.jpg,2026-08-22T21:20:04.000000Z
8710449945429,Papa Frita Aviko Tradicional de 450 gr.,17450,AVIKO,congelados,papa-frita-congelada,https://static.app.biggie.com.py/images/products/8710449945429.jpg,2026-08-22T21:20:04.000000Z
8710449945160,Papas Fritas Aviko Zig Zag de 750 gr.,35800,AVIKO,congelados,papa-frita-congelada,https://static.app.biggie.com.py/images/products/8710449945160.jpg,2026-08-22T21:20:04.000000Z
7898373970111,Milanesa Baita de Pollo de 1.000 gr.,49150,Baita,congelados,apanados-de-pollo-y-carne,https://static.app.biggie.com.py/images/products/7898373970111.jpg,2026-08-22T21:20:04.000000Z
8800010001057,Camaroncito Precocido Fresh and Frozen de 500 gr.,114300,FRESH & FROZEN,congelados,pescado-congelados,https://static.app.biggie.com.py/images/products/8800010001057.jpg,2026-08-22T21:20:04.000000Z
7797906054826,Papas Fritas McCain Clasicas Tradicional de 700 gr.,24000,MC CAIN,congelados,papa-frita-congelada,https://static.app.biggie.com.py/images/products/7797906054826.jpg,2026-08-22T21:20:04.000000Z
7840699000263,Hamburguesa Guarani Ligth x 12 Unidades.,54650,Guaraní,congelados,hamburguesas,https://static.app.biggie.com.py/images/products/7840699000263.jpg,2026-08-22T21:20:04.000000Z
7842579000042,Batata Pelada Congelada La Bandeja x 1kg.,22950,La Bandeja,congelados,verduras-frutas-congelados,https://static.app.biggie.com.py/images/products/7842579000042.jpg,2026-08-22T21:20:04.000000Z
7841854000661,Sopa Jakaru Paraguaya en Bandeja de 750 gr.,35900,Jakaru,congelados,sopa-paraguaya,https://static.app.biggie.com.py/images/products/7841854000661.jpg,2026-08-22T21:20:04.000000Z
7842779000309,Bocaditos Tipicos Don Vito Surtidos x 10 Uni.,58050,Don Vito,congelados,comidas-preparadas,https://static.app.biggie.com.py/images/products/7842779000309-32786825.jpg,2026-08-22T21:20:04.000000Z
7891515559410,Nuggets Sadia Golden Chicken Tradicional de 700 gr.,81600,Sadia,congelados,apanados-de-pollo-y-carne,https://static.app.biggie.com.py/images/products/7891515559410.jpg,2026-08-22T21:20:04.000000Z
7842579000066,Vori Vori Congelado La Bandeja de 500 gr.,20450,La Bandeja,congelados,comidas-preparadas,https://static.app.biggie.com.py/images/products/7842579000066.jpg,2026-08-22T21:20:04.000000Z
7840369041305,Papas Pre Fritas Pepe Chef de 1 kg .,19500,pepe chef,congelados,papa-frita-congelada,https://static.app.biggie.com.py/images/products/7840369041305.jpg,2026-08-22T21:20:04.000000Z
7790174001394,Hamburguesa Vegetalex a Base de Proteina 100% Vegetal de 226 gr.,39900,VEGETALEX,congelados,carne-vegetal,https://static.app.biggie.com.py/images/products/7790174001394.jpg,2026-08-22T21:20:04.000000Z
7842579000028,Chipa Guazu La Bandeja de 1.000 gr.,41200,La Bandeja,congelados,comidas-preparadas,https://static.app.biggie.com.py/images/products/7842579000028.jpg,2026-08-22T21:20:04.000000Z
7841535000041,Chipa Guasu Granopar de 1.000 gr.,39050,GRANOPAR,congelados,comidas-preparadas,https://static.app.biggie.com.py/images/products/7841535000041.jpg,2026-08-22T21:20:04.000000Z
7841854000173,Chipa Guazu Jakaru Congelada de 1.000 gr.,47550,Fresh and Frozen,congelados,comidas-preparadas,https://static.app.biggie.com.py/images/products/7841854000173.jpg,2026-08-22T21:20:04.000000Z
7841854000388,Mezcla para Sopa paraguaya Jakaru 4 quesos de 1.000 gr.,55000,Jakaru,congelados,sopa-paraguaya,https://static.app.biggie.com.py/images/products/7841854000388.jpg,2026-08-22T21:20:04.000000Z
7891515560119,Nuggets Sadia Golden Chicken Picante de 700 gr.,81600,Sadia,congelados,apanados-de-pollo-y-carne,https://static.app.biggie.com.py/images/products/7891515560119.jpg,2026-08-22T21:20:04.000000Z
7842579000011,Sopa Paraguaya La Bandeja de 1.000 gr.,33200,La Bandeja,congelados,sopa-paraguaya,https://static.app.biggie.com.py/images/products/7842579000011.jpg,2026-08-22T21:20:04.000000Z
7840699002212,Sopa Guarani Paraguaya Light de 1.000 gr.,39900,Guaraní,congelados,sopa-paraguaya,https://static.app.biggie.com.py/images/products/7840699002212.jpg,2026-08-22T21:20:04.000000Z
7840699002236,Chipa Guasu Guarani Light de 1.000 gr.,43950,Guaraní,congelados,comidas-preparadas,https://static.app.biggie.com.py/images/products/7840699002236.jpg,2026-08-22T21:20:04.000000Z
7842764000017,Pizza Go Pizzas sabor Pollo con Catupiry.,45000,GO PIZZAS,congelados,pizzas-congelados,https://static.app.biggie.com.py/images/products/7842764000017.jpg,2026-08-22T21:20:04.000000Z
7842764000031,Pizza Go Pizzas sabor Margarita.,45000,GO PIZZAS,congelados,pizzas-congelados,https://static.app.biggie.com.py/images/products/7842764000031.jpg,2026-08-22T21:20:04.000000Z
7848990019304,Mandioca Señor Mandioca de 1.000 gr.,14100,Señor Mandioca,congelados,verduras-frutas-congelados,https://static.app.biggie.com.py/images/products/7848990019304.jpg,2026-08-22T21:20:04.000000Z
7896007855469,Champignon Kenko sachet 100 gr.,17900,KENKO,congelados,verduras-frutas-congelados,https://static.app.biggie.com.py/images/products/7896007855469.jpg,2026-08-22T21:20:04.000000Z
7797906000700,Papas Fritas McCain Tradicional de 400 gr.,14500,MC CAIN,congelados,papa-frita-congelada,https://static.app.biggie.com.py/images/products/7797906000700.jpg,2026-08-22T21:20:04.000000Z
7790174001318,Medallones de Espinaca Vegetalex de 300 gr.,32500,VEGETALEX,congelados,carne-vegetal,https://static.app.biggie.com.py/images/products/7790174001318.jpg,2026-08-22T21:20:04.000000Z
7797906054925,Papas Noisettes Mc Cain De 600 gr.,26000,MC CAIN,congelados,papa-frita-congelada,https://static.app.biggie.com.py/images/products/7797906054925.jpg,2026-08-22T21:20:04.000000Z
7848002120141,Pizza de Catupiry Pronto y Como en Casa con Pollo de 690 gr.,62000,Pronto y Como en Casa,congelados,pizzas-congelados,https://static.app.biggie.com.py/images/products/7848002120141.jpg,2026-08-22T21:20:04.000000Z
7848002120127,Pizza Pronto y Como en Casa Congelada Muzarella de 690 gr.,56000,Pronto y Como en Casa,congelados,pizzas-congelados,https://static.app.biggie.com.py/images/products/7848002120127.jpg,2026-08-22T21:20:04.000000Z
7841535000027,Mbeju Granopar para Preparar de 1.000 gr.,32500,GRANOPAR,congelados,comidas-preparadas,https://static.app.biggie.com.py/images/products/7841535000027.jpg,2026-08-22T21:20:04.000000Z
7848002120110,Pizza Pronto y Como en Casa Congelada Cuatro Quesos de 690 gr.,55000,Pronto y Como en Casa,congelados,pizzas-congelados,https://static.app.biggie.com.py/images/products/7848002120110.jpg,2026-08-22T21:20:04.000000Z
7842324000938,Pizza Love Cook Mozzarella Caja x 2 Uni.,66450,Love Cook,congelados,pizzas-congelados,https://static.app.biggie.com.py/images/products/7842324000938-29117854.jpg,2026-08-22T21:20:04.000000Z
7842764000055,Pizza Go Pizzas sabor Pepperoni.,45000,GO PIZZAS,congelados,pizzas-congelados,https://static.app.biggie.com.py/images/products/7842764000055.jpg,2026-08-22T21:20:04.000000Z
7789122110837,Pizza Belite Original Congelada x Unidad.,41250,Belite Fit Bakery,congelados,pizzas-congelados,https://static.app.biggie.com.py/images/products/7789122110837.jpg,2026-08-22T21:20:04.000000Z
7841535000034,Masa para Chipa Lista para Hornear Granopar 1.000 gr.,39500,GRANOPAR,congelados,comidas-preparadas,https://static.app.biggie.com.py/images/products/7841535000034.jpg,2026-08-22T21:20:04.000000Z
4433557698721,Tarta Belite Original Congelada x Uni.,38750,Belite Fit Bakery,congelados,comidas-preparadas,https://static.app.biggie.com.py/images/products/4433557698721.jpg,2026-08-22T21:20:04.000000Z
7842324001089,Empanadas de Jamón y Queso Love Cook Caja x 6 Unid.,56850,Love Cook,congelados,comidas-preparadas,https://static.app.biggie.com.py/images/products/7842324001089-29117781.jpg,2026-08-22T21:20:04.000000Z
7841304000319,Milas Kzero Individual de 100 gr.,4300,KZERO,congelados,apanados-de-pollo-y-carne,https://static.app.biggie.com.py/images/products/7841304000319.jpg,2026-08-22T21:20:04.000000Z
7841304000463,Nuggets Kzeritos de 800 gr.,36800,KZERO,congelados,apanados-de-pollo-y-carne,https://static.app.biggie.com.py/images/products/7841304000463.jpg,2026-08-22T21:20:04.000000Z
2401042000009,Pizza Wonder Food Peperoni .,35500,WONDER FOOD,congelados,pizzas-congelados,https://static.app.biggie.com.py/images/products/2401042000009.jpg,2026-08-22T21:20:04.000000Z
2401043000008,Pizza Wonder Food 4 Quesos.,35500,WONDER FOOD,congelados,pizzas-congelados,,2026-08-22T21:20:04.000000Z
2401044000007,Pizza Wonder Food Muzzarella.,31500,WONDER FOOD,congelados,pizzas-congelados,https://static.app.biggie.com.py/images/products/2401044000007.jpg,2026-08-22T21:20:04.000000Z
332021,Pizza Pulcinella Margherita de 8 Porciones.,94500,Pulcinella,congelados,pizzas-congelados,,2026-08-22T21:20:04.000000Z
332022,Pizza Pulcinella Cuatro Quesos de 8 Porciones.,109500,Pulcinella,congelados,pizzas-congelados,,2026-08-22T21:20:04.000000Z
332024,Pizza Pulcinella Salame Salsa de tomate Albahaca de 8 Porciones.,107500,Pulcinella,congelados,pizzas-congelados,,2026-08-22T21:20:04.000000Z
332023,"Pizza Pulcinella Jamón Cocido Salsa de Tomate, Mozzarella de 8 Porciones.",95500,Pulcinella,congelados,pizzas-congelados,,2026-08-22T21:20:04.000000Z
7841304000197,Hamburguesa Kzero de Pechuga x Uni.,2700,KZERO,congelados,hamburguesas,https://static.app.biggie.com.py/images/products/7841304000197.jpg,2026-08-22T21:20:04.000000Z
7848990015900,Mandioca Hebron Congelado de 1.000 gr.,10500,hebron,congelados,verduras-frutas-congelados,,2026-08-22T21:20:04.000000Z
7842654000073,Pan Baguette Don Frances Congelado x 4 Uni.,16250,Don Francés,congelados,verduras-frutas-congelados,,2026-08-22T21:20:04.000000Z
7841304000173,Nuggets Kzero de Pollo de 300 gr.,16300,KZERO,congelados,apanados-de-pollo-y-carne,https://static.app.biggie.com.py/images/products/7841304000173.jpg,2026-08-22T21:20:04.000000Z
7841854000722,Pizza Jakaru Congelado Muzzarella de 550  gr.,36900,Jakaru,congelados,pizzas-congelados,,2026-08-22T21:20:04.000000Z
7841854000708,Pizza Jakaru Congelado Pepperoni de 580 gr.,42900,Jakaru,congelados,pizzas-congelados,,2026-08-22T21:20:04.000000Z
7841854000739,Pizza Jakaru Congelado Pollo C/Catupiry de 690 gr.,49900,Jakaru,congelados,pizzas-congelados,,2026-08-22T21:20:04.000000Z
7841854000715,Pizza Jakaru Congelado Napolitana de 565 gr.,39900,Jakaru,congelados,pizzas-congelados,,2026-08-22T21:20:04.000000Z
7848304213022,Pizza Pizzometro 4 Quesos x Uni.,53500,Pizzometro,congelados,pizzas-congelados,,2026-08-22T21:20:04.000000Z
7848304213015,Pizza Pizzometro Muzzarella x Uni.,39000,Pizzometro,congelados,pizzas-congelados,,2026-08-22T21:20:04.000000Z
7841170000062,Bocadito Doña Mery x 24 Uni.,4950,Doña Mery,congelados,comidas-preparadas,,2026-08-22T21:20:04.000000Z
3000000000465,Shaka de carne Río de la plata.,20000,Río de la Plata,congelados,comidas-preparadas,,2026-08-22T21:20:04.000000Z
3000000000472,Zulu de pollo Río de la Plata.,20000,Río de la Plata,congelados,comidas-preparadas,,2026-08-22T21:20:04.000000Z
7841554000060,Chorizo con queso Franz al vacio x 4 unidades.,23600,Franz,fiambreria,chorizos,https://static.app.biggie.com.py/images/products/7841554000060-32616308.jpg,2026-08-22T21:20:04.000000Z
7841554000176,Kit parrillero Franz x uni.,41100,Franz,fiambreria,chorizos,https://static.app.biggie.com.py/images/products/7841554000176.jpg,2026-08-22T21:20:04.000000Z
7840699002380,Jamon y Queso Guarani Mixto x Uni.,24100,Guaraní,fiambreria,jamones,https://static.app.biggie.com.py/images/products/7840699002380.jpg,2026-08-22T21:20:04.000000Z
17001,Combo Parrillero Ochsi x kg.,44650,Ochsi,fiambreria,embutido-envasado-biggie,https://static.app.biggie.com.py/images/products/17001.jpg,2026-08-22T21:20:04.000000Z
0798190153711,Pancho Ochsi x Paq.,19500,Ochsi,fiambreria,panchos,https://static.app.biggie.com.py/images/products/0798190153711.jpg,2026-08-22T21:20:04.000000Z
18000,Jamon Cocido Ochsi al vacio x kg.,93200,Ochsi,fiambreria,embutido-envasado-biggie,https://static.app.biggie.com.py/images/products/18000.jpg,2026-08-22T21:20:04.000000Z
7840699002304,Combo Parrillero Guarani x Uni.,39100,Guaraní,fiambreria,chorizos,https://static.app.biggie.com.py/images/products/7840699002304.jpg,2026-08-22T21:20:04.000000Z
7841328000197,Jamon de Pavo Sadia Ahumada Light de 150 gr.,24700,Sadia,fiambreria,jamones,https://static.app.biggie.com.py/images/products/7841328000197.jpg,2026-08-22T21:20:04.000000Z
0798190153759,Chorizo Parrillero Ochsi S/P x Paq de 6 unidades,19500,Ochsi,fiambreria,embutido-envasado-biggie,https://static.app.biggie.com.py/images/products/0798190153759.jpg,2026-08-22T21:20:04.000000Z
0798190153698,Chorizo con queso Ochsi x Paq.,19500,Ochsi,fiambreria,embutido-envasado-biggie,https://static.app.biggie.com.py/images/products/0798190153698.jpg,2026-08-22T21:20:04.000000Z
0798190153728,Chorizo de Viena Ochsi x Paq.,19500,Ochsi,fiambreria,embutido-envasado-biggie,https://static.app.biggie.com.py/images/products/0798190153728.jpg,2026-08-22T21:20:04.000000Z
7841554000671,Chorizo Franz 4 Quesos env. al vacio x 4 uni.,27700,Franz,fiambreria,chorizos,https://static.app.biggie.com.py/images/products/7841554000671.jpg,2026-08-22T21:20:04.000000Z
0798190153766,Chorizo Parrillero Ochsi con picante x Paq.,19500,Ochsi,fiambreria,embutido-envasado-biggie,https://static.app.biggie.com.py/images/products/0798190153766.jpg,2026-08-22T21:20:04.000000Z
17045,Pate de higado Ochsi x kg.,42450,Ochsi,fiambreria,embutido-envasado-biggie,https://static.app.biggie.com.py/images/products/17045.jpg,2026-08-22T21:20:04.000000Z
17006,Mortadela Ochsi al Vacío x Kg.,51250,Ochsi,fiambreria,embutido-envasado-biggie,https://static.app.biggie.com.py/images/products/17006.jpg,2026-08-22T21:20:04.000000Z
01094,Fiambre Paris Ochsi sin grasa al vacio x kg.,49650,Ochsi,fiambreria,embutido-envasado-biggie,https://static.app.biggie.com.py/images/products/01094.jpg,2026-08-22T21:20:04.000000Z
7841554000947,Jamon Cocido Franz y Queso Gouda Conaprole Pack Merienda de 250 gr.,38300,Franz,fiambreria,jamones,https://static.app.biggie.com.py/images/products/7841554000947.jpg,2026-08-22T21:20:04.000000Z
0798190153742,Morcilla Ochsi x Paq.,19500,Ochsi,fiambreria,embutido-envasado-biggie,https://static.app.biggie.com.py/images/products/0798190153742.jpg,2026-08-22T21:20:04.000000Z
7841231000222,Jamon Cocido Perdigao de 200 gr.,15900,PERDIGAO,fiambreria,jamones,https://static.app.biggie.com.py/images/products/7841231000222.jpg,2026-08-22T21:20:04.000000Z
0798190153735,Chorizo Ochsi Hungaro Picante x Paq.,19500,Ochsi,fiambreria,embutido-envasado-biggie,,2026-08-22T21:20:04.000000Z
7841328000227,Jamon Cocido Sadia de 150 gr.,13700,Sadia,fiambreria,jamones,https://static.app.biggie.com.py/images/products/7841328000227.jpg,2026-08-22T21:20:04.000000Z
17008,Panceta Ochsi al Vacío x Kg.,86150,Ochsi,fiambreria,embutido-envasado-biggie,https://static.app.biggie.com.py/images/products/17008.jpg,2026-08-22T21:20:04.000000Z
7841231000246,Jamonada Perdigao Feteado de 200 gr.,13900,PERDIGAO,fiambreria,jamones,https://static.app.biggie.com.py/images/products/7841231000246.jpg,2026-08-22T21:20:04.000000Z
7841554000688,Chorizo Napolitano Franz envasado al vacio x 4 uni.,24600,Franz,fiambreria,chorizos,https://static.app.biggie.com.py/images/products/7841554000688.jpg,2026-08-22T21:20:04.000000Z
7841231000215,Salame Milan La Casona de 150 gr.,22650,LA CASONA,fiambreria,salames,https://static.app.biggie.com.py/images/products/7841231000215.jpg,2026-08-22T21:20:04.000000Z
17010,Mini Pate Ochsi x kilo.,42450,Ochsi,fiambreria,embutido-envasado-biggie,https://static.app.biggie.com.py/images/products/17010.jpg,2026-08-22T21:20:04.000000Z
7841554000138,Pancho Franz al Vacío x 6 Unidades.,17000,Franz,fiambreria,panchos,https://static.app.biggie.com.py/images/products/7841554000138.jpg,2026-08-22T21:20:04.000000Z
7841231000260,Pechuga de Pollo Perdigao Ahumada de 150 gr.,19900,PERDIGAO,fiambreria,jamones,https://static.app.biggie.com.py/images/products/7841231000260.jpg,2026-08-22T21:20:04.000000Z
7841328000203,Jamonada de Cerdo Sadia de 150 gr.,10000,Sadia,fiambreria,jamones,https://static.app.biggie.com.py/images/products/7841328000203.png,2026-08-22T21:20:04.000000Z
01099,Jamon españa Ochsi al vacio x kg.,51250,Ochsi,fiambreria,embutido-envasado-biggie,https://static.app.biggie.com.py/images/products/01099.jpg,2026-08-22T21:20:04.000000Z
7840699002311,Mini Combo Parrillero Guarani x Uni.,24100,Guaraní,fiambreria,chorizos,https://static.app.biggie.com.py/images/products/7840699002311.jpg,2026-08-22T21:20:04.000000Z
27017,Mini Combo Parrilla Coctail Ochsi Paq de 500 gr.,47700,Ochsi,fiambreria,embutido-envasado-biggie,https://static.app.biggie.com.py/images/products/27017.jpg,2026-08-22T21:20:04.000000Z
7841231000192,Pepperoni La Casona Feteado de 100 gr.,17600,LA CASONA,fiambreria,salames,https://static.app.biggie.com.py/images/products/7841231000192.jpg,2026-08-22T21:20:04.000000Z
27030,Fiambre Ochsi Primavera x Kg.,51200,Ochsi,fiambreria,embutido-envasado-biggie,https://static.app.biggie.com.py/images/products/27030.jpg,2026-08-22T21:20:04.000000Z
17048,Panceta Ochsi Ahumada en Trozos x Kg.,69450,Ochsi,fiambreria,embutido-envasado-biggie,https://static.app.biggie.com.py/images/products/17048.jpg,2026-08-22T21:20:04.000000Z
7840699002229,Jamonada Guarani en fetas de 200 gr.,11000,Guaraní,fiambreria,jamones,https://static.app.biggie.com.py/images/products/7840699002229.jpg,2026-08-22T21:20:04.000000Z
27038,Jamonada Ochsi x Kg.,49650,Ochsi,fiambreria,embutido-envasado-biggie,https://static.app.biggie.com.py/images/products/27038.jpg,2026-08-22T21:20:04.000000Z
7840699002281,Jamon Cocido Guarani en Fetas de 200 gr.,14700,Guaraní,fiambreria,jamones,https://static.app.biggie.com.py/images/products/7840699002281.jpg,2026-08-22T21:20:04.000000Z
110419,Chorizo Sanjuanino Tradicional Santino de 1.100 gr.,36250,SANTINO,fiambreria,chorizos,https://static.app.biggie.com.py/images/products/110419.jpg,2026-08-22T21:20:04.000000Z
7840699001703,Chorizo con Queso Guarani Envasado al Vacio  x 4 Uni.,17900,Guaraní,fiambreria,chorizos,https://static.app.biggie.com.py/images/products/7840699001703.jpg,2026-08-22T21:20:04.000000Z
7841554000749,Chorizo Toscano Franz Parrillero Env. al Vacio de 440 gr.,23600,Franz,fiambreria,chorizos,https://static.app.biggie.com.py/images/products/7841554000749.jpg,2026-08-22T21:20:04.000000Z
7840699001758,Pancho Guarani Envasado al Vacio x 5 Uni.,10300,Guaraní,fiambreria,chorizos,https://static.app.biggie.com.py/images/products/7840699001758.jpg,2026-08-22T21:20:04.000000Z
27008,Chorizo Parrillero Ochsi casero caracol x kg.,62500,Ochsi,fiambreria,embutido-envasado-biggie,https://static.app.biggie.com.py/images/products/27008.jpg,2026-08-22T21:20:04.000000Z
7841231000185,Panceta La Casona de 100 gr.,18650,LA CASONA,fiambreria,pancetas,https://static.app.biggie.com.py/images/products/7841231000185.jpg,2026-08-22T21:20:04.000000Z
7840699002083,Fiambre Guarani Mortadela de 500 gr.,16200,Guaraní,fiambreria,fiambres,https://static.app.biggie.com.py/images/products/7840699002083.jpg,2026-08-22T21:20:04.000000Z
7840699001437,Chorizo Guarani Tipo Misionero x Uni.,32500,Guaraní,fiambreria,chorizos,https://static.app.biggie.com.py/images/products/7840699001437.jpg,2026-08-22T21:20:04.000000Z
7840699002052,Butifarra Guarani Envasado al vacio x 12 Uni.,21100,Guaraní,fiambreria,chorizos,https://static.app.biggie.com.py/images/products/7840699002052.jpg,2026-08-22T21:20:04.000000Z
7841328000258,Salchicha Sadia Hot Dog Rikitos de 500 gr.,21500,Sadia,fiambreria,embutido-envasado-biggie,,2026-08-22T21:20:04.000000Z
7841231000154,Salchicha Perdigao Hot Dog x 12 Uni.,28400,PERDIGAO,fiambreria,chorizos,https://static.app.biggie.com.py/images/products/7841231000154.jpg,2026-08-22T21:20:04.000000Z
7840699002120,Fiambre Guarani Primavera de 500 gr.,14100,Guaraní,fiambreria,fiambres,https://static.app.biggie.com.py/images/products/7840699002120.jpg,2026-08-22T21:20:04.000000Z
7841554000220,Mini Kit Franz Parrillero con Queso.,21950,Franz,fiambreria,chorizos,https://static.app.biggie.com.py/images/products/7841554000220.jpg,2026-08-22T21:20:04.000000Z
7842790000012,Salchicha Parrillera El Patron de 350 gr.,28000,EL PATRON,fiambreria,chorizos,https://static.app.biggie.com.py/images/products/7842790000012-32611116.jpg,2026-08-22T21:20:04.000000Z
7840699001963,Mortadela Guarani Picante de 300 gr.,9750,Guaraní,fiambreria,fiambres,https://static.app.biggie.com.py/images/products/7840699001963.jpg,2026-08-22T21:20:04.000000Z
7893000709980,Mortadela Sadia Sadilar de 1 kilo,25650,Sadia,fiambreria,chorizos,https://static.app.biggie.com.py/images/products/7893000709980.jpg,2026-08-22T21:20:04.000000Z
7842790000487,Combo La Porkcina Parrillero x Uni.,35750,La Porkcina,fiambreria,chorizos,https://static.app.biggie.com.py/images/products/7842790000487.jpg,2026-08-22T21:20:04.000000Z
7842790000043,Chorizo Criollo El Patron.,22950,EL PATRON,fiambreria,chorizos,https://static.app.biggie.com.py/images/products/7842790000043-31278843.jpg,2026-08-22T21:20:04.000000Z
7842790000302,Pancho La Porkcina Envasado al Vacio x 12 Uni.,19850,La Porkcina,fiambreria,panchos,https://static.app.biggie.com.py/images/products/7842790000302.jpg,2026-08-22T21:20:04.000000Z
16350,ChoriQueso Ochsi Picante x kg.,47950,Ochsi,fiambreria,embutido-envasado-biggie,https://static.app.biggie.com.py/images/products/16350.jpg,2026-08-22T21:20:04.000000Z
7840699002335,Chorizo Guarani Toscano x Uni.,19200,Guaraní,fiambreria,chorizos,https://static.app.biggie.com.py/images/products/7840699002335.jpg,2026-08-22T21:20:04.000000Z
7842790000111,Chorizo Criollo El Patron Picante.,23750,EL PATRON,fiambreria,chorizos,https://static.app.biggie.com.py/images/products/7842790000111-31278938.jpg,2026-08-22T21:20:04.000000Z
7842790000272,Mortadela La Porkcina Chica x Uni.,12950,La Porkcina,fiambreria,fiambres,https://static.app.biggie.com.py/images/products/7842790000272.jpg,2026-08-22T21:20:04.000000Z
17009,Jamon Crudo Ochsi al vacio x kg.,99900,Ochsi,fiambreria,embutido-envasado-biggie,https://static.app.biggie.com.py/images/products/17009.jpg,2026-08-22T21:20:04.000000Z
7841554000152,Morcilla Vasca Franz al Vacío x un.,15500,Franz,fiambreria,morcillas,https://static.app.biggie.com.py/images/products/7841554000152.jpg,2026-08-22T21:20:04.000000Z
7842790000296,Pancho La Porkcina Envasado al Vacio x 6 Uni.,10150,La Porkcina,fiambreria,panchos,https://static.app.biggie.com.py/images/products/7842790000296.jpg,2026-08-22T21:20:04.000000Z
7842790000234,Jamon La Porkcina Cocido Envasado al Vacio de 200 gr.,10650,La Porkcina,fiambreria,jamones,https://static.app.biggie.com.py/images/products/7842790000234.jpg,2026-08-22T21:20:04.000000Z
7842790000418,Chorizo La Porkcina Toscano Envasado al Vacio x 4 Uni.,18650,La Porkcina,fiambreria,chorizos,https://static.app.biggie.com.py/images/products/7842790000418.jpg,2026-08-22T21:20:04.000000Z
7842790000333,Pate de Higado La Porkcina de 250 gr.,7150,La Porkcina,fiambreria,pates,https://static.app.biggie.com.py/images/products/7842790000333.jpg,2026-08-22T21:20:04.000000Z
17032,Pepperoni Ochsi x kilo.,96550,Ochsi,fiambreria,embutido-envasado-biggie,,2026-08-22T21:20:04.000000Z
7840699001765,Morcilla Guarani Envasado al Vacio x 4 Uni.,8400,Guaraní,fiambreria,morcillas,https://static.app.biggie.com.py/images/products/7840699001765.jpg,2026-08-22T21:20:04.000000Z
20433,Mixto Studenko de Jamon y Queso x kg.,65500,STUDENKO,fiambreria,jamones,,2026-08-22T21:20:04.000000Z
80044,Jamonada y Queso Mix Upisa al Vacio x Kg.,73450,Upisa,fiambreria,jamones,,2026-08-22T21:20:04.000000Z
7842790000432,Chorizo La Porkcina Parrillero con Queso Envasado al Vacio x 4 Uni.,17550,La Porkcina,fiambreria,chorizos,https://static.app.biggie.com.py/images/products/7842790000432.jpg,2026-08-22T21:20:04.000000Z
7842790000357,Chorizo La Porkcina de Viena con Queso Envasado al Vacio x 4 Uni.,16250,La Porkcina,fiambreria,chorizos,https://static.app.biggie.com.py/images/products/7842790000357.jpg,2026-08-22T21:20:04.000000Z
7842790000265,Jamonada La Porkcina Envasado al Vacio de 200 gr.,6900,La Porkcina,fiambreria,jamones,https://static.app.biggie.com.py/images/products/7842790000265.jpg,2026-08-22T21:20:04.000000Z
7842790000531,Chorizo La Porkcina Parrillero Envasado al Vacio x 4 Uni.,16250,La Porkcina,fiambreria,chorizos,https://static.app.biggie.com.py/images/products/7842790000531.jpg,2026-08-22T21:20:04.000000Z
7842790000517,Chorizo La Porkcina de Viena Envasado al Vacio x 4 Uni.,13650,La Porkcina,fiambreria,chorizos,https://static.app.biggie.com.py/images/products/7842790000517.jpg,2026-08-22T21:20:04.000000Z
7840699001710,Chorizo Guarani Parrillero s/picante envasado al vacio x 4 Uni.,10400,Guaraní,fiambreria,chorizos,https://static.app.biggie.com.py/images/products/7840699001710.jpg,2026-08-22T21:20:04.000000Z
7842790000326,Pate de Higado La Porkcina de 125 gr.,3600,La Porkcina,fiambreria,pates,https://static.app.biggie.com.py/images/products/7842790000326.jpg,2026-08-22T21:20:04.000000Z
7840699001734,Chorizo Guarani de viena envasado al vacio x 4 uni.,8400,Guaraní,fiambreria,chorizos,https://static.app.biggie.com.py/images/products/7840699001734.jpg,2026-08-22T21:20:04.000000Z
7842790000548,Chorizo La Porkcina Parrillero con Picante Envasado al Vacio x 4 Uni.,16250,La Porkcina,fiambreria,chorizos,https://static.app.biggie.com.py/images/products/7842790000548.jpg,2026-08-22T21:20:04.000000Z
7842790000210,Fiambre Primavera La Porkcina Envasado al Vacio de 200 gr.,6900,La Porkcina,fiambreria,fiambres,https://static.app.biggie.com.py/images/products/7842790000210.jpg,2026-08-22T21:20:04.000000Z
7842790000524,Chorizo La Porkcina de Viena con Picante Envasado al Vacio x 4 Uni.,13650,La Porkcina,fiambreria,chorizos,https://static.app.biggie.com.py/images/products/7842790000524.jpg,2026-08-22T21:20:04.000000Z
7842790000289,Fiambre Mortadela La Porkcina Envasado al Vacio de 200 gr.,6900,La Porkcina,fiambreria,fiambres,https://static.app.biggie.com.py/images/products/7842790000289.jpg,2026-08-22T21:20:04.000000Z
80039,Combo Parrillero Upisa x kg.,40900,Upisa,fiambreria,chorizos,https://static.app.biggie.com.py/images/products/80039.jpg,2026-08-22T21:20:04.000000Z
18995,Jamon Cocido san blas Ochsi al vacio x kg.,115450,Ochsi,fiambreria,embutido-envasado-biggie,https://static.app.biggie.com.py/images/products/18995.jpg,2026-08-22T21:20:04.000000Z
7842790000371,Salchicha La Porkcina Envasado al Vacio x 12 Uni.,14150,La Porkcina,fiambreria,chorizos,https://static.app.biggie.com.py/images/products/7842790000371.jpg,2026-08-22T21:20:04.000000Z
27013,Jamon Cocido ahumado Ochsi de 225 gr.,99500,Ochsi,fiambreria,embutido-envasado-biggie,https://static.app.biggie.com.py/images/products/27013.jpg,2026-08-22T21:20:04.000000Z
80042,Fiambre Primavera Upisa Feteado al Vacio x Kg.,40900,Upisa,fiambreria,fiambres,,2026-08-22T21:20:04.000000Z
52023,Chorizo Sanjuanino Procarnes Misiones Tradicional x Kg.,50900,Procarnes Misiones,fiambreria,chorizos,,2026-08-22T21:20:04.000000Z
7841231000451,Jamon Crudo La Residencia Feteado de 100 gr.,28600,La Residentcia,fiambreria,jamones,https://static.app.biggie.com.py/images/products/7841231000451.jpg,2026-08-22T21:20:04.000000Z
7842790000456,Salchicha La Porkcina Envasado al Vacio x 6 Uni.,8300,La Porkcina,fiambreria,chorizos,https://static.app.biggie.com.py/images/products/7842790000456.jpg,2026-08-22T21:20:04.000000Z
7842790001972,Fiambre Paris La Porkcina Envasado al Vacio de 200 gr.,6900,La Porkcina,fiambreria,fiambres,https://static.app.biggie.com.py/images/products/7842790001972.jpg,2026-08-22T21:20:04.000000Z
7794110766040,Salchicha La Casona de 190 gr.,6600,LA CASONA,fiambreria,panchos,https://static.app.biggie.com.py/images/products/7794110766040.jpg,2026-08-22T21:20:04.000000Z
7840699001796,Chorizo Besito C/P Guarani Envasado al Vacio x 12 Uni.,11800,Guaraní,fiambreria,chorizos,https://static.app.biggie.com.py/images/products/7840699001796.jpg,2026-08-22T21:20:04.000000Z
7842790000395,Morcilla La Porkcina Envasado al Vacio x 6 Uni.,12200,La Porkcina,fiambreria,chorizos,https://static.app.biggie.com.py/images/products/7842790000395.jpg,2026-08-22T21:20:04.000000Z
7841231000406,Jamonada La Casona Cocido de 200 gr.,18600,LA CASONA,fiambreria,jamones,https://static.app.biggie.com.py/images/products/7841231000406.jpg,2026-08-22T21:20:04.000000Z
7841231000178,Jamon Crudo La Casona de 100 gr.,54900,LA CASONA,fiambreria,jamones,https://static.app.biggie.com.py/images/products/7841231000178.jpg,2026-08-22T21:20:04.000000Z
80043,Jamon Cocido Upisa Feteado al Vacio x Kg.,69900,Upisa,fiambreria,jamones,https://static.app.biggie.com.py/images/products/80043.jpg,2026-08-22T21:20:04.000000Z
721688967194,Chorizo Misionero Don Alan Artesanal Congelado x Uni.,36000,Don Alan,fiambreria,chorizos,,2026-08-22T21:20:04.000000Z
86530,Salame El Chaqueño Artesanal Picado Grueso x Kg.,159750,El Chaqueño,fiambreria,salames,,2026-08-22T21:20:04.000000Z
27025,Grasa de Cerdo Ochsi en Tira x kg.,39500,Ochsi,fiambreria,embutido-envasado-biggie,,2026-08-22T21:20:04.000000Z
27014,Lomo Ahumado Ochsi paquete de 225 gr.,115500,Ochsi,fiambreria,embutido-envasado-biggie,https://static.app.biggie.com.py/images/products/27014.jpg,2026-08-22T21:20:04.000000Z
27001,Coctail Besito con picante Ochsi x kg.,41900,Ochsi,fiambreria,embutido-envasado-biggie,https://static.app.biggie.com.py/images/products/27001.jpg,2026-08-22T21:20:04.000000Z
27027,Chorizo debrecziner Ochsi x kg.,41500,Ochsi,fiambreria,embutido-envasado-biggie,https://static.app.biggie.com.py/images/products/27027.jpg,2026-08-22T21:20:04.000000Z
56223,Butifarra Chorti x Kg.,60650,Chorti,fiambreria,embutido-envasado-biggie,,2026-08-22T21:20:04.000000Z
7848990014804,Chorizo Misionero Señor Misionero Tradicional de 1.000 gr.,45500,Señor Misionero,fiambreria,chorizos,,2026-08-22T21:20:04.000000Z
7840005013543,Morcilla Chorti x Uni.,17700,Chorti,fiambreria,embutido-envasado-biggie,,2026-08-22T21:20:04.000000Z
7848990014811,Chorizo Misionero Señor Misionero Picante de 1.000 gr.,45500,Señor Misionero,fiambreria,chorizos,,2026-08-22T21:20:04.000000Z
7804659652015,Chori NotCo NotChori de 240 gr.,50400,NotCo,fiambreria,chorizos,https://static.app.biggie.com.py/images/products/7804659652015.jpg,2026-08-22T21:20:04.000000Z
0614143290206,Chorizo Althaus toscano de 500 gr.,20000,Althaus,fiambreria,chorizos,https://static.app.biggie.com.py/images/products/0614143290206.jpg,2026-08-22T21:20:04.000000Z
4842452684423,Salchicha Parrillera El Patron de 350 gr.,25500,EL PATRON,fiambreria,chorizos,,2026-08-22T21:20:04.000000Z
15049,Tomate perita-santacruz x kg.,10950,Finca,fruteria-y-verduleria,verduras,https://static.app.biggie.com.py/images/products/15049.jpg,2026-08-22T21:20:04.000000Z
15037,Banana x kg.,6950,Finca,fruteria-y-verduleria,frutas,https://static.app.biggie.com.py/images/products/15037.jpg,2026-08-22T21:20:04.000000Z
15120,Lechuga Hidroponica Biggie x Mazo.,4150,Biggie,fruteria-y-verduleria,verdeos,https://static.app.biggie.com.py/images/products/15120.jpg,2026-08-22T21:20:04.000000Z
15041,Manzana roja x kg.,21550,Finca,fruteria-y-verduleria,frutas,https://static.app.biggie.com.py/images/products/15041.jpg,2026-08-22T21:20:04.000000Z
15078,Naranja x kg.,5950,Finca,fruteria-y-verduleria,frutas,https://static.app.biggie.com.py/images/products/15078.jpg,2026-08-22T21:20:04.000000Z
15010,Cebolla Blanca x kg.,10950,Finca,fruteria-y-verduleria,verduras,https://static.app.biggie.com.py/images/products/15010.jpg,2026-08-22T21:20:04.000000Z
15027,Papa negra x kg.,7150,Finca,fruteria-y-verduleria,verduras,https://static.app.biggie.com.py/images/products/15027.jpg,2026-08-22T21:20:04.000000Z
15039,Limon tahiti x kg.,12950,Finca,fruteria-y-verduleria,frutas,https://static.app.biggie.com.py/images/products/15039.jpg,2026-08-22T21:20:04.000000Z
15024,Locote verde x kg.,19950,Finca,fruteria-y-verduleria,verduras,https://static.app.biggie.com.py/images/products/15024.jpg,2026-08-22T21:20:04.000000Z
15800,Manzana Colegiala x Kg.,18950,Biggie,fruteria-y-verduleria,frutas,https://static.app.biggie.com.py/images/products/15800.jpg,2026-08-22T21:20:04.000000Z
15038,Kiwi x kg,41950,Finca,fruteria-y-verduleria,frutas,https://static.app.biggie.com.py/images/products/15038.jpg,2026-08-22T21:20:04.000000Z
15042,Manzana verde x kg.,21950,Finca,fruteria-y-verduleria,frutas,https://static.app.biggie.com.py/images/products/15042.jpg,2026-08-22T21:20:04.000000Z
15023,Locote Rojo x kg.,29950,Finca,fruteria-y-verduleria,verduras,https://static.app.biggie.com.py/images/products/15023.jpg,2026-08-22T21:20:04.000000Z
15063,Ciruela x kg.,46950,Finca,fruteria-y-verduleria,frutas,https://static.app.biggie.com.py/images/products/15063.jpg,2026-08-22T21:20:04.000000Z
15045,Pera x kg.,12350,Finca,fruteria-y-verduleria,frutas,https://static.app.biggie.com.py/images/products/15045.jpg,2026-08-22T21:20:04.000000Z
18181,Mamon Formosa x kg.,21950,NAGAOKA,fruteria-y-verduleria,frutas,https://static.app.biggie.com.py/images/products/18181.jpg,2026-08-22T21:20:04.000000Z
15096,Aguacate x kg.,12500,Finca,fruteria-y-verduleria,frutas,https://static.app.biggie.com.py/images/products/15096.jpg,2026-08-22T21:20:04.000000Z
15051,Zanahoria x kg.,6950,Finca,fruteria-y-verduleria,verduras,https://static.app.biggie.com.py/images/products/15051.jpg,2026-08-22T21:20:04.000000Z
15006,Batata colorada x kg.,7550,Finca,fruteria-y-verduleria,verduras,https://static.app.biggie.com.py/images/products/15006.jpg,2026-08-22T21:20:04.000000Z
20004,Papa Blanca x kg.,9950,Finca,fruteria-y-verduleria,verduras,https://static.app.biggie.com.py/images/products/20004.jpg,2026-08-22T21:20:04.000000Z
15055,Zapallo Brasilero x kg.,4150,Finca,fruteria-y-verduleria,verduras,https://static.app.biggie.com.py/images/products/15055.jpg,2026-08-22T21:20:04.000000Z
780201,Ajo en Malla por 3 Uni.,6900,J.C.V & Hijos S.A.,fruteria-y-verduleria,verduras,https://static.app.biggie.com.py/images/products/780201.jpg,2026-08-22T21:20:04.000000Z
15029,Pepino x kg.,11150,Finca,fruteria-y-verduleria,verduras,https://static.app.biggie.com.py/images/products/15029.jpg,2026-08-22T21:20:04.000000Z
15021,Lechuga Repollada x kg.,19950,Finca,fruteria-y-verduleria,verdeos,https://static.app.biggie.com.py/images/products/15021.jpg,2026-08-22T21:20:04.000000Z
780200,Ajo en Malla por 2 Uni.,4900,J.C.V & Hijos S.A.,fruteria-y-verduleria,verduras,https://static.app.biggie.com.py/images/products/780200.jpg,2026-08-22T21:20:04.000000Z
15750,Tomate lisa x kg.,18750,Finca,fruteria-y-verduleria,verduras,https://static.app.biggie.com.py/images/products/15750.jpg,2026-08-22T21:20:04.000000Z
15061,Uva negra x kg.,34950,Finca,fruteria-y-verduleria,frutas,https://static.app.biggie.com.py/images/products/15061.jpg,2026-08-22T21:20:04.000000Z
15022,Locote amarillo x kg.,31950,Finca,fruteria-y-verduleria,verduras,https://static.app.biggie.com.py/images/products/15022.jpg,2026-08-22T21:20:04.000000Z
15011,Cebolla Morada x kg.,14150,Finca,fruteria-y-verduleria,verduras,https://static.app.biggie.com.py/images/products/15011.jpg,2026-08-22T21:20:04.000000Z
15062,Uva rosada x kg.,32950,Finca,fruteria-y-verduleria,frutas,https://static.app.biggie.com.py/images/products/15062.jpg,2026-08-22T21:20:04.000000Z
7842074000011,Tomates Cherry Don Bernardino de 300 gr.,25850,Don Bernardino,fruteria-y-verduleria,verduras,https://static.app.biggie.com.py/images/products/7842074000011.jpg,2026-08-22T21:20:04.000000Z
10777,Durazno Importado x kg.,30900,Finca,fruteria-y-verduleria,frutas,https://static.app.biggie.com.py/images/products/10777.jpg,2026-08-22T21:20:04.000000Z
15001,Pelon x Kg.,45250,Finca,fruteria-y-verduleria,frutas,https://static.app.biggie.com.py/images/products/15001.jpg,2026-08-22T21:20:04.000000Z
15033,Repollo blanco x kg.,4950,Finca,fruteria-y-verduleria,verduras,https://static.app.biggie.com.py/images/products/15033.jpg,2026-08-22T21:20:04.000000Z
10503,Choclo en Granos de 1.000 gr.,14900,Biggie,fruteria-y-verduleria,verduras,https://static.app.biggie.com.py/images/products/10503.jpg,2026-08-22T21:20:04.000000Z
13000,Melon brasilero x kg.,16950,Finca,fruteria-y-verduleria,frutas,https://static.app.biggie.com.py/images/products/13000.jpg,2026-08-22T21:20:04.000000Z
20170,Arandanos x Caja.,22900,Biggie,fruteria-y-verduleria,frutas,https://static.app.biggie.com.py/images/products/20170.jpg,2026-08-22T21:20:04.000000Z
15025,Mandioca x kg.,2700,Finca,fruteria-y-verduleria,verduras,https://static.app.biggie.com.py/images/products/15025.jpg,2026-08-22T21:20:04.000000Z
16080,Piña Nacional x kg.,9950,Herrera,fruteria-y-verduleria,frutas,https://static.app.biggie.com.py/images/products/16080.jpg,2026-08-22T21:20:04.000000Z
15080,Melon Japones x kg.,18900,Finca,fruteria-y-verduleria,frutas,https://static.app.biggie.com.py/images/products/15080.jpg,2026-08-22T21:20:04.000000Z
13999,Mango brasilero x kg.,21950,Herrera,fruteria-y-verduleria,frutas,https://static.app.biggie.com.py/images/products/13999.jpg,2026-08-22T21:20:04.000000Z
15075,Mburucuya x kg.,23950,Finca,fruteria-y-verduleria,frutas,https://static.app.biggie.com.py/images/products/15075.jpg,2026-08-22T21:20:04.000000Z
15048,Tomate Cherry x Kg.,29900,Finca,fruteria-y-verduleria,verduras,https://static.app.biggie.com.py/images/products/15048.jpg,2026-08-22T21:20:04.000000Z
13002,Jengibre x kg.,14950,Finca,fruteria-y-verduleria,verduras,https://static.app.biggie.com.py/images/products/13002.jpg,2026-08-22T21:20:04.000000Z
15034,Repollo morado x kg.,9950,Finca,fruteria-y-verduleria,verduras,https://static.app.biggie.com.py/images/products/15034.jpg,2026-08-22T21:20:04.000000Z
15052,Zapallito Italiano x kg.,5250,HORTI,fruteria-y-verduleria,verduras,https://static.app.biggie.com.py/images/products/15052.jpg,2026-08-22T21:20:04.000000Z
7842074000134,Rucula Hidroponica Don Bernardino de 100 gr.,24700,Don Bernardino,fruteria-y-verduleria,verdeos,https://static.app.biggie.com.py/images/products/7842074000134.jpg,2026-08-22T21:20:04.000000Z
15077,Brocoli x mazo.,18900,Herrera,fruteria-y-verduleria,verduras,https://static.app.biggie.com.py/images/products/15077.jpg,2026-08-22T21:20:04.000000Z
15073,Remolacha x kg.,7150,Finca,fruteria-y-verduleria,verduras,https://static.app.biggie.com.py/images/products/15073.jpg,2026-08-22T21:20:04.000000Z
15057,Zapallito de Tronco x kg.,7950,Finca,fruteria-y-verduleria,verduras,https://static.app.biggie.com.py/images/products/15057.jpg,2026-08-22T21:20:04.000000Z
15040,Mamon nacional x kg.,15900,Finca,fruteria-y-verduleria,frutas,https://static.app.biggie.com.py/images/products/15040.jpg,2026-08-22T21:20:04.000000Z
15060,Uva blanca x kg.,35950,Finca,fruteria-y-verduleria,frutas,https://static.app.biggie.com.py/images/products/15060.jpg,2026-08-22T21:20:04.000000Z
15012,Cebollita de Verdeo x 2 uni.,3500,Finca,fruteria-y-verduleria,verdeos,https://static.app.biggie.com.py/images/products/15012.jpg,2026-08-22T21:20:04.000000Z
7848990015306,Tomate Cocktail Holandes de 700 gr.,16900,Cocktail Holandes,fruteria-y-verduleria,verduras,https://static.app.biggie.com.py/images/products/7848990015306 .jpg,2026-08-22T21:20:04.000000Z
15007,Berenjena x kg.,15950,Finca,fruteria-y-verduleria,verduras,https://static.app.biggie.com.py/images/products/15007.jpg,2026-08-22T21:20:04.000000Z
15030,Perejil Mazo x2 Unid,2600,Finca,fruteria-y-verduleria,verdeos,https://static.app.biggie.com.py/images/products/15030.jpg,2026-08-22T21:20:04.000000Z
10505,Choclo Dulce en Bandeja.,19500,Herrera,fruteria-y-verduleria,verduras,https://static.app.biggie.com.py/images/products/10505.jpg,2026-08-22T21:20:04.000000Z
7842074000141,Albahaca hidroponica Don Bernardino de 30 gr.,15650,Don Bernardino,fruteria-y-verduleria,verdeos,https://static.app.biggie.com.py/images/products/7842074000141.jpg,2026-08-22T21:20:04.000000Z
15071,Pomelo x kg.,5550,Finca,fruteria-y-verduleria,frutas,https://static.app.biggie.com.py/images/products/15071.jpg,2026-08-22T21:20:04.000000Z
15043,Melon Nacional x kg.,8500,HORTI,fruteria-y-verduleria,frutas,https://static.app.biggie.com.py/images/products/15043.jpg,2026-08-22T21:20:04.000000Z
7848990000548,Tomate Cherry Angel Sweet de 300 gr.,22900,Angel Sweet,fruteria-y-verduleria,verduras,https://static.app.biggie.com.py/images/products/7848990000548 .jpg,2026-08-22T21:20:04.000000Z
15056,Calabaza x kg.,3950,Finca,fruteria-y-verduleria,verduras,https://static.app.biggie.com.py/images/products/15056.jpg,2026-08-22T21:20:04.000000Z
15003,Albahaca Mazo x 2 uni.,6000,Finca,fruteria-y-verduleria,verdeos,https://static.app.biggie.com.py/images/products/15003.jpg,2026-08-22T21:20:04.000000Z
13001,Apio Mazo x2 Unid,5500,Finca,fruteria-y-verduleria,verdeos,https://static.app.biggie.com.py/images/products/13001.jpg,2026-08-22T21:20:04.000000Z
7898929140012,Choclo Dulce en Bandeja.,17900,Biggie,fruteria-y-verduleria,verduras,,2026-08-22T21:20:04.000000Z
15016,Kuratu Mazo x 2 uni.,6750,Finca,fruteria-y-verduleria,verdeos,https://static.app.biggie.com.py/images/products/15016.jpg,2026-08-22T21:20:04.000000Z
20151,Acelga Blanca Mazo x2 Unid,8300,Biggie,fruteria-y-verduleria,verdeos,https://static.app.biggie.com.py/images/products/20151.jpg,2026-08-22T21:20:04.000000Z
15072,Coliflor x Unidad.,24900,Biggie,fruteria-y-verduleria,verduras,https://static.app.biggie.com.py/images/products/15072.jpg,2026-08-22T21:20:04.000000Z
788115375564,Rucula Hidroponica Greenteligente x Caja Grande.,24900,Greenteligente,fruteria-y-verduleria,verdeos,https://static.app.biggie.com.py/images/products/788115375564.jpg,2026-08-22T21:20:04.000000Z
16521,Albahaca Hidroponica Biggie x Uni.,3250,Biggie,fruteria-y-verduleria,verdeos,https://static.app.biggie.com.py/images/products/16521.jpg,2026-08-22T21:20:04.000000Z
15000,Espinaca blanca x mazo.,3550,Finca,fruteria-y-verduleria,verdeos,https://static.app.biggie.com.py/images/products/15000.jpg,2026-08-22T21:20:04.000000Z
15019,Lechuga Morada Hidroponica x mazo.,4150,Finca,fruteria-y-verduleria,verdeos,https://static.app.biggie.com.py/images/products/15019.jpg,2026-08-22T21:20:04.000000Z
15008,Berro Mazo x2 Unid,6000,Finca,fruteria-y-verduleria,verdeos,https://static.app.biggie.com.py/images/products/15008.jpg,2026-08-22T21:20:04.000000Z
15085,Lechuga Mantecosa Hidroponica x mazo.,4150,Finca,fruteria-y-verduleria,verdeos,https://static.app.biggie.com.py/images/products/15085.jpg,2026-08-22T21:20:04.000000Z
18194,Lechuga Biggie Lavada,4150,Biggie,fruteria-y-verduleria,verdeos,,2026-08-22T21:20:04.000000Z
16520,Rucula Hidroponica Biggie x Uni.,3250,Biggie,fruteria-y-verduleria,verdeos,https://static.app.biggie.com.py/images/products/16520.jpg,2026-08-22T21:20:04.000000Z
7848990017003,Lechuga Artisan Hidroponica Lavada de 150 gr.,14950,ARTISAN,fruteria-y-verduleria,verduras,,2026-08-22T21:20:04.000000Z
15036,Rucula Mazo x 2 uni.,5850,Finca,fruteria-y-verduleria,verdeos,https://static.app.biggie.com.py/images/products/15036.jpg,2026-08-22T21:20:04.000000Z
15054,Menta Mazo x2 Unid,2700,Finca,fruteria-y-verduleria,verdeos,https://static.app.biggie.com.py/images/products/15054.jpg,2026-08-22T21:20:04.000000Z
15026,Oregano x mazo,1600,Finca,fruteria-y-verduleria,verdeos,https://static.app.biggie.com.py/images/products/15026.jpg,2026-08-22T21:20:04.000000Z
963503,Cebollita Hidroponica x Uni.,4500,Biggie,fruteria-y-verduleria,verdeos,,2026-08-22T21:20:04.000000Z
7848990017034,Rucula Artisan Hidroponica Lavada de 100 gr.,25350,ARTISAN,fruteria-y-verduleria,verdeos,,2026-08-22T21:20:04.000000Z
7842074000073,Choclo Dulce Don Bernardino en Bandeja x 4 Uni.,31200,Don Bernardino,fruteria-y-verduleria,verduras,,2026-08-22T21:20:04.000000Z
15032,Puerro Mazo x2 Unid,7150,Herrera,fruteria-y-verduleria,verdeos,https://static.app.biggie.com.py/images/products/15032.jpg,2026-08-22T21:20:04.000000Z
15014,Espinaca Negra Mazo x 2 uni.,4600,Finca,fruteria-y-verduleria,verdeos,https://static.app.biggie.com.py/images/products/15014.jpg,2026-08-22T21:20:04.000000Z
15018,Limon Japones x kg.,4900,Biggie,fruteria-y-verduleria,frutas,https://static.app.biggie.com.py/images/products/15018.jpg,2026-08-22T21:20:04.000000Z
15017,Laurel Mazo x 2 uni.,2450,Finca,fruteria-y-verduleria,verdeos,https://static.app.biggie.com.py/images/products/15017.jpg,2026-08-22T21:20:04.000000Z
15087,Rabanito x mazo.,3500,Finca,fruteria-y-verduleria,verdeos,https://static.app.biggie.com.py/images/products/15087.jpg,2026-08-22T21:20:04.000000Z
15088,Limon Real x kg.,7900,Biggie,fruteria-y-verduleria,frutas,https://static.app.biggie.com.py/images/products/15088.jpg,2026-08-22T21:20:04.000000Z
7848990017041,Mix de Lechugas Artisan Hidroponicas Lavadas de 150 gr.,17500,ARTISAN,fruteria-y-verduleria,verduras,,2026-08-22T21:20:04.000000Z
0788115375571,Rucula Hidroponica Greenteligente x Caja Chica.,12000,Greenteligente,fruteria-y-verduleria,verdeos,,2026-08-22T21:20:04.000000Z
0735850167176,Lechuga Artisan en Caja de 120 gr.,11700,ARTISAN,fruteria-y-verduleria,verdeos,,2026-08-22T21:20:04.000000Z
7840356002289,Helado Amandau Clasico Napolitano de 2.000 ml.,65000,Amandau,heladeria-y-confiteria,helados,https://static.app.biggie.com.py/images/products/7840356002289.jpg,2026-08-22T21:20:04.000000Z
7840356003231,Helado Amandau Palito Crock Pistacho de 70 gr.,19000,Amandau,heladeria-y-confiteria,helados,https://static.app.biggie.com.py/images/products/7840356003231.jpg,2026-08-22T21:20:04.000000Z
7840356002630,Helado Amandau Palito Bombon Diet Americana de 70 gr.,14500,Amandau,heladeria-y-confiteria,helados,https://static.app.biggie.com.py/images/products/7840356002630.jpg,2026-08-22T21:20:04.000000Z
7840356001367,Torta Helada Amandau Selva Negra 8 Porciones de 900 gr.,78000,Amandau,heladeria-y-confiteria,helados,https://static.app.biggie.com.py/images/products/7840356001367.jpg,2026-08-22T21:20:04.000000Z
7840356002418,Torta Helada Amandau Gourmet Dulce Explosion de 800 gr.,88000,Amandau,heladeria-y-confiteria,helados,https://static.app.biggie.com.py/images/products/7840356002418.jpg,2026-08-22T21:20:04.000000Z
7840356000704,Helado Amandau Palito Bombon x Uni.,10000,Amandau,heladeria-y-confiteria,helados,https://static.app.biggie.com.py/images/products/7840356000704.jpg,2026-08-22T21:20:04.000000Z
7798147783223,Helado Franui Frambuesa Bañadas en Chocolate Blanco y Leche de 150 gr.,39000,Franui,heladeria-y-confiteria,helados,https://static.app.biggie.com.py/images/products/7798147783223.jpg,2026-08-22T21:20:04.000000Z
7840356002456,Torta Helada Amandau Gourmet Frutilla Explosion de 800 gr.,88000,Amandau,heladeria-y-confiteria,helados,https://static.app.biggie.com.py/images/products/7840356002456.jpg,2026-08-22T21:20:04.000000Z
7840356002760,Helado Amandau Copa Brownie de 205 gr.,24000,Amandau,heladeria-y-confiteria,helados,https://static.app.biggie.com.py/images/products/7840356002760.jpg,2026-08-22T21:20:04.000000Z
7798147780062,Helado Franui Frambuesa Bañadas en Chocolate Blanco y Amargo de 150 gr.,39000,Franui,heladeria-y-confiteria,helados,https://static.app.biggie.com.py/images/products/7798147780062.jpg,2026-08-22T21:20:04.000000Z
7840356001350,Torta Helada Amandau Merengue 8 Porciones de 900 gr.,78000,Amandau,heladeria-y-confiteria,helados,https://static.app.biggie.com.py/images/products/7840356001350.jpg,2026-08-22T21:20:04.000000Z
7840356002319,Helado Postre Nuevo Almendrado de 500 gr.,50000,Amandau,heladeria-y-confiteria,helados,https://static.app.biggie.com.py/images/products/7840356002319.jpg,2026-08-22T21:20:04.000000Z
7841699000031,Helado Paletto Frutilla Rellena de Leche Condensada x Uni.,16000,paletto,heladeria-y-confiteria,helados,https://static.app.biggie.com.py/images/products/7841699000031.jpg,2026-08-22T21:20:04.000000Z
7840356003149,Helado Amandau Copa Gourmet Pistacho de 200 gr.,26000,Amandau,heladeria-y-confiteria,helados,https://static.app.biggie.com.py/images/products/7840356003149.jpg,2026-08-22T21:20:04.000000Z
7840356002920,Helado Amandau Diet Napolitano de 1.000 gr.,65000,Amandau,heladeria-y-confiteria,helados,https://static.app.biggie.com.py/images/products/7840356002920.jpg,2026-08-22T21:20:04.000000Z
7790580140816,Helado Bon o Bon Corazon de 51 gr.,10000,Arcor,heladeria-y-confiteria,helados,https://static.app.biggie.com.py/images/products/7790580140816.jpg,2026-08-22T21:20:04.000000Z
7798147784008,Helado Franui Frambuesa Pink Bañadas en Chocolate Blanco de 150 gr.,39000,Franui,heladeria-y-confiteria,helados,https://static.app.biggie.com.py/images/products/7798147784008.jpg,2026-08-22T21:20:04.000000Z
7840356002777,Helado Amandau Copa Tres Leches de 200 gr.,24000,Amandau,heladeria-y-confiteria,helados,https://static.app.biggie.com.py/images/products/7840356002777.jpg,2026-08-22T21:20:04.000000Z
7840356002531,Helado Amandau Chocolate y Dulce de Leche de 1.000 gr.,65000,Amandau,heladeria-y-confiteria,helados,https://static.app.biggie.com.py/images/products/7840356002531.jpg,2026-08-22T21:20:04.000000Z
7840356001688,Palito Bombon Dulce de Leche Amandau x Unidad.,10000,Amandau,heladeria-y-confiteria,helados,https://static.app.biggie.com.py/images/products/7840356001688.jpg,2026-08-22T21:20:04.000000Z
7841699000079,Helado Paletto Choco Bomba x Uni.,16000,paletto,heladeria-y-confiteria,helados,https://static.app.biggie.com.py/images/products/7841699000079.jpg,2026-08-22T21:20:04.000000Z
7841699001120,Helado Quattro D Pistacchio de 500 ml.,63000,Quattro D,heladeria-y-confiteria,helados,https://static.app.biggie.com.py/images/products/7841699001120.jpg,2026-08-22T21:20:04.000000Z
7840356003101,Helado Amandau Sandwich de 55 gr.,9000,Amandau,heladeria-y-confiteria,helados,https://static.app.biggie.com.py/images/products/7840356003101.jpg,2026-08-22T21:20:04.000000Z
7841699001595,Helado Paleta Quattro D Bombon Pistacchio de 65 gr.,23000,Quattro D,heladeria-y-confiteria,helados,https://static.app.biggie.com.py/images/products/7841699001595.jpg,2026-08-22T21:20:04.000000Z
7848990015528,Alfajorcitos Hey Life Dulce de Leche de 150 gr.,30500,Hey Life,heladeria-y-confiteria,pastafrolas,https://static.app.biggie.com.py/images/products/7848990015528.jpg,2026-08-22T21:20:04.000000Z
7840356001718,Helado Amandau Palito crock americana x Uni.,17000,Amandau,heladeria-y-confiteria,helados,https://static.app.biggie.com.py/images/products/7840356001718.jpg,2026-08-22T21:20:04.000000Z
7840356001701,Helado Palito Osito Amandau x Uni.,7000,Amandau,heladeria-y-confiteria,helados,https://static.app.biggie.com.py/images/products/7840356001701.jpg,2026-08-22T21:20:04.000000Z
7848990015559,Brookie Hey Life de 80 gr.,23650,Hey Life,heladeria-y-confiteria,pastafrolas,,2026-08-22T21:20:04.000000Z
7848990015535,Alfajor Hey Life Baño Chocolate de 120 gr.,29400,Hey Life,heladeria-y-confiteria,pastafrolas,https://static.app.biggie.com.py/images/products/7848990015535.jpg,2026-08-22T21:20:04.000000Z
725765006851,Helado Tia Laura Delicias Dulce de Leche c/ Brownie de 480 gr.,55000,Tia Laura Delicias,heladeria-y-confiteria,helados,https://static.app.biggie.com.py/images/products/725765006851.jpg,2026-08-22T21:20:04.000000Z
7840356003040,Helado Amandau Gourmet Tres Leches de 860 gr.,68000,Amandau,heladeria-y-confiteria,helados,https://static.app.biggie.com.py/images/products/7840356003040.jpg,2026-08-22T21:20:04.000000Z
7841699000147,Helado Paletto Chantilly con Frutos del Bosque x Uni.,16000,paletto,heladeria-y-confiteria,helados,https://static.app.biggie.com.py/images/products/7841699000147.jpg,2026-08-22T21:20:04.000000Z
7848990015542,Brownie Hey Life de 80 gr.,23650,Hey Life,heladeria-y-confiteria,pastafrolas,https://static.app.biggie.com.py/images/products/7848990015542.jpg,2026-08-22T21:20:04.000000Z
7841699001717,Helado Quattro D Bombones Pistacchio de 190 gr.,48000,Quattro D,heladeria-y-confiteria,helados,https://static.app.biggie.com.py/images/products/7841699001717.jpg,2026-08-22T21:20:04.000000Z
7840356003057,Helado Amandau Palito Frutilla Relleno de 60 gr.,10000,Amandau,heladeria-y-confiteria,helados,https://static.app.biggie.com.py/images/products/7840356003057.jpg,2026-08-22T21:20:04.000000Z
0788364560582,Helado Tia Laura Delicias Copa Pistacho x Uni.,30000,Tia Laura Delicias,heladeria-y-confiteria,helados,https://static.app.biggie.com.py/images/products/0788364560582.jpg,2026-08-22T21:20:04.000000Z
7790580139667,Helado Arcor Bon o Bon Corazon Blanco de 51 gr.,10000,ARCOR,heladeria-y-confiteria,helados,https://static.app.biggie.com.py/images/products/7790580139667.jpg,2026-08-22T21:20:04.000000Z
725765006868,Helado Tia Laura Delicias 4 Chocolates de 480 gr.,55000,Tia Laura Delicias,heladeria-y-confiteria,helados,https://static.app.biggie.com.py/images/products/725765006868.jpg,2026-08-22T21:20:04.000000Z
7840356003255,Helado Amandau Classic Americana Dulce de Leche de 1.300 gr.,47000,Amandau,heladeria-y-confiteria,helados,https://static.app.biggie.com.py/images/products/7840356003255.jpg,2026-08-22T21:20:04.000000Z
7840356000728,Helado Palito Frutilla Amandau de 60 gr.,5000,Amandau,heladeria-y-confiteria,helados,https://static.app.biggie.com.py/images/products/7840356000728.jpg,2026-08-22T21:20:04.000000Z
7840356002937,Helado Amandau Diet Doble Dulce de Leche de 1.000 gr.,65000,Amandau,heladeria-y-confiteria,helados,https://static.app.biggie.com.py/images/products/7840356002937.jpg,2026-08-22T21:20:04.000000Z
7841699000819,Helado Quattro D Crema Americana Diet de 500 ml.,48000,Quattro D,heladeria-y-confiteria,helados,https://static.app.biggie.com.py/images/products/7841699000819.jpg,2026-08-22T21:20:04.000000Z
7841699000925,Helado Paletto Tres Leches de 120 gr.,16000,paletto,heladeria-y-confiteria,helados,https://static.app.biggie.com.py/images/products/7841699000925.jpg,2026-08-22T21:20:04.000000Z
725765006899,Helado Tia Laura Delicias Doble Dulce de Leche de 480 gr.,53000,Tia Laura Delicias,heladeria-y-confiteria,helados,https://static.app.biggie.com.py/images/products/725765006899.jpg,2026-08-22T21:20:04.000000Z
7841699000048,Helado Paletto Mini Frutilla con Leche Condensada.,11000,paletto,heladeria-y-confiteria,helados,https://static.app.biggie.com.py/images/products/7841699000048.jpg,2026-08-22T21:20:04.000000Z
7841699000772,Helado Quattro D Chocolate Belga de 500 ml.,44000,Quattro D,heladeria-y-confiteria,helados,https://static.app.biggie.com.py/images/products/7841699000772.jpg,2026-08-22T21:20:04.000000Z
725765006813,Helado Tia Laura Delicias Americana con Nutella de 480 grs.,55000,Tia Laura Delicias,heladeria-y-confiteria,helados,https://static.app.biggie.com.py/images/products/725765006813.jpg,2026-08-22T21:20:04.000000Z
7790580108397,Helado palito Arcor Cofler Block de 51 gr.,16000,Arcor,heladeria-y-confiteria,helados,https://static.app.biggie.com.py/images/products/7790580108397.jpg,2026-08-22T21:20:04.000000Z
7841699001687,Helado Quattro D Mini Copita Pistacchio de 200 ml.,29500,Quattro D,heladeria-y-confiteria,helados,https://static.app.biggie.com.py/images/products/7841699001687.jpg,2026-08-22T21:20:04.000000Z
7841699001632,Helado Quattro D Mini Copita Acai de 175 gr.,25000,Quattro D,heladeria-y-confiteria,helados,https://static.app.biggie.com.py/images/products/7841699001632.jpg,2026-08-22T21:20:04.000000Z
7848990015511,Pastafrola Hey Life Guayaba de 120 gr.,32600,Hey Life,heladeria-y-confiteria,pastafrolas,https://static.app.biggie.com.py/images/products/7848990015511.jpg,2026-08-22T21:20:04.000000Z
725765006806,Helado Tia Laura Delicias Cookies and Cream de 480 gr.,55000,Tia Laura Delicias,heladeria-y-confiteria,helados,https://static.app.biggie.com.py/images/products/725765006806.jpg,2026-08-22T21:20:04.000000Z
7841699002264,Helado Paletto Paleta Pistacho Ultra de 75 gr.,20000,paletto,heladeria-y-confiteria,helados,https://static.app.biggie.com.py/images/products/7841699002264.jpg,2026-08-22T21:20:04.000000Z
7840356002944,"Helado Amandau Americana, Frutilla y Chocolate Sin Lactosa de 650 gr.",60000,Amandau,heladeria-y-confiteria,helados,https://static.app.biggie.com.py/images/products/7840356002944.jpg,2026-08-22T21:20:04.000000Z
7841699002011,Helado Quattro D Pistacchio Dubai de 500 ml.,55000,Quattro D,heladeria-y-confiteria,helados,https://static.app.biggie.com.py/images/products/7841699002011.jpg,2026-08-22T21:20:04.000000Z
7841699000055,Helado Paletto Cookies & Creme x Uni.,16000,paletto,heladeria-y-confiteria,helados,https://static.app.biggie.com.py/images/products/7841699000055.jpg,2026-08-22T21:20:04.000000Z
7841699000611,Helado Paletto Mburucuya Relleno de Leche Condensada x Uni.,16000,paletto,heladeria-y-confiteria,helados,https://static.app.biggie.com.py/images/products/7841699000611.jpg,2026-08-22T21:20:04.000000Z
7841699000086,Helado Paletto Mini Chocobomba de 70 gr.,11000,paletto,heladeria-y-confiteria,helados,https://static.app.biggie.com.py/images/products/7841699000086.jpg,2026-08-22T21:20:04.000000Z
7841699002028,Helado Quattro D Chocolate Dubai de 500 ml.,55000,Quattro D,heladeria-y-confiteria,helados,https://static.app.biggie.com.py/images/products/7841699002028.jpg,2026-08-22T21:20:04.000000Z
7840356002982,Helado Amandau Palito Chocolate Relleno de 60 gr.,10000,Amandau,heladeria-y-confiteria,helados,https://static.app.biggie.com.py/images/products/7840356002982.jpg,2026-08-22T21:20:04.000000Z
7790580395803,Helado Arcor Cofler con Almendra de 80 ml.,16000,Arcor,heladeria-y-confiteria,helados,https://static.app.biggie.com.py/images/products/7790580395803.jpg,2026-08-22T21:20:04.000000Z
7840356001695,Helado Amandau Palito Crock Dulce de Leche x Uni.,17000,Amandau,heladeria-y-confiteria,helados,https://static.app.biggie.com.py/images/products/7840356001695.jpg,2026-08-22T21:20:04.000000Z
7840356003293,Helado Amandau Classic Granizado de 1.300 gr.,47000,Amandau,heladeria-y-confiteria,helados,https://static.app.biggie.com.py/images/products/7840356003293.jpg,2026-08-22T21:20:04.000000Z
7841699000567,Helado Quattro D San Remo de 220 gr.,28000,Quattro D,heladeria-y-confiteria,helados,https://static.app.biggie.com.py/images/products/7841699000567.jpg,2026-08-22T21:20:04.000000Z
7790580024901,Helado Arcor Slice Frutilla con Fruta de 70 ml.,10000,ARCOR,heladeria-y-confiteria,helados,https://static.app.biggie.com.py/images/products/7790580024901.jpg,2026-08-22T21:20:04.000000Z
7790580524104,Helado Arcor Palito Rocklets de 51 gr.,12000,Arcor,heladeria-y-confiteria,helados,https://static.app.biggie.com.py/images/products/7790580524104.jpg,2026-08-22T21:20:04.000000Z
7840131004828,Madalenas Bimbo Tres Leches 2p de 80 gr.,5900,Bimbo,heladeria-y-confiteria,tortitas,https://static.app.biggie.com.py/images/products/7840131004828.jpg,2026-08-22T21:20:04.000000Z
7841699001496,Helado Paletto Copita Chocobomba de 200 ml.,24000,paletto,heladeria-y-confiteria,helados,https://static.app.biggie.com.py/images/products/7841699001496.jpg,2026-08-22T21:20:04.000000Z
725765006882,Helado Tia Laura Delicias Americana de 480 gr.,53000,Tia Laura Delicias,heladeria-y-confiteria,helados,https://static.app.biggie.com.py/images/products/725765006882.jpg,2026-08-22T21:20:04.000000Z
725765006820,Helado Tia Laura Delicias Cheesecake de 480 gr.,55000,Tia Laura Delicias,heladeria-y-confiteria,helados,,2026-08-22T21:20:04.000000Z
7840356003026,Helado Amandau Gourmet Frutilla con Leche Condensada de 900 gr.,68000,Amandau,heladeria-y-confiteria,helados,https://static.app.biggie.com.py/images/products/7840356003026.jpg,2026-08-22T21:20:04.000000Z
7841699000130,Helado Paletto Almendratto x Uni.,16000,paletto,heladeria-y-confiteria,helados,https://static.app.biggie.com.py/images/products/7841699000130.jpg,2026-08-22T21:20:04.000000Z
7841699001656,Helado Paletto Copita Chantilly Frutos del Bosque de 200 ml.,24000,paletto,heladeria-y-confiteria,helados,https://static.app.biggie.com.py/images/products/7841699001656.jpg,2026-08-22T21:20:04.000000Z
7840356003248,Helado Amandau Triple Pistacho Gourmet de 320 gr.,65000,Amandau,heladeria-y-confiteria,helados,https://static.app.biggie.com.py/images/products/7840356003248.jpg,2026-08-22T21:20:04.000000Z
7841699000062,Helado Paletto Mini Cookies and Cream de 70 gr.,11000,paletto,heladeria-y-confiteria,helados,https://static.app.biggie.com.py/images/products/7841699000062.jpg,2026-08-22T21:20:04.000000Z
7841699000901,Helado Quattro D Cachafaz de 500 ml.,44000,Quattro D,heladeria-y-confiteria,helados,https://static.app.biggie.com.py/images/products/7841699000901.jpg,2026-08-22T21:20:04.000000Z
7841699000314,Helado Paletto Dulce Pasion x Uni.,16000,paletto,heladeria-y-confiteria,helados,https://static.app.biggie.com.py/images/products/7841699000314.jpg,2026-08-22T21:20:04.000000Z
7841699000789,Helado Quattro D Creamtella Diet de 500 ml.,48000,Quattro D,heladeria-y-confiteria,helados,https://static.app.biggie.com.py/images/products/7841699000789.jpg,2026-08-22T21:20:04.000000Z
7840356002913,Alfajor Helado Amandau de 80 gr.,13000,Amandau,heladeria-y-confiteria,helados,https://static.app.biggie.com.py/images/products/7840356002913.jpg,2026-08-22T21:20:04.000000Z
7840356002999,Helado Amandau Palito Frutos del Bosque Relleno de 60 gr.,10000,Amandau,heladeria-y-confiteria,helados,https://static.app.biggie.com.py/images/products/7840356002999.jpg,2026-08-22T21:20:04.000000Z
725765006837,Helado Tia Laura Delicias Pie de Limon 480 grs.,55000,Tia Laura Delicias,heladeria-y-confiteria,helados,https://static.app.biggie.com.py/images/products/725765006837.jpg,2026-08-22T21:20:04.000000Z
7841699000956,Helado Paletto Mini Frutilla Al Agua 70gr,9000,paletto,heladeria-y-confiteria,helados,https://static.app.biggie.com.py/images/products/7841699000956.jpg,2026-08-22T21:20:04.000000Z
7790580425548,Helado Arcor Palito Bombon kids de 60 gr.,6500,ARCOR,heladeria-y-confiteria,helados,,2026-08-22T21:20:04.000000Z
7841699001328,Helado Quattro D Crema Americana de 500 ml.,44000,Quattro D,heladeria-y-confiteria,helados,https://static.app.biggie.com.py/images/products/7841699001328.jpg,2026-08-22T21:20:04.000000Z
7840356003002,Helado Amandau Palito Banana Split Relleno de 60 gr.,10000,Amandau,heladeria-y-confiteria,helados,https://static.app.biggie.com.py/images/products/7840356003002.jpg,2026-08-22T21:20:04.000000Z
7840356003095,Postre Amandau Gourmet Crock de 550 gr.,50000,Amandau,heladeria-y-confiteria,helados,https://static.app.biggie.com.py/images/products/7840356003095.jpg,2026-08-22T21:20:04.000000Z
7840356002210,Helado Amandau Copa Diet Americana y Dulce de Leche de 100 gr.,14500,Amandau,heladeria-y-confiteria,helados,https://static.app.biggie.com.py/images/products/7840356002210.jpg,2026-08-22T21:20:04.000000Z
7790580397203,Helado Bon o Bon Cono de 135 ml.,16000,Arcor,heladeria-y-confiteria,helados,https://static.app.biggie.com.py/images/products/7790580397203.jpg,2026-08-22T21:20:04.000000Z
7841699001410,Helado Paletto Bombones Frutilla Condensada x 12 Uni.,39000,paletto,heladeria-y-confiteria,helados,https://static.app.biggie.com.py/images/products/7841699001410.jpg,2026-08-22T21:20:04.000000Z
7841503002596,Magdalenas Mazzei Vainilla de 200 gr.,13500,MAZZEI,heladeria-y-confiteria,tortitas,https://static.app.biggie.com.py/images/products/7841503002596.jpg,2026-08-22T21:20:04.000000Z
7841503002602,Magdalenas Mazzei Dulce de Leche de 192 gr.,14000,MAZZEI,heladeria-y-confiteria,tortitas,https://static.app.biggie.com.py/images/products/7841503002602.jpg,2026-08-22T21:20:04.000000Z
8410376035407,Bizcochos Gullon Paquete de 200 gr.,15900,Gullón,heladeria-y-confiteria,brownies,https://static.app.biggie.com.py/images/products/8410376035407.jpg,2026-08-22T21:20:04.000000Z
7841699001847,Helado Paletto Bombon Ultra Crema de 85 gr.,11000,paletto,heladeria-y-confiteria,helados,https://static.app.biggie.com.py/images/products/7841699001847.jpg,2026-08-22T21:20:04.000000Z
7841699002271,Helado Paletto Bombones Pistacho x 12 Uni.,45000,paletto,heladeria-y-confiteria,helados,https://static.app.biggie.com.py/images/products/7841699002271.jpg,2026-08-22T21:20:04.000000Z
7841699001335,Helado Quattro D Cookies And Cream de 500 ml.,44000,Quattro D,heladeria-y-confiteria,helados,https://static.app.biggie.com.py/images/products/7841699001335.jpg,2026-08-22T21:20:04.000000Z
7841699001427,Helado Paletto Bombones Chocobomba x 12 Uni.,39000,paletto,heladeria-y-confiteria,helados,https://static.app.biggie.com.py/images/products/7841699001427.jpg,2026-08-22T21:20:04.000000Z
7841699001700,Bombon Esmas Crema de 190 gr.,27500,ESMAS,heladeria-y-confiteria,helados,https://static.app.biggie.com.py/images/products/7841699001700.jpg,2026-08-22T21:20:04.000000Z
7841699001489,Helado Paletto Copita Frutilla Leche Condensada de 200 ml.,24000,paletto,heladeria-y-confiteria,helados,https://static.app.biggie.com.py/images/products/7841699001489.jpg,2026-08-22T21:20:04.000000Z
7841699001502,Helado Paletto Copita Chantilly y Cookies de 200 ml.,24000,paletto,heladeria-y-confiteria,helados,https://static.app.biggie.com.py/images/products/7841699001502.jpg,2026-08-22T21:20:04.000000Z
7790580141929,Helado Arcor Mogul Dientes de 60 gr.,8000,ARCOR,heladeria-y-confiteria,helados,https://static.app.biggie.com.py/images/products/7790580141929.jpg,2026-08-22T21:20:04.000000Z
7841699001960,Helado Quattro D Chocolate Belga de 150 ml.,15000,Quattro D,heladeria-y-confiteria,helados,https://static.app.biggie.com.py/images/products/7841699001960.jpg,2026-08-22T21:20:04.000000Z
7841699000765,Helado Quattro D Doble Dulce de Leche de 500 ml.,44000,Quattro D,heladeria-y-confiteria,helados,https://static.app.biggie.com.py/images/products/7841699000765.jpg,2026-08-22T21:20:04.000000Z
7841503002534,Premezcla Mazzei Brownie de 425 gr.,20500,MAZZEI,heladeria-y-confiteria,brownies,https://static.app.biggie.com.py/images/products/7841503002534.jpg,2026-08-22T21:20:04.000000Z
7841699001434,Helado Paleta Esmas Bombón Crema Diet de 65 gr.,12000,ESMAS,heladeria-y-confiteria,helados,https://static.app.biggie.com.py/images/products/7841699001434.jpg,2026-08-22T21:20:04.000000Z
7790580147839,Helado Arcor Cofler Dulce de Leche de 63 gr.,16000,ARCOR,heladeria-y-confiteria,helados,https://static.app.biggie.com.py/images/products/7790580147839.jpg,2026-08-22T21:20:04.000000Z
7840356002784,Postre Amandau Osito de 500 gr.,35000,Amandau,heladeria-y-confiteria,helados,https://static.app.biggie.com.py/images/products/7840356002784.jpg,2026-08-22T21:20:04.000000Z
7257650069984,Helado Tia Laura Americana con Frutos Rojos Diet de 480 gr.,60000,Tia Laura Delicias,heladeria-y-confiteria,helados,,2026-08-22T21:20:04.000000Z
7899975801964,Helado Nestle Kit Kat Ice Cream Duo de 61 gr.,17000,Nestle,heladeria-y-confiteria,helados,https://static.app.biggie.com.py/images/products/7899975801964.jpg,2026-08-22T21:20:04.000000Z
7896704100015,Helado Geladinho Americano x 40 Uni.,18900,Geladinho,heladeria-y-confiteria,helados,https://static.app.biggie.com.py/images/products/7896704100015.jpg,2026-08-22T21:20:04.000000Z
7840356002579,Medialuna Amandau de Manteca x 6 Uni.,29000,Amandau,heladeria-y-confiteria,facturas,https://static.app.biggie.com.py/images/products/7840356002579.jpg,2026-08-22T21:20:04.000000Z
7841699001984,Helado Quattro D Crema Americana de 150 ml.,15000,Quattro D,heladeria-y-confiteria,helados,https://static.app.biggie.com.py/images/products/7841699001984.jpg,2026-08-22T21:20:04.000000Z
7841699001915,Bombon Esmas Dulce de Leche x 12 Uni.,27500,ESMAS,heladeria-y-confiteria,helados,https://static.app.biggie.com.py/images/products/7841699001915.jpg,2026-08-22T21:20:04.000000Z
7613035242746,Helado Nestle Epa Crunchy de 88 gr.,20000,Nestle,heladeria-y-confiteria,helados,https://static.app.biggie.com.py/images/products/7613035242746.jpg,2026-08-22T21:20:04.000000Z
7840356003125,Copa Helado Amandau Frutilla con Dulce de Leche de 200 gr.,22000,Amandau,heladeria-y-confiteria,helados,https://static.app.biggie.com.py/images/products/7840356003125.jpg,2026-08-22T21:20:04.000000Z
7899975802879,Helado Nestle Mega Almendras de 74 gr.,20000,Nestle,heladeria-y-confiteria,helados,https://static.app.biggie.com.py/images/products/7899975802879.jpg,2026-08-22T21:20:04.000000Z
7891000106969,Helado Nestle Napolitano Especialidades de 730 gr.,55000,Nestle,heladeria-y-confiteria,helados,https://static.app.biggie.com.py/images/products/7891000106969.jpg,2026-08-22T21:20:04.000000Z
7613034790156,Helado Nestle Chomp Dulce de Leche con Salsa de 180 gr.,56400,Nestle,heladeria-y-confiteria,helados,https://static.app.biggie.com.py/images/products/7613034790156.jpg,2026-08-22T21:20:04.000000Z
7613035242524,Helado Nestle Epa Dulce de Leche Max de 88 gr.,20000,Nestle,heladeria-y-confiteria,helados,https://static.app.biggie.com.py/images/products/7613035242524.jpg,2026-08-22T21:20:04.000000Z
7841699000673,Helado Paletto Frutilla con Leche Condensada Pack de 4 Uni.,56000,paletto,heladeria-y-confiteria,helados,https://static.app.biggie.com.py/images/products/7841699000673.jpg,2026-08-22T21:20:04.000000Z
7790580142186,Helado Arcor Mogul Tubito de 50 gr.,6000,ARCOR,heladeria-y-confiteria,helados,https://static.app.biggie.com.py/images/products/7790580142186.jpg,2026-08-22T21:20:04.000000Z
7841503002497,Cookies Mazzei en Bandejita Party de 100 gr.,6000,MAZZEI,heladeria-y-confiteria,cookies,https://static.app.biggie.com.py/images/products/7841503002497-33846988.jpg,2026-08-22T21:20:04.000000Z
7790580142674,Helado Palito Cofler Chocolinas 66g,16000,ARCOR,heladeria-y-confiteria,helados,https://static.app.biggie.com.py/images/products/7790580142674.jpg,2026-08-22T21:20:04.000000Z
7840356002128,Helado Amandau Copa Diet Americana y Frutilla x Uni.,14500,Amandau,heladeria-y-confiteria,helados,https://static.app.biggie.com.py/images/products/7840356002128.jpg,2026-08-22T21:20:04.000000Z
7841699001830,Helado Paletto Frutilla Diet de 70 gr.,10000,paletto,heladeria-y-confiteria,helados,https://static.app.biggie.com.py/images/products/7841699001830.jpg,2026-08-22T21:20:04.000000Z
7841699000802,Helado Quattro D Frutilla de 500 ml.,44000,Quattro D,heladeria-y-confiteria,helados,https://static.app.biggie.com.py/images/products/7841699000802.jpg,2026-08-22T21:20:04.000000Z
7840031155880,Helado Doña Angela Chocolate con Brigadeiro de 200 ml.,9000,DOÑA ANGELA,heladeria-y-confiteria,helados,https://static.app.biggie.com.py/images/products/7840031155880-31810271.jpg,2026-08-22T21:20:04.000000Z
7899975801797,Helado Nestle Mega Pistacho de 74 gr.,20000,Nestle,heladeria-y-confiteria,helados,https://static.app.biggie.com.py/images/products/7899975801797.jpg,2026-08-22T21:20:04.000000Z
7840031155873,Helado Doña Angela Frutilla con Jalea de Frutilla de 200 ml.,9000,DOÑA ANGELA,heladeria-y-confiteria,helados,https://static.app.biggie.com.py/images/products/7840031155873-31810125.jpg,2026-08-22T21:20:04.000000Z
7840031155842,Helado Doña Angela Americana con Dulce de Leche de 200 ml.,9000,DOÑA ANGELA,heladeria-y-confiteria,helados,https://static.app.biggie.com.py/images/products/7840031155842-31810227.jpg,2026-08-22T21:20:04.000000Z
7899975800004,Helado Nestle Mega trufa Branco de 71 gr.,20000,Nestle,heladeria-y-confiteria,helados,https://static.app.biggie.com.py/images/products/7899975800004.jpg,2026-08-22T21:20:04.000000Z
7790580388805,Helado Agua Mogul Frutilla - Naranja de 51 gr.,6000,Arcor,heladeria-y-confiteria,helados,https://static.app.biggie.com.py/images/products/7790580388805.jpg,2026-08-22T21:20:04.000000Z
7840031155859,Helado Doña Angela Americana con Cobertura de Chocolate de 200 ml.,9000,DOÑA ANGELA,heladeria-y-confiteria,helados,https://static.app.biggie.com.py/images/products/7840031155859-31810114.jpg,2026-08-22T21:20:04.000000Z
7790580142193,Helado Arcor Cono Cofler Block Chocolate con Mani 95 gr.,16000,ARCOR,heladeria-y-confiteria,helados,https://static.app.biggie.com.py/images/products/7790580142193.jpg,2026-08-22T21:20:04.000000Z
7840031155866,Helado Doña Angela Americana con Jalea de Frutilla de 200 ml.,9000,DOÑA ANGELA,heladeria-y-confiteria,helados,https://static.app.biggie.com.py/images/products/7840031155866-31810250.jpg,2026-08-22T21:20:04.000000Z
7840031155941,Helado Doña Angela Dulce de Leche con Brigadeiro de 200 ml.,9000,DOÑA ANGELA,heladeria-y-confiteria,helados,https://static.app.biggie.com.py/images/products/7840031155941-31810282.jpg,2026-08-22T21:20:04.000000Z
7840031155934,Helado Doña Angela Dulce de Leche de 200 ml.,9000,DOÑA ANGELA,heladeria-y-confiteria,helados,https://static.app.biggie.com.py/images/products/7840031155934-31810295.jpg,2026-08-22T21:20:04.000000Z
7891000105788,Helado Palito Prestigio de 54 gr.,12500,Nestle,heladeria-y-confiteria,helados,https://static.app.biggie.com.py/images/products/7891000105788.jpg,2026-08-22T21:20:04.000000Z
7841699000680,Helado Paletto Chocobomba Pack de 4 Uni.,56000,paletto,heladeria-y-confiteria,helados,https://static.app.biggie.com.py/images/products/7841699000680.jpg,2026-08-22T21:20:04.000000Z
7899975801018,Helado Nestle Mega 3 Chocolates de 74 gr.,20000,Nestle,heladeria-y-confiteria,helados,https://static.app.biggie.com.py/images/products/7899975801018.jpg,2026-08-22T21:20:04.000000Z
7899975800684,Helado Nestle Moca Brigadeiro de 63 gr.,12500,Nestle,heladeria-y-confiteria,helados,https://static.app.biggie.com.py/images/products/7899975800684.jpg,2026-08-22T21:20:04.000000Z
7730911985099,Donas Pagnifique Glaseadas x 3 Uni.,18900,Pagnifique,heladeria-y-confiteria,tortitas,https://static.app.biggie.com.py/images/products/7730911985099.jpg,2026-08-22T21:20:04.000000Z
7899975802916,Helado Nestle Prestigio Pote de 1.500 gr.,55000,Nestle,heladeria-y-confiteria,helados,https://static.app.biggie.com.py/images/products/7899975802916.jpg,2026-08-22T21:20:04.000000Z
7841699001618,Helado Quattro D Mini Copita del Rey de 140 gr.,22000,Quattro D,heladeria-y-confiteria,helados,https://static.app.biggie.com.py/images/products/7841699001618.jpg,2026-08-22T21:20:04.000000Z
7899975801803,Helado Nestle Napolitano Zero Pote de 450gr.,55000,Nestle,heladeria-y-confiteria,helados,https://static.app.biggie.com.py/images/products/7899975801803.jpg,2026-08-22T21:20:04.000000Z
7841699001823,Helado Paletto Naranja y Jengibre Diet de 70 gr.,10000,paletto,heladeria-y-confiteria,helados,https://static.app.biggie.com.py/images/products/7841699001823.jpg,2026-08-22T21:20:04.000000Z
7840031155897,Helado Doña Angela Americana de 140 ml.,6500,DOÑA ANGELA,heladeria-y-confiteria,helados,https://static.app.biggie.com.py/images/products/7840031155897-31810469.jpg,2026-08-22T21:20:04.000000Z
7840031155927,Helado Doña Angela Dulce de Leche de 140 ml.,6500,DOÑA ANGELA,heladeria-y-confiteria,helados,https://static.app.biggie.com.py/images/products/7840031155927-31810313.jpg,2026-08-22T21:20:04.000000Z
7730911985105,Donas Pagnifique de Chocolate x 3 Uni.,18900,Pagnifique,heladeria-y-confiteria,tortitas,https://static.app.biggie.com.py/images/products/7730911985105.jpg,2026-08-22T21:20:04.000000Z
7840031155910,Helado Doña Angela Chocolate de 140 ml.,6500,DOÑA ANGELA,heladeria-y-confiteria,helados,https://static.app.biggie.com.py/images/products/7840031155910-31810452.jpg,2026-08-22T21:20:04.000000Z
7840031155903,Helado Doña Angela Frutilla de 140 ml.,6500,DOÑA ANGELA,heladeria-y-confiteria,helados,https://static.app.biggie.com.py/images/products/7840031155903-31810447.jpg,2026-08-22T21:20:04.000000Z
7899975802725,Helado Nestle la Frutta Uva de 66 gr.,11000,Nestle,heladeria-y-confiteria,helados,https://static.app.biggie.com.py/images/products/7899975802725.jpg,2026-08-22T21:20:04.000000Z
7840031000227,Helado Doña Angela Copa Helada American Cookies de 150 gr.,24500,DOÑA ANGELA,heladeria-y-confiteria,helados,https://static.app.biggie.com.py/images/products/7840031000227.jpg,2026-08-22T21:20:04.000000Z
7840031000241,Helado Doña Angela Copa Helada Dulce de Leche con Brownie de 150 gr.,24500,DOÑA ANGELA,heladeria-y-confiteria,helados,https://static.app.biggie.com.py/images/products/7840031000241.jpg,2026-08-22T21:20:04.000000Z
7840356002111,Helado Amandau Copa Diet Americana y chocolate x Uni.,14500,Amandau,heladeria-y-confiteria,helados,https://static.app.biggie.com.py/images/products/7840356002111.jpg,2026-08-22T21:20:04.000000Z
7891000106945,Helado Nestle Galak de 1.500 gr.,55000,Nestle,heladeria-y-confiteria,helados,https://static.app.biggie.com.py/images/products/7891000106945.jpg,2026-08-22T21:20:04.000000Z
742102,Pastafrola Kir x Uni.,8250,KIR,heladeria-y-confiteria,pastafrolas,https://static.app.biggie.com.py/images/products/742102.jpg,2026-08-22T21:20:04.000000Z
7840031000142,Helado Doña Angela Dulce de Leche con Brownie de 500 ml.,47000,DOÑA ANGELA,heladeria-y-confiteria,helados,,2026-08-22T21:20:04.000000Z
7840031000128,Helado Doña Angela American Cookies de 500 ml.,47000,DOÑA ANGELA,heladeria-y-confiteria,helados,https://static.app.biggie.com.py/images/products/7840031000128.jpg,2026-08-22T21:20:04.000000Z
7840031156177,Helado Doña Angela Copa Helada Tradicional de 150 gr.,24500,DOÑA ANGELA,heladeria-y-confiteria,helados,,2026-08-22T21:20:04.000000Z
7840031000173,Helado Doña Angela Americana Isopor de 500 ml.,47000,DOÑA ANGELA,heladeria-y-confiteria,helados,,2026-08-22T21:20:04.000000Z
7840031000234,Helado Doña Angela Copa Helada Chocolate Guarapi de 150 gr.,24500,DOÑA ANGELA,heladeria-y-confiteria,helados,https://static.app.biggie.com.py/images/products/7840031000234.jpg,2026-08-22T21:20:04.000000Z
7840031000104,Helado Doña Angela Dulce de Leche Granizado de 500 ml.,47000,DOÑA ANGELA,heladeria-y-confiteria,helados,https://static.app.biggie.com.py/images/products/7840031000104.jpg,2026-08-22T21:20:04.000000Z
7840031000159,Helado Doña Angela Chocolate Isopor de 500 ml.,47000,DOÑA ANGELA,heladeria-y-confiteria,helados,https://static.app.biggie.com.py/images/products/7840031000159.jpg,2026-08-22T21:20:04.000000Z
7840031000135,Helado Doña Angela Dulce de Leche Isopor de 500 ml.,47000,DOÑA ANGELA,heladeria-y-confiteria,helados,https://static.app.biggie.com.py/images/products/7840031000135.jpg,2026-08-22T21:20:04.000000Z
7848003820026,Muffins Bake-Me double chocolate pack x 2,20000,Bake-Me,heladeria-y-confiteria,tortitas,https://static.app.biggie.com.py/images/products/7848003820026.jpg,2026-08-22T21:20:04.000000Z
7798304841520,Helado La Frutta Frutilla de 69 gr.,11000,Nestle,heladeria-y-confiteria,helados,,2026-08-22T21:20:04.000000Z
7840031000111,Helado Doña Angela Granizado de 500 ml.,47000,DOÑA ANGELA,heladeria-y-confiteria,helados,,2026-08-22T21:20:04.000000Z
7840031000166,Helado Doña Angela Cuatro Leches de 500 ml.,47000,DOÑA ANGELA,heladeria-y-confiteria,helados,https://static.app.biggie.com.py/images/products/7840031000166.jpg,2026-08-22T21:20:04.000000Z
7891000106808,Helado Nestle Moca Brigadeiro de 1.500 gr.,55000,Nestle,heladeria-y-confiteria,helados,https://static.app.biggie.com.py/images/products/7891000106808.jpg,2026-08-22T21:20:04.000000Z
7848000540217,Pastafrola Tia Laura Delicias x Uni.,19000,Tia Laura Delicias,heladeria-y-confiteria,pastafrolas,https://static.app.biggie.com.py/images/products/7848000540217.jpg,2026-08-22T21:20:04.000000Z
7899975802657,Helado Nestle La Frutta Morango con Leche de 60 gr.,12000,Nestle,heladeria-y-confiteria,helados,https://static.app.biggie.com.py/images/products/7899975802657.jpg,2026-08-22T21:20:04.000000Z
7899975803302,Helado Nestle Chocotrio de 65g,14500,Nestle,heladeria-y-confiteria,helados,https://static.app.biggie.com.py/images/products/7899975803302.jpg,2026-08-22T21:20:04.000000Z
7842380000392,Palmeritas Lunardi x Uni.,11700,Lunardi,heladeria-y-confiteria,facturas,https://static.app.biggie.com.py/images/products/7842380000392.jpg,2026-08-22T21:20:04.000000Z
7848003820040,Muffins Bake-Me orange pack x 2.,18000,Bake-Me,heladeria-y-confiteria,tortitas,,2026-08-22T21:20:04.000000Z
1177221107128,Cookies Belite proteicas x Uni.,26250,Belite Fit Bakery,heladeria-y-confiteria,cookies,https://static.app.biggie.com.py/images/products/1177221107128.jpg,2026-08-22T21:20:04.000000Z
7848003820019,Muffins Bake-Me carrot cake pack x 2.,19000,Bake-Me,heladeria-y-confiteria,tortitas,https://static.app.biggie.com.py/images/products/7848003820019.jpg,2026-08-22T21:20:04.000000Z
7899975801896,Helado Nestle Kit Kat Gold de 45g,12000,Nestle,heladeria-y-confiteria,helados,https://static.app.biggie.com.py/images/products/7899975801896.jpg,2026-08-22T21:20:04.000000Z
7848003820057,Muffins Bake-Me Vainilla con Chips de Chocolate. pack x 2.,18000,Bake-Me,heladeria-y-confiteria,tortitas,,2026-08-22T21:20:04.000000Z
7842380000033,Pastafrolas Lunardi x Uni.,11700,Lunardi,heladeria-y-confiteria,pastafrolas,https://static.app.biggie.com.py/images/products/7842380000033.jpg,2026-08-22T21:20:04.000000Z
7848003820125,Brownie Bake-Me por Unidad.,16500,Bake-Me,heladeria-y-confiteria,brownies,https://static.app.biggie.com.py/images/products/7848003820125.jpg,2026-08-22T21:20:04.000000Z
7842380000026,Facturas Lunardi Surtidas x Uni.,11700,Lunardi,heladeria-y-confiteria,facturas,https://static.app.biggie.com.py/images/products/7842380000026.jpg,2026-08-22T21:20:04.000000Z
7848003820033,Muffins Bake-Me blueberry pack x 2.,20000,Bake-Me,heladeria-y-confiteria,tortitas,,2026-08-22T21:20:04.000000Z
7842109000207,Helado Paris Torta Ana de 1.000 gr.,155000,Paris,heladeria-y-confiteria,helados,https://static.app.biggie.com.py/images/products/7842109000207.jpg,2026-08-22T21:20:04.000000Z
7891150055858,Helado Kibon Cremosisimo Napolitano de 700 gr.,50000,Kibon,heladeria-y-confiteria,helados,https://static.app.biggie.com.py/images/products/7891150055858.jpg,2026-08-22T21:20:04.000000Z
7848003820088,Pastafrola Bake-Me por 2 Unidades.,17550,Bake-Me,heladeria-y-confiteria,pastafrolas,,2026-08-22T21:20:04.000000Z
7842109000016,Helado Paris Copa Anita de 200 gr.,35000,Paris,heladeria-y-confiteria,helados,https://static.app.biggie.com.py/images/products/7842109000016.jpg,2026-08-22T21:20:04.000000Z
9541221107440,Cookies Belite Keto x Uni.,35000,Belite Fit Bakery,heladeria-y-confiteria,cookies,https://static.app.biggie.com.py/images/products/9541221107440.jpg,2026-08-22T21:20:04.000000Z
7891075403192,Helado Kibon Paleta Brigadeiro de 52 gr.,10000,Kibon,heladeria-y-confiteria,helados,https://static.app.biggie.com.py/images/products/7891075403192.jpg,2026-08-22T21:20:04.000000Z
7891075010161,Helado Kibon Fruttare Limon de 60 ml.,10000,Kibon,heladeria-y-confiteria,helados,https://static.app.biggie.com.py/images/products/7891075010161.jpg,2026-08-22T21:20:04.000000Z
7842109000085,Helado Paris Copa Anita Americana de 200ml.,35000,Paris,heladeria-y-confiteria,helados,https://static.app.biggie.com.py/images/products/7842109000085.jpg,2026-08-22T21:20:04.000000Z
7891150041042,Helado Kibon Magnum Cookies & Cream de 69 gr.,19500,Kibon,heladeria-y-confiteria,helados,https://static.app.biggie.com.py/images/products/7891150041042.jpg,2026-08-22T21:20:04.000000Z
7891000702505,Helado Nestle Chambinho Palito de 45 gr.,10000,Nestle,heladeria-y-confiteria,helados,https://static.app.biggie.com.py/images/products/7891000702505.jpg,2026-08-22T21:20:04.000000Z
7891075060210,Helado Kibon Paleta Tablito de 59 gr.,10000,Kibon,heladeria-y-confiteria,helados,https://static.app.biggie.com.py/images/products/7891075060210.jpg,2026-08-22T21:20:04.000000Z
7891150094321,Helado Kibon Fruttare Morango de 60 ml.,10000,Kibon,heladeria-y-confiteria,helados,https://static.app.biggie.com.py/images/products/7891150094321.jpg,2026-08-22T21:20:04.000000Z
7891075080218,Helado Kibon Eskibon Bombom Gelado Classico de 79 ml.,8000,Kibon,heladeria-y-confiteria,helados,https://static.app.biggie.com.py/images/products/7891075080218.jpg,2026-08-22T21:20:04.000000Z
7891075403215,Helado Kibon Magnum Clasico de 69 gr.,19500,Kibon,heladeria-y-confiteria,helados,https://static.app.biggie.com.py/images/products/7891075403215.jpg,2026-08-22T21:20:04.000000Z
7891150064904,Helado Kibon Magnum Praline de 69 gr.,19500,Kibon,heladeria-y-confiteria,helados,https://static.app.biggie.com.py/images/products/7891150064904.jpg,2026-08-22T21:20:04.000000Z
7798304841421,Helado Nestle Torpedo Frutilla de 63 gr.,8000,Nestle,heladeria-y-confiteria,helados,https://static.app.biggie.com.py/images/products/7798304841421.jpg,2026-08-22T21:20:04.000000Z
7891075081215,"Helado Kibon Mini Eski-bon de 92,1 gr.",19000,Kibon,heladeria-y-confiteria,helados,https://static.app.biggie.com.py/images/products/7891075081215.jpg,2026-08-22T21:20:04.000000Z
7613035242500,Helado Nestle Epa Rocker de 88 gr.,20000,Nestle,heladeria-y-confiteria,helados,https://static.app.biggie.com.py/images/products/7613035242500.jpg,2026-08-22T21:20:04.000000Z
7891075010130,Helado Kibon Fruttare Palito Uva de 59 gr.,10000,Kibon,heladeria-y-confiteria,helados,https://static.app.biggie.com.py/images/products/7891075010130.jpg,2026-08-22T21:20:04.000000Z
7678390876487,Cookies Belite Proteicas x 12 Uni.,46850,Belite Fit Bakery,heladeria-y-confiteria,cookies,https://static.app.biggie.com.py/images/products/7678390876487.jpg,2026-08-22T21:20:04.000000Z
7891150089051,Helado Kibon Tablito Maximo Avela de 70 ml.,10000,Kibon,heladeria-y-confiteria,helados,https://static.app.biggie.com.py/images/products/7891150089051.jpg,2026-08-22T21:20:04.000000Z
7891150081963,Helado Kibon Chocolate Magnum Zero Azucar de 67 gr.,19500,Kibon,heladeria-y-confiteria,helados,https://static.app.biggie.com.py/images/products/7891150081963.jpg,2026-08-22T21:20:04.000000Z
7891150074026,Helado Kibon Sundae Leche Trufado de 834 gr.,50000,Kibon,heladeria-y-confiteria,helados,https://static.app.biggie.com.py/images/products/7891150074026.jpg,2026-08-22T21:20:04.000000Z
7891150050242,Helado Kibon Cremosisimo Flocos de 700 gr.,50000,Kibon,heladeria-y-confiteria,helados,https://static.app.biggie.com.py/images/products/7891150050242.jpg,2026-08-22T21:20:04.000000Z
7842109000030,Helado Paris Americana de 500 gr.,55000,Paris,heladeria-y-confiteria,helados,https://static.app.biggie.com.py/images/products/7842109000030.jpg,2026-08-22T21:20:04.000000Z
7842109000054,Helado Paris Dulce de Leche de 500 gr.,55000,Paris,heladeria-y-confiteria,helados,https://static.app.biggie.com.py/images/products/7842109000054.jpg,2026-08-22T21:20:04.000000Z
7842109000245,Helado Paris Granizado de 480 gr.,55000,Paris,heladeria-y-confiteria,helados,https://static.app.biggie.com.py/images/products/7842109000245.jpg,2026-08-22T21:20:04.000000Z
7842109000191,Helado Paris Diet Americana de 420 gr.,60000,Paris,heladeria-y-confiteria,helados,https://static.app.biggie.com.py/images/products/7842109000191.jpg,2026-08-22T21:20:04.000000Z
7842109000047,Helado Paris Chocolate de 500 gr.,55000,Paris,heladeria-y-confiteria,helados,https://static.app.biggie.com.py/images/products/7842109000047.jpg,2026-08-22T21:20:04.000000Z
7842109000221,Helado Paris de Dulce de Leche con Brownie de 500 gr.,55000,Paris,heladeria-y-confiteria,helados,https://static.app.biggie.com.py/images/products/7842109000221.jpg,2026-08-22T21:20:04.000000Z
7842109000160,Helado Paris Diet Chocolate de 420 gr.,60000,Paris,heladeria-y-confiteria,helados,https://static.app.biggie.com.py/images/products/7842109000160.jpg,2026-08-22T21:20:04.000000Z
7798304840325,Helado Nestle Luxor bombon helado de 53 gr.,9500,Nestle,heladeria-y-confiteria,helados,https://static.app.biggie.com.py/images/products/7798304840325.jpg,2026-08-22T21:20:04.000000Z
7842109000252,Helado Paris Cookies and Cream de 480 gr.,55000,Paris,heladeria-y-confiteria,helados,https://static.app.biggie.com.py/images/products/7842109000252.jpg,2026-08-22T21:20:04.000000Z
7848004650110,Torta Pave Cretta de Dulce de Leche.,47000,Postres Cretta,heladeria-y-confiteria,tortas,,2026-08-22T21:20:04.000000Z
0735745314395,Copita Tia Laura Cookies and Cream x Uni.,25000,Tia Laura Delicias,heladeria-y-confiteria,helados,https://static.app.biggie.com.py/images/products/0735745314395.jpg,2026-08-22T21:20:04.000000Z
7842738000012,Brownie La Postreria de 150 gr.,18500,La Postreria,heladeria-y-confiteria,brownies,https://static.app.biggie.com.py/images/products/7842738000012.jpg,2026-08-22T21:20:04.000000Z
7891150051973,Helado Kibon Cornetto Crocante de 60 gr.,15000,Kibon,heladeria-y-confiteria,helados,https://static.app.biggie.com.py/images/products/7891150051973.jpg,2026-08-22T21:20:04.000000Z
0735745314401,Copita Tia Laura Frutilla Doble x Uni.,25000,Tia Laura Delicias,heladeria-y-confiteria,helados,https://static.app.biggie.com.py/images/products/0735745314401.jpg,2026-08-22T21:20:04.000000Z
7842109000092,Helado Paris Copa Alicia de 200 ml.,35000,Paris,heladeria-y-confiteria,helados,https://static.app.biggie.com.py/images/products/7842109000092.jpg,2026-08-22T21:20:04.000000Z
7842109000320,Helado Paris Crema Americana con Pasta de Pistacho de 480 gr.,60000,Paris,heladeria-y-confiteria,helados,,2026-08-22T21:20:04.000000Z
745314199759,Brownie Bite a Bite x Uni.,19500,Bite a Bite,heladeria-y-confiteria,brownies,https://static.app.biggie.com.py/images/products/745314199759.jpg,2026-08-22T21:20:04.000000Z
745314199742,Cookies Bite a Bite Choco Chips x 2 Uni.,19500,Bite a Bite,heladeria-y-confiteria,cookies,https://static.app.biggie.com.py/images/products/745314199742.jpg,2026-08-22T21:20:04.000000Z
0735745314371,Copita Tia Laura Dulce de Leche con Brownie x Uni.,25000,Tia Laura Delicias,heladeria-y-confiteria,helados,,2026-08-22T21:20:04.000000Z
600811,Pastafrola Honey de 500 gr.,38250,Honey,heladeria-y-confiteria,pastafrolas,,2026-08-22T21:20:04.000000Z
745314199735,Pastafrola Bite a Bite de Guayaba x Uni.,19500,Bite a Bite,heladeria-y-confiteria,pastafrolas,,2026-08-22T21:20:04.000000Z
7842738000128,Torta en Pote La postreria brigadeiro de chocolate y dulce de leche de 190 gr.,23500,La Postreria,heladeria-y-confiteria,tortas,,2026-08-22T21:20:04.000000Z
7842738000111,Torta en Pote La postreria brigadeiro de coco y dulce de leche de 190 gr.,23500,La Postreria,heladeria-y-confiteria,tortas,,2026-08-22T21:20:04.000000Z
7842738000135,Torta en Pote La Postreria Red velvet de 190 gr.,23500,La Postreria,heladeria-y-confiteria,tortas,,2026-08-22T21:20:04.000000Z
7798304841834,Helado Nestle Chokito Bombonzin de 78 gr.,14000,Nestle,heladeria-y-confiteria,helados,,2026-08-22T21:20:04.000000Z
7899975803210,Helado Nestle Moca Brigadeiro de 73 gr.,12000,Nestle,heladeria-y-confiteria,helados,https://static.app.biggie.com.py/images/products/7899975803210.jpg,2026-08-22T21:20:04.000000Z
0788364560544,Helado Tia Laura Paleta Pistacho x Uni.,24000,Tia Laura Delicias,heladeria-y-confiteria,helados,,2026-08-22T21:20:04.000000Z
7848990004720,Cookies Adg Fitness Food Americanas Rellenas de Dulce de Leche de 150 gr.,25000,Adg Fitness Food,heladeria-y-confiteria,cookies,,2026-08-22T21:20:04.000000Z
0788364560551,Helado Tia Laura Paleta Dulce de Leche con Brownie x Uni.,19000,Tia Laura Delicias,heladeria-y-confiteria,helados,https://static.app.biggie.com.py/images/products/0788364560551.jpg,2026-08-22T21:20:04.000000Z
7848990004713,Cookies Adg Fitness Food Americanas Chips de Chocolates Clasicas de 150 gr.,25000,Adg Fitness Food,heladeria-y-confiteria,cookies,,2026-08-22T21:20:04.000000Z
0788364560537,Helado Tia Laura Paleta Tres Leches x Uni.,19000,Tia Laura Delicias,heladeria-y-confiteria,helados,,2026-08-22T21:20:04.000000Z
0788364560520,Helado Tia Laura Paleta Frutilla Doble con Leche Condensada x Uni.,19000,Tia Laura Delicias,heladeria-y-confiteria,helados,https://static.app.biggie.com.py/images/products/0788364560520.jpg,2026-08-22T21:20:04.000000Z
7840574000029,Masa Seca Confiteria Loeb x Uni.,33000,Confiteria Loeb,heladeria-y-confiteria,facturas,,2026-08-22T21:20:04.000000Z
7840574000159,Ferrocarril Confiteria Loeb x Uni.,27300,Confiteria Loeb,heladeria-y-confiteria,facturas,,2026-08-22T21:20:04.000000Z
0788364560513,Helado Tia Laura Paleta Praline x Uni.,19000,Tia Laura Delicias,heladeria-y-confiteria,helados,https://static.app.biggie.com.py/images/products/0788364560513.jpg,2026-08-22T21:20:04.000000Z
410123,Cookies Oveja Negra de Avena y Chocolate x Uni.,10000,OVEJA NEGRA,heladeria-y-confiteria,cookies,https://static.app.biggie.com.py/images/products/410123.jpg,2026-08-22T21:20:04.000000Z
074570610051,Helado H-dazs Pints belgian chocolate de 473 ml.,79200,HAAGEN,heladeria-y-confiteria,helados,https://static.app.biggie.com.py/images/products/074570610051.jpg,2026-08-22T21:20:04.000000Z
7848000540040,Torta 3 Leches Tia Laura Delicias de 1.500 gr.,155000,Tia Laura Delicias,heladeria-y-confiteria,tortas,,2026-08-22T21:20:04.000000Z
7848000540194,Torta Tradicional Tia Laura Delicias Chocolate de 1.100 gr.,110000,Tia Helena,heladeria-y-confiteria,tortas,,2026-08-22T21:20:04.000000Z
0735745314470,Helado Tia Laura Pistacho de 480 gr.,68500,Tia Laura Delicias,heladeria-y-confiteria,helados,,2026-08-22T21:20:04.000000Z
7100009102231,Pastafrola Redonda La Nutry x Unidad.,15000,La Nutry,heladeria-y-confiteria,pastafrolas,,2026-08-22T21:20:04.000000Z
7898644310479,Helado Ultraçaí sin Granola Vaso de 200 ml.,25450,ULTRAÇAÍ,heladeria-y-confiteria,helados,https://static.app.biggie.com.py/images/products/7898644310479-29257696.jpg,2026-08-22T21:20:04.000000Z
7100009102194,Bolo de Cacao La Nutry x 4 Unidades.,25000,La Nutry,heladeria-y-confiteria,facturas,,2026-08-22T21:20:04.000000Z
700403,Cookies La Caramella rellenas y sin relleno secas.,15000,La Caramella,heladeria-y-confiteria,cookies,,2026-08-22T21:20:04.000000Z
7100009102200,Bolo de Coco La Nutry x 4 Unidades.,25000,La Nutry,heladeria-y-confiteria,facturas,,2026-08-22T21:20:04.000000Z
441105,Cookies Maliapaste Clasicas X2 de 100 gr.,9750,Maliapaste,heladeria-y-confiteria,cookies,,2026-08-22T21:20:04.000000Z
441102,Cookies Maliapaste Clasicas X3 de 150 gr.,13650,Maliapaste,heladeria-y-confiteria,cookies,,2026-08-22T21:20:04.000000Z
441103,Cookies Maliapaste Doble Chocolate X2 de 100 gr.,9750,Maliapaste,heladeria-y-confiteria,cookies,,2026-08-22T21:20:04.000000Z
441100,Cookies Maliapaste Doble Chocolate X3 de 150 gr.,14300,Maliapaste,heladeria-y-confiteria,cookies,,2026-08-22T21:20:04.000000Z
441106,Cookies Maliapaste Paquete de 3 (1 de cada sabor) de 150 gr.,14300,Maliapaste,heladeria-y-confiteria,cookies,,2026-08-22T21:20:04.000000Z
441104,Cookies Maliapaste Red Velvet X2 de 100 gr.,9750,Maliapaste,heladeria-y-confiteria,cookies,,2026-08-22T21:20:04.000000Z
441101,Cookies Maliapaste Red Velvet X3 de 150 gr.,14300,Maliapaste,heladeria-y-confiteria,cookies,,2026-08-22T21:20:04.000000Z
701010420238,Devils Cake Pasteleria Abente de 120 gr.,7800,Pasteleria Abente,heladeria-y-confiteria,tortas,,2026-08-22T21:20:04.000000Z
7841699001069,Helado Paletto Mini Bombon Crema x Uni.,8000,paletto,heladeria-y-confiteria,helados,https://static.app.biggie.com.py/images/products/7841699001069.jpg,2026-08-22T21:20:04.000000Z
7841699001076,Helado Paletto Mini Bombon Dulce de Leche x Uni.,8000,paletto,heladeria-y-confiteria,helados,https://static.app.biggie.com.py/images/products/7841699001076.jpg,2026-08-22T21:20:04.000000Z
7898644310493,Helado Ultraçaí con Granola Vaso de 200 ml.,29250,ULTRAÇAÍ,heladeria-y-confiteria,helados,https://static.app.biggie.com.py/images/products/7898644310493-29256047.jpg,2026-08-22T21:20:04.000000Z
7898644310790,Helado Ultraçaí Con Leche en Polvo de 200 ml.,29250,ULTRAÇAÍ,heladeria-y-confiteria,helados,,2026-08-22T21:20:04.000000Z
7898644310783,Helado Ultraçaí con Pacoca de 200 ml.,29250,ULTRAÇAÍ,heladeria-y-confiteria,helados,,2026-08-22T21:20:04.000000Z
7898644310462,Helado Ultraçaí Tradicional Pote de 1.000 ml.,76900,ULTRAÇAÍ,heladeria-y-confiteria,helados,https://static.app.biggie.com.py/images/products/7898644310462-29256129.jpg,2026-08-22T21:20:04.000000Z
7500435154420,Maquina de Afeitar Gillette Prestobarba UltraGrip2 x Uni.,8650,GILLETTE,higiene-personal,maquina-de-afeitar,https://static.app.biggie.com.py/images/products/7500435154420.jpg,2026-08-22T21:20:04.000000Z
7794626011566,Toalla Higienica Kotex Nocturna con Alas x 16 Un.,37750,KOTEX,higiene-personal,proteccion-femenina,https://static.app.biggie.com.py/images/products/7794626011566.jpg,2026-08-22T21:20:04.000000Z
7790250010845,Papel Higienico Elite doble hoja x 4 Uni.,35900,ELITE,higiene-personal,papel-higienico,https://static.app.biggie.com.py/images/products/7790250010845.jpg,2026-08-22T21:20:04.000000Z
7794626010835,Toalla Higienica Kotex Normal Tela con Alas x 32 Unidades.,40150,KOTEX,higiene-personal,proteccion-femenina,https://static.app.biggie.com.py/images/products/7794626010835.jpg,2026-08-22T21:20:04.000000Z
7730219011773,Papel Higienico Elite ultra doble hoja seda 4 u.,22900,ELITE,higiene-personal,papel-higienico,https://static.app.biggie.com.py/images/products/7730219011773.jpg,2026-08-22T21:20:04.000000Z
7891024132005,Crema Dental Colgate triplie accion de 90 gr.,11100,Colgate,higiene-personal,higiene-bucal,https://static.app.biggie.com.py/images/products/7891024132005.jpg,2026-08-22T21:20:04.000000Z
7730219009053,Papel Higienico Elite Soft Max Doble Hoja 30mts x 4 Uni.,17750,ELITE,higiene-personal,papel-higienico,https://static.app.biggie.com.py/images/products/7730219009053.jpg,2026-08-22T21:20:04.000000Z
7794626011559,Toallas Higienicas nocturnas Kotex con alas x 8 Unidades.,21350,KOTEX,higiene-personal,proteccion-femenina,https://static.app.biggie.com.py/images/products/7794626011559.jpg,2026-08-22T21:20:04.000000Z
7891024134610,Crema Dental Colgate Maxima Proteccion de 180 gr.,19200,Colgate,higiene-personal,higiene-bucal,https://static.app.biggie.com.py/images/products/7891024134610.jpg,2026-08-22T21:20:04.000000Z
7891024132906,Crema Dental Colgate Maxima Proteccion de 50 gr.,6200,Colgate,higiene-personal,higiene-bucal,https://static.app.biggie.com.py/images/products/7891024132906.jpg,2026-08-22T21:20:04.000000Z
7891024134702,Crema Dental Colgate Maxima Proteccion de 90 gr.,10200,Colgate,higiene-personal,higiene-bucal,https://static.app.biggie.com.py/images/products/7891024134702.jpg,2026-08-22T21:20:04.000000Z
7794626010811,Toalla Higienica Kotex Extra Proteccion de 8 Uni.,11850,KOTEX,higiene-personal,proteccion-femenina,https://static.app.biggie.com.py/images/products/7794626010811.jpg,2026-08-22T21:20:04.000000Z
7790770602292,Toallitas Higienicas Nosotras Buenas Noches Suave x 16 Uni.,35200,NOSOTRAS,higiene-personal,proteccion-femenina,https://static.app.biggie.com.py/images/products/7790770602292.jpg,2026-08-22T21:20:04.000000Z
7896110004679,Papel Higienico Personal Doble Hoja VIP Neutro 8 Unidades.,38900,PERSONAL,higiene-personal,papel-higienico,https://static.app.biggie.com.py/images/products/7896110004679.jpg,2026-08-22T21:20:04.000000Z
7790770601851,Toallitas Higienicas Nosotras Buenas Noches Suave x 8 Uni.,20300,NOSOTRAS,higiene-personal,proteccion-femenina,https://static.app.biggie.com.py/images/products/7790770601851.jpg,2026-08-22T21:20:04.000000Z
7702018072439,Maquina de Afeitar Gillette Venus Simply Rosado x Uni.,15150,GILLETTE,higiene-personal,maquina-de-afeitar,https://static.app.biggie.com.py/images/products/7702018072439.jpg,2026-08-22T21:20:04.000000Z
7891024316191,Cepillo Dental Colgate 360 Medio Pack 2x1.,48700,Colgate,higiene-personal,higiene-bucal,https://static.app.biggie.com.py/images/products/7891024316191.jpg,2026-08-22T21:20:04.000000Z
7896110000176,Papel Higienico Personal Neutro Vip Doble Hoja de 4 rollos.,19750,PERSONAL,higiene-personal,papel-higienico,https://static.app.biggie.com.py/images/products/7896110000176.jpg,2026-08-22T21:20:04.000000Z
7896110004648,Papel Higienico Personal Vip doble hoja 16x30m.,69850,PERSONAL,higiene-personal,papel-higienico,https://static.app.biggie.com.py/images/products/7896110004648.jpg,2026-08-22T21:20:04.000000Z
6910021007206,Cepillo Dental Colgate Premier Clean de 1 un.,12700,Colgate,higiene-personal,higiene-bucal,https://static.app.biggie.com.py/images/products/6910021007206.jpg,2026-08-22T21:20:04.000000Z
7730219009060,Papel Higienico Elite Doble Hoja 30 mts x 12 Uni.,55000,ELITE,higiene-personal,papel-higienico,https://static.app.biggie.com.py/images/products/7730219009060.jpg,2026-08-22T21:20:04.000000Z
7509546074016,Crema Dental Colgate triple accion extra fresh de 130 gr.,26500,Colgate,higiene-personal,higiene-bucal,https://static.app.biggie.com.py/images/products/7509546074016.jpg,2026-08-22T21:20:04.000000Z
7591066201003,Maquina de Afeitar Schick Extreme 3 Sensitive x 2 Uni.,20800,schick,higiene-personal,maquina-de-afeitar,https://static.app.biggie.com.py/images/products/7591066201003.jpg,2026-08-22T21:20:04.000000Z
7891024184608,Cepillo Dental Colgate Classic clean medio de 1 Uni.,12700,Colgate,higiene-personal,higiene-bucal,https://static.app.biggie.com.py/images/products/7891024184608.jpg,2026-08-22T21:20:04.000000Z
7509546056098,Crema Dental Colgate Triple Accion Extra Blancura de 90 gr.,17100,Colgate,higiene-personal,higiene-bucal,https://static.app.biggie.com.py/images/products/7509546056098.jpg,2026-08-22T21:20:04.000000Z
7730219009077,Papel Higienico Elite Hoja Clasico 4 Uni x 30 mts.,8900,ELITE,higiene-personal,papel-higienico,https://static.app.biggie.com.py/images/products/7730219009077.jpg,2026-08-22T21:20:04.000000Z
7891024005064,Crema Dental Colgate luminous white de 140 gr.,38300,Colgate,higiene-personal,higiene-bucal,https://static.app.biggie.com.py/images/products/7891024005064.jpg,2026-08-22T21:20:04.000000Z
7509546651057,Crema Dental Colgate Luminous White Charcoal de 90 gr.,33400,Colgate,higiene-personal,higiene-bucal,https://static.app.biggie.com.py/images/products/7509546651057.jpg,2026-08-22T21:20:04.000000Z
6920354824395,Crema Dental Colgate Naturals Carbon y Menta de 90 gr.,26900,Colgate,higiene-personal,higiene-bucal,https://static.app.biggie.com.py/images/products/6920354824395.jpg,2026-08-22T21:20:04.000000Z
7791519702099,Preservativo Prime Skyn x 3 Uni.,29250,Prime,higiene-personal,preservativos,https://static.app.biggie.com.py/images/products/7791519702099.jpg,2026-08-22T21:20:04.000000Z
7702010630422,Cepillo Dental Colgate Extra Clean medio de 2 Uni.,20500,Colgate,higiene-personal,higiene-bucal,https://static.app.biggie.com.py/images/products/7702010630422.jpg,2026-08-22T21:20:04.000000Z
7790010002660,Toallas Higienicas Siempre Libre especial con alas x 16 Uni.,17200,SIEMPRE LIBRE,higiene-personal,proteccion-femenina,https://static.app.biggie.com.py/images/products/7790010002660.jpg,2026-08-22T21:20:04.000000Z
7702010130250,Cepillo Dental Colgate Twister Medio de 2 Uni.,26800,Colgate,higiene-personal,higiene-bucal,https://static.app.biggie.com.py/images/products/7702010130250.jpg,2026-08-22T21:20:04.000000Z
7891010043476,Cepillo Dental Johnson & Johnson ultra clean medio 1 un.,16100,Johnson & Johnson,higiene-personal,higiene-bucal,https://static.app.biggie.com.py/images/products/7891010043476.jpg,2026-08-22T21:20:04.000000Z
7702425543966,Tampones Kotex Evolution Medio x 20 Uni.,34850,KOTEX,higiene-personal,proteccion-femenina,https://static.app.biggie.com.py/images/products/7702425543966.jpg,2026-08-22T21:20:04.000000Z
7702018001071,Maquina de afeitar Gillette Mach 3 Turbo x Uni.,43300,GILLETTE,higiene-personal,maquina-de-afeitar,https://static.app.biggie.com.py/images/products/7702018001071.jpg,2026-08-22T21:20:04.000000Z
7891024123027,Crema Dental Colgate Luminous White Brillant de 90 gr.,33400,Colgate,higiene-personal,higiene-bucal,https://static.app.biggie.com.py/images/products/7891024123027.jpg,2026-08-22T21:20:04.000000Z
7790520025395,Repelente en Aerosol Off de 170 ml.,43500,Off,higiene-personal,repelentes,https://static.app.biggie.com.py/images/products/7790520025395.jpg,2026-08-22T21:20:04.000000Z
7591066701015,Maquina de Afeitar Schick Xtreme 3 x uni.,10800,schick,higiene-personal,maquina-de-afeitar,https://static.app.biggie.com.py/images/products/7591066701015.jpg,2026-08-22T21:20:04.000000Z
7791519702754,Preservativo Prime Zero x 3 Uni.,14650,Prime,higiene-personal,preservativos,https://static.app.biggie.com.py/images/products/7791519702754-32360162.jpg,2026-08-22T21:20:04.000000Z
7891010500115,Cepillo Dental Johnson & Johnson reach access de 2 Uni.,25650,Johnson & Johnson,higiene-personal,higiene-bucal,https://static.app.biggie.com.py/images/products/7891010500115.jpg,2026-08-22T21:20:04.000000Z
7509546056111,Crema Dental Colgate triple extra blancura de 125 gr.,26500,Colgate,higiene-personal,higiene-bucal,https://static.app.biggie.com.py/images/products/7509546056111.jpg,2026-08-22T21:20:04.000000Z
7896110008653,Papel Higienico Personal Vip doble hoja 12x30m.,51250,PERSONAL,higiene-personal,papel-higienico,https://static.app.biggie.com.py/images/products/7896110008653.jpg,2026-08-22T21:20:04.000000Z
7753442000390,Cepillo Dental Kolynos Master Plus Medio x uni.,9400,Kolynos,higiene-personal,higiene-bucal,https://static.app.biggie.com.py/images/products/7753442000390.jpg,2026-08-22T21:20:04.000000Z
4891228530143,Maquina de Afeitar Schick Quattro Mujer Purpura x 2 Uni.,37500,schick,higiene-personal,maquina-de-afeitar,https://static.app.biggie.com.py/images/products/4891228530143-32619508.jpg,2026-08-22T21:20:04.000000Z
7501006719932,Cepillo Dental Oral-B Limpieza Profunda Pack 2x1,24950,Oral-B,higiene-personal,higiene-bucal,https://static.app.biggie.com.py/images/products/7501006719932.jpg,2026-08-22T21:20:04.000000Z
7840049005375,Papel Higienico Higienol texturado 30 m. 4 unidades.,7300,HIGIENOL,higiene-personal,papel-higienico,https://static.app.biggie.com.py/images/products/7840049005375-32614422.jpg,2026-08-22T21:20:04.000000Z
7790770601974,Protector Diario Nosotras Normal x 20 Uni.,9300,NOSOTRAS,higiene-personal,proteccion-femenina,https://static.app.biggie.com.py/images/products/7790770601974.jpg,2026-08-22T21:20:04.000000Z
7794626010828,Toalla Higienica Kotex Normal con Alas Extra Suave x 16 Unidades.,21350,KOTEX,higiene-personal,proteccion-femenina,https://static.app.biggie.com.py/images/products/7794626010828.jpg,2026-08-22T21:20:04.000000Z
7896026850148,Papel Higienico Duetto Doble Hoja Neutro x 4 Uni.,19000,Duetto,higiene-personal,papel-higienico,https://static.app.biggie.com.py/images/products/7896026850148.jpg,2026-08-22T21:20:04.000000Z
7730219011995,Papel Higienico Higienol Premium doble hoja 50 mts 4 unidades.,27700,HIGIENOL,higiene-personal,papel-higienico,https://static.app.biggie.com.py/images/products/7730219011995.jpg,2026-08-22T21:20:04.000000Z
7891024123362,Crema Dental Colgate max white cristal mint de 180 gr.,39400,Colgate,higiene-personal,higiene-bucal,https://static.app.biggie.com.py/images/products/7891024123362.jpg,2026-08-22T21:20:04.000000Z
7891024134429,Crema Dental Colgate sensible blanqueador de 103 gr.,29350,Colgate,higiene-personal,higiene-bucal,https://static.app.biggie.com.py/images/products/7891024134429.jpg,2026-08-22T21:20:04.000000Z
7702010631207,Cepillo Dental Colgate Triple Accion Pack de 2 Uni.,23000,Colgate,higiene-personal,higiene-bucal,https://static.app.biggie.com.py/images/products/7702010631207.jpg,2026-08-22T21:20:04.000000Z
7790010002653,Toallas Higienicas Siempre Libre Especial con Alas 8 Uni.,8900,SIEMPRE LIBRE,higiene-personal,proteccion-femenina,https://static.app.biggie.com.py/images/products/7790010002653.jpg,2026-08-22T21:20:04.000000Z
7791519000676,Preservativo Prime Extra Lubricado x 3 Uni.,9800,Prime,higiene-personal,preservativos,https://static.app.biggie.com.py/images/products/7791519000676-32360104.jpg,2026-08-22T21:20:04.000000Z
7509546045320,Desodorante en gel Speed stick  Xtreme Ultra 24/7 de 85 gr.,36500,Speed Stick,higiene-personal,desodorantes,https://static.app.biggie.com.py/images/products/7509546045320.jpg,2026-08-22T21:20:04.000000Z
7790010002769,Toallas Higienicas Siempre Libre Especial Ultrafina x 8 Uni.,10850,SIEMPRE LIBRE,higiene-personal,proteccion-femenina,https://static.app.biggie.com.py/images/products/7790010002769.jpg,2026-08-22T21:20:04.000000Z
7791519702112,Preservativo Prime Retardante x 3 Uni.,9800,Prime,higiene-personal,preservativos,https://static.app.biggie.com.py/images/products/7791519702112-32360753.jpg,2026-08-22T21:20:04.000000Z
7501001100285,Cepillo Oral-B pro-salud 7 beneficios 2x1,49950,Oral-B,higiene-personal,higiene-bucal,https://static.app.biggie.com.py/images/products/7501001100285.jpg,2026-08-22T21:20:04.000000Z
7891055324202,Cepillo Dental Condor Classic x Uni.,12500,CONDOR,higiene-personal,higiene-bucal,https://static.app.biggie.com.py/images/products/7891055324202.jpg,2026-08-22T21:20:04.000000Z
7790770000081,Toallitas Higienicas Nosotras Natural alas x 8 Unidades.,10450,NOSOTRAS,higiene-personal,proteccion-femenina,https://static.app.biggie.com.py/images/products/7790770000081.jpg,2026-08-22T21:20:04.000000Z
7891010038908,Hilo Dental J&J Reach Expansion Plus Menta de 50 m.,24000,Johnson & Johnson,higiene-personal,higiene-bucal,https://static.app.biggie.com.py/images/products/7891010038908-32613219.jpg,2026-08-22T21:20:04.000000Z
7509546686394,Crema Dental Colgate Herbal Menta Eucalipto de 90 gr.,14800,Colgate,higiene-personal,higiene-bucal,https://static.app.biggie.com.py/images/products/7509546686394.jpg,2026-08-22T21:20:04.000000Z
7891024039625,Enjuague Bucal Colgate Plax Ice Infinity de 180 ml.,21900,Colgate,higiene-personal,higiene-bucal,https://static.app.biggie.com.py/images/products/7891024039625.jpg,2026-08-22T21:20:04.000000Z
7891055325834,Cepillo Dental Condor Antibacterial x Uni.,24950,CONDOR,higiene-personal,higiene-bucal,https://static.app.biggie.com.py/images/products/7891055325834.jpg,2026-08-22T21:20:04.000000Z
7896026850155,Papel Higienico Duetto Doble Hoja Perfumado x 4 Uni.,19000,Duetto,higiene-personal,papel-higienico,https://static.app.biggie.com.py/images/products/7896026850155.jpg,2026-08-22T21:20:04.000000Z
7791519200045,Preservativo Prime Super Fino x 3 Uni.,9800,Prime,higiene-personal,preservativos,https://static.app.biggie.com.py/images/products/7791519200045-32360037.jpg,2026-08-22T21:20:04.000000Z
4005900036759,Desodorante Roll On Nivea  Invisible Power de 50 ml.,24800,Nivea,higiene-personal,desodorantes,https://static.app.biggie.com.py/images/products/4005900036759.jpg,2026-08-22T21:20:04.000000Z
7509546674100,Cepillo Dental Kolynos Doctor Medio 2X1 x Uni.,14800,Kolynos,higiene-personal,higiene-bucal,https://static.app.biggie.com.py/images/products/7509546674100.jpg,2026-08-22T21:20:04.000000Z
7840049005382,Papel Higienico Higienol texturado perfumado 4 unidades.,7700,HIGIENOL,higiene-personal,papel-higienico,https://static.app.biggie.com.py/images/products/7840049005382.jpg,2026-08-22T21:20:04.000000Z
7736550022447,Toalla Higienica Mimosa con Alas Bricolage x 8 Unidades.,14650,MIMOSA,higiene-personal,proteccion-femenina,https://static.app.biggie.com.py/images/products/7736550022447.jpg,2026-08-22T21:20:04.000000Z
7509546667577,Crema Dental Colgate Luminous White Coffe Dtains de 70 gr.,32900,Colgate,higiene-personal,higiene-bucal,https://static.app.biggie.com.py/images/products/7509546667577.jpg,2026-08-22T21:20:04.000000Z
7791519701061,Preservativo Prime Ultra Fino x 3 Uni.,9800,Prime,higiene-personal,preservativos,https://static.app.biggie.com.py/images/products/7791519701061-32360158.jpg,2026-08-22T21:20:04.000000Z
7891024183120,Hilo Dental Colgate de 50 mts de 2 Uni.,19500,Colgate,higiene-personal,higiene-bucal,https://static.app.biggie.com.py/images/products/7891024183120.jpg,2026-08-22T21:20:04.000000Z
7896104995280,Papel Higienico Mili Neutro Doble Hoja de 30 mts x Uni.,12900,MILI,higiene-personal,papel-higienico,https://static.app.biggie.com.py/images/products/7896104995280.jpg,2026-08-22T21:20:04.000000Z
7794626013430,Toallas Femeninas Lina Con Alas Nocturna x 8 Unidades.,15400,LINA,higiene-personal,proteccion-femenina,https://static.app.biggie.com.py/images/products/7794626013430.jpg,2026-08-22T21:20:04.000000Z
7891528020013,Crema Dental Kolynos Super Blanco de 50 gr.,5700,Kolynos,higiene-personal,higiene-bucal,https://static.app.biggie.com.py/images/products/7891528020013.jpg,2026-08-22T21:20:04.000000Z
4005808257553,Desodorante Nivea Roll On Dry Impact  For Men de 50 ml.,24800,Nivea,higiene-personal,desodorantes,https://static.app.biggie.com.py/images/products/4005808257553-32631132.jpg,2026-08-22T21:20:04.000000Z
7791969029807,Desodorante en Aerosol Nivea Sensitive For Men de 150 ml.,31400,Nivea,higiene-personal,desodorantes,https://static.app.biggie.com.py/images/products/7791969029807.jpg,2026-08-22T21:20:04.000000Z
7702425543973,Tampones Kotex Digitales Super x 20 Uni.,34850,KOTEX,higiene-personal,proteccion-femenina,https://static.app.biggie.com.py/images/products/7702425543973.jpg,2026-08-22T21:20:04.000000Z
7896104995273,Papel Higienico Mili Doble Hoja 30 m 4 Uni.,12900,MILI,higiene-personal,papel-higienico,https://static.app.biggie.com.py/images/products/7896104995273.jpg,2026-08-22T21:20:04.000000Z
7793100120282,Crema Dental Kolynos Frescura Intensa Original de 180 gr.,17800,Kolynos,higiene-personal,higiene-bucal,https://static.app.biggie.com.py/images/products/7793100120282.jpg,2026-08-22T21:20:04.000000Z
4005900376459,Desodorante Nivea en Aerosol Invisible Fresh Men de 150 ml.,30250,Nivea,higiene-personal,desodorantes,https://static.app.biggie.com.py/images/products/4005900376459.jpg,2026-08-22T21:20:04.000000Z
7509546688145,Jabon de Tocador Protex aloe x 3 de 90 gr.,19250,Protex,higiene-personal,jabon-de-tocador,https://static.app.biggie.com.py/images/products/7509546688145.jpg,2026-08-22T21:20:04.000000Z
4005900515865,Desodorante en Aerosol Nivea Fresh Ice de 150 ml.,30250,Nivea,higiene-personal,desodorantes,https://static.app.biggie.com.py/images/products/4005900515865.jpg,2026-08-22T21:20:04.000000Z
7506195129838,Toallas Higienicas Always Suave Talle M con Alas x 8 Uni.,11300,Always,higiene-personal,proteccion-femenina,https://static.app.biggie.com.py/images/products/7506195129838.jpg,2026-08-22T21:20:04.000000Z
7891010254780,Tampones O.B Simpre Libre Original Super de 8 Uni.,15600,O.B,higiene-personal,proteccion-femenina,https://static.app.biggie.com.py/images/products/7891010254780.jpg,2026-08-22T21:20:04.000000Z
75036492,Desodorante Roll On Lady Speed Stick floral fresh de 30 ml.,10500,Lady Speed Stick,higiene-personal,desodorantes,https://static.app.biggie.com.py/images/products/75036492.jpg,2026-08-22T21:20:04.000000Z
7794626010330,Toalla Higienica Lina Normal x 8 Uni.,9450,LINA,higiene-personal,proteccion-femenina,https://static.app.biggie.com.py/images/products/7794626010330.jpg,2026-08-22T21:20:04.000000Z
7702026145026,Toallitas Higienicas Nosotras Buenas Noches Invisible x 8 Uni.,22000,NOSOTRAS,higiene-personal,proteccion-femenina,https://static.app.biggie.com.py/images/products/7702026145026.jpg,2026-08-22T21:20:04.000000Z
7891024183083,Hilo Dental Colgate Total Fluor y Menta de 25 m.,22800,Colgate,higiene-personal,higiene-bucal,https://static.app.biggie.com.py/images/products/7891024183083.jpg,2026-08-22T21:20:04.000000Z
7509546686042,Crema Dental Colgate Total Carbon Activado de 90 gr.,27300,Colgate,higiene-personal,higiene-bucal,https://static.app.biggie.com.py/images/products/7509546686042.jpg,2026-08-22T21:20:04.000000Z
7898291210665,Afeitadora Personna Speed 3 Hojas x Uni.,22000,PERSONNA,higiene-personal,maquina-de-afeitar,https://static.app.biggie.com.py/images/products/7898291210665.jpg,2026-08-22T21:20:04.000000Z
7891150081239,Desodorante Dove Antitranspirante Original de 250 ml.,40500,Dove,higiene-personal,desodorantes,https://static.app.biggie.com.py/images/products/7891150081239.jpg,2026-08-22T21:20:04.000000Z
7891010501105,Hilo Dental Johnson & Johnson esencial de 100 m,19950,Johnson & Johnson,higiene-personal,higiene-bucal,https://static.app.biggie.com.py/images/products/7891010501105.jpg,2026-08-22T21:20:04.000000Z
7702026195823,Toallitas Nosotras Ultra Invisible Rapisec con Vitamina E x 8 Unidades.,15800,NOSOTRAS,higiene-personal,proteccion-femenina,https://static.app.biggie.com.py/images/products/7702026195823.jpg,2026-08-22T21:20:04.000000Z
7790520025425,Repelente Off Aero Bonus Family de 290 ml.,59900,Off,higiene-personal,repelentes,https://static.app.biggie.com.py/images/products/7790520025425.jpg,2026-08-22T21:20:04.000000Z
7891024021668,Cepillo Dental Colgate Ultra Soft x 2 Uni.,47250,Colgate,higiene-personal,higiene-bucal,https://static.app.biggie.com.py/images/products/7891024021668.jpg,2026-08-22T21:20:04.000000Z
4005900353054,Desodorante en Aerosol Nivea Protec & Care Men de 150 ml.,31400,Nivea,higiene-personal,desodorantes,https://static.app.biggie.com.py/images/products/4005900353054.jpg,2026-08-22T21:20:04.000000Z
070330709485,Maquina de Afeitar Bic Comfort Sens x 2 Uni.,6800,Bic,higiene-personal,maquina-de-afeitar,https://static.app.biggie.com.py/images/products/070330709485.jpg,2026-08-22T21:20:04.000000Z
7790520025401,Repelente Off Extra Duracion de 170 gr.,59900,Off,higiene-personal,repelentes,https://static.app.biggie.com.py/images/products/7790520025401.jpg,2026-08-22T21:20:04.000000Z
7891024130728,Enguaje Bucal Colgate Plax Fresh Mint de 60 ml.,6850,Colgate,higiene-personal,higiene-bucal,https://static.app.biggie.com.py/images/products/7891024130728.jpg,2026-08-22T21:20:04.000000Z
7891024135020,Crema Dental Colgate Total 12 Whitening de 90 gr.,27300,Colgate,higiene-personal,higiene-bucal,https://static.app.biggie.com.py/images/products/7891024135020.jpg,2026-08-22T21:20:04.000000Z
7791293046983,Shampoo Dove Reconstruccion Completa Superior de 200 ml.,25500,Dove,higiene-personal,cuidado-capilar,https://static.app.biggie.com.py/images/products/7791293046983.jpg,2026-08-22T21:20:04.000000Z
7794626996740,Toalla Femenina Mimosa Con Alas Gel Trip. x 8 Unidades.,8150,MIMOSA,higiene-personal,proteccion-femenina,https://static.app.biggie.com.py/images/products/7794626996740.jpg,2026-08-22T21:20:04.000000Z
7793100120275,Crema Dental Kolynos Extra Fresh de 90 gr.,9500,Kolynos,higiene-personal,higiene-bucal,https://static.app.biggie.com.py/images/products/7793100120275.jpg,2026-08-22T21:20:04.000000Z
7840049005368,Papel Higienico Higienol rindemas 4 unidades.,11450,HIGIENOL,higiene-personal,papel-higienico,https://static.app.biggie.com.py/images/products/7840049005368-32620950.jpg,2026-08-22T21:20:04.000000Z
7896110091846,Papel Higienico Personal Neutro de 8 unidades.,16250,PERSONAL,higiene-personal,papel-higienico,https://static.app.biggie.com.py/images/products/7896110091846.jpg,2026-08-22T21:20:04.000000Z
7790010002806,Protector Diario Carefree Largos x 60 Uni.,41100,Carefree,higiene-personal,proteccion-femenina,https://static.app.biggie.com.py/images/products/7790010002806.jpg,2026-08-22T21:20:04.000000Z
7898291210573,Afeitadora Personna Confort Touch x 2 Uni.,15000,PERSONNA,higiene-personal,maquina-de-afeitar,https://static.app.biggie.com.py/images/products/7898291210573.jpg,2026-08-22T21:20:04.000000Z
7840049079451,Papel Higienico Higienol de 30m X 8 Uni.,14600,HIGIENOL,higiene-personal,papel-higienico,https://static.app.biggie.com.py/images/products/7840049079451.jpg,2026-08-22T21:20:04.000000Z
7791519702778,Preservativo Prime Skyn Elite x 3 Uni.,48750,Prime,higiene-personal,preservativos,https://static.app.biggie.com.py/images/products/7791519702778.jpg,2026-08-22T21:20:04.000000Z
7790010002677,Toallas Higienicas Siempre Libre Adapt Plus Noche y Dia x 16 Uni.,34700,SIEMPRE LIBRE,higiene-personal,proteccion-femenina,https://static.app.biggie.com.py/images/products/7790010002677.jpg,2026-08-22T21:20:04.000000Z
070330703629,Maquina de Afeitar Bic Sensitive Shaver de 2 Uni.,4000,Bic,higiene-personal,maquina-de-afeitar,https://static.app.biggie.com.py/images/products/070330703629.jpg,2026-08-22T21:20:04.000000Z
7896104998557,Papel Higienico Mili blanco neutro 60 m 4 unidades.,12900,MILI,higiene-personal,papel-higienico,https://static.app.biggie.com.py/images/products/7896104998557.jpg,2026-08-22T21:20:04.000000Z
7891010255244,Enjuague bucal Listerine cool mint de 250 ml.,33750,Listerine,higiene-personal,higiene-bucal,https://static.app.biggie.com.py/images/products/7891010255244.jpg,2026-08-22T21:20:04.000000Z
7790010002615,Toallas Higienicas Siempre Libre Adapt Plus Noche y Dia x 8 Uni.,19450,SIEMPRE LIBRE,higiene-personal,proteccion-femenina,https://static.app.biggie.com.py/images/products/7790010002615.jpg,2026-08-22T21:20:04.000000Z
7502214731020,Maquina De AFfeitar Quattro You Rapseberry Rain x uni,39000,QUATTRO,higiene-personal,maquina-de-afeitar,https://static.app.biggie.com.py/images/products/7502214731020.jpg,2026-08-22T21:20:04.000000Z
7509546668055,Crema Dental Colgate Total Encias Saludables de 90 gr.,27300,Colgate,higiene-personal,higiene-bucal,https://static.app.biggie.com.py/images/products/7509546668055.jpg,2026-08-22T21:20:04.000000Z
070330717510,Maquina de Afeitar Bic Comfort 3 Hojas Normal X 2 Uni.,20700,Bic,higiene-personal,maquina-de-afeitar,https://static.app.biggie.com.py/images/products/070330717510.jpg,2026-08-22T21:20:04.000000Z
7500435243155,Shampoo Pantene Keratina de 175 ml.,25800,Pantene,higiene-personal,cuidado-capilar,https://static.app.biggie.com.py/images/products/7500435243155.jpg,2026-08-22T21:20:04.000000Z
7891055805800,Cepillo Condor Dental Agile Lleve 2 Pague 1 x Uni.,18500,CONDOR,higiene-personal,higiene-bucal,https://static.app.biggie.com.py/images/products/7891055805800.jpg,2026-08-22T21:20:04.000000Z
7891528036175,Crema Dental Kolynos Limpieza Completa de 90 gr.,14000,Kolynos,higiene-personal,higiene-bucal,https://static.app.biggie.com.py/images/products/7891528036175.jpg,2026-08-22T21:20:04.000000Z
7509546702605,Crema Dental Colgate Total Original Mint de 90 gr.,27300,Colgate,higiene-personal,higiene-bucal,https://static.app.biggie.com.py/images/products/7509546702605.jpg,2026-08-22T21:20:04.000000Z
7509546665979,Crema Dental Kolynos Frescura Extra de 90 gr.,14000,Kolynos,higiene-personal,higiene-bucal,https://static.app.biggie.com.py/images/products/7509546665979-30812694.jpg,2026-08-22T21:20:04.000000Z
7794626014932,Toallitas Femeninas Kotex Alas Especial x 8 uni,9700,KOTEX,higiene-personal,proteccion-femenina,https://static.app.biggie.com.py/images/products/7794626014932.jpg,2026-08-22T21:20:04.000000Z
7790010002639,Toallas Femeninas Siempre Libre fit con Alas 8 Uni.,10850,SIEMPRE LIBRE,higiene-personal,proteccion-femenina,https://static.app.biggie.com.py/images/products/7790010002639.jpg,2026-08-22T21:20:04.000000Z
7896110091440,Papel Higienico Personal Tradicional Neutro de 4 unidades.,8150,PERSONAL,higiene-personal,papel-higienico,https://static.app.biggie.com.py/images/products/7896110091440.jpg,2026-08-22T21:20:04.000000Z
7794626996757,Toalla Higienica Mimosa con Alas x 16 Unidades.,14450,MIMOSA,higiene-personal,proteccion-femenina,https://static.app.biggie.com.py/images/products/7794626996757.jpg,2026-08-22T21:20:04.000000Z
7840118219696,Jabon de Tocador Cavallaro Glicerina de 125 gr.,6600,Cavallaro,higiene-personal,jabon-de-tocador,https://static.app.biggie.com.py/images/products/7840118219696.jpg,2026-08-22T21:20:04.000000Z
7790770601882,Toallitas Higienicas Nosotras Natural Invisible Clasica x 8 Unidades.,11200,NOSOTRAS,higiene-personal,proteccion-femenina,https://static.app.biggie.com.py/images/products/7790770601882.jpg,2026-08-22T21:20:04.000000Z
75036508,Desodorante Speeed Stick Roll On Cool Night de 30 ml.,8300,Speed,higiene-personal,desodorantes,https://static.app.biggie.com.py/images/products/75036508.jpg,2026-08-22T21:20:04.000000Z
7500435214667,Toallas Higienicas Always Talle XG Suave x 8 Uni.,21100,Always,higiene-personal,proteccion-femenina,https://static.app.biggie.com.py/images/products/7500435214667.jpg,2026-08-22T21:20:04.000000Z
4005808257621,Desodorante Nivea Roll On Sensitive For Men de 50 ml.,24800,Nivea,higiene-personal,desodorantes,https://static.app.biggie.com.py/images/products/4005808257621.jpg,2026-08-22T21:20:04.000000Z
7790010002714,Toalla Higienica Siempre Libre Normal x 8 Uni.,10850,SIEMPRE LIBRE,higiene-personal,proteccion-femenina,https://static.app.biggie.com.py/images/products/7790010002714.jpg,2026-08-22T21:20:04.000000Z
77980755,Repelente Off de Insectos Con Aloe Vera de 60 gr.,15900,Off,higiene-personal,repelentes,https://static.app.biggie.com.py/images/products/77980755.jpg,2026-08-22T21:20:04.000000Z
7896026838252,Papel Higienico Paloma Perfumado x 4 uni.,8500,Paloma,higiene-personal,papel-higienico,https://static.app.biggie.com.py/images/products/7896026838252.jpg,2026-08-22T21:20:04.000000Z
7500435019484,Shampoo Head & Shoulders Men Control de Caspa 3 en 1 de 180 ml.,26500,H&S,higiene-personal,cuidado-capilar,https://static.app.biggie.com.py/images/products/7500435019484.jpg,2026-08-22T21:20:04.000000Z
7509546688206,Desodorante Speed Stick Carbon Absorb de 91 gr.,31900,Speed Stick,higiene-personal,desodorantes,https://static.app.biggie.com.py/images/products/7509546688206.jpg,2026-08-22T21:20:04.000000Z
7891528038810,Crema Dental Kolynos Tandy Frutilla de 50 gr.,15350,Kolynos,higiene-personal,higiene-bucal,https://static.app.biggie.com.py/images/products/7891528038810.jpg,2026-08-22T21:20:04.000000Z
7891150046481,Jabon Original Dove de 90 gr x 3 Uni.,25900,Dove,higiene-personal,jabon-de-tocador,https://static.app.biggie.com.py/images/products/7891150046481.jpg,2026-08-22T21:20:04.000000Z
7793620001474,Protectores Diarios Mimosa de 20 Unidades.,8350,MIMOSA,higiene-personal,proteccion-femenina,https://static.app.biggie.com.py/images/products/7793620001474.jpg,2026-08-22T21:20:04.000000Z
7896026838245,Papel Higienico Paloma Neutro x 4 Uni.,8500,Paloma,higiene-personal,papel-higienico,https://static.app.biggie.com.py/images/products/7896026838245.jpg,2026-08-22T21:20:04.000000Z
7790010002851,Protectores Diarios Carefree Todos los Dias Tanga x 20 Uni.,16400,Carefree,higiene-personal,proteccion-femenina,https://static.app.biggie.com.py/images/products/7790010002851.jpg,2026-08-22T21:20:04.000000Z
7840049079727,Papel Higienico Higienol Perfumado de 30 mtrs x 8 Uni.,14600,HIGIENOL,higiene-personal,papel-higienico,https://static.app.biggie.com.py/images/products/7840049079727.jpg,2026-08-22T21:20:04.000000Z
7891528038827,Crema Dental Kolynos Tandy Tutti Frutti de 50 gr.,15500,Kolynos,higiene-personal,higiene-bucal,https://static.app.biggie.com.py/images/products/7891528038827.jpg,2026-08-22T21:20:04.000000Z
7702010420320,Jabon Liquido Protex aloe de 221 ml.,19650,Protex,higiene-personal,jabon-liquido,https://static.app.biggie.com.py/images/products/7702010420320.jpg,2026-08-22T21:20:04.000000Z
7509552874952,Shampoo Elvive Pure Hidra Hialuronico de 370 ml.,51900,ELVIVE,higiene-personal,cuidado-capilar,https://static.app.biggie.com.py/images/products/7509552874952.jpg,2026-08-22T21:20:04.000000Z
7509546063669,Desodorante Speed Stick spray staingliard 150 ml.,32300,Speed,higiene-personal,desodorantes,https://static.app.biggie.com.py/images/products/7509546063669.jpg,2026-08-22T21:20:04.000000Z
7702027416880,Toallitas Higienicas Nosotras Natural  Inv Tela x 8 Unidades.,12300,NOSOTRAS,higiene-personal,proteccion-femenina,https://static.app.biggie.com.py/images/products/7702027416880.jpg,2026-08-22T21:20:04.000000Z
7891024033289,Crema Dental Colgate Total 12 Encias Reforzadas de 140 gr.,36700,Colgate,higiene-personal,higiene-bucal,https://static.app.biggie.com.py/images/products/7891024033289.jpg,2026-08-22T21:20:04.000000Z
7500435231244,Shampoo Heads & Shoulders Control Caspa Anti-Comezon de 180 ml.,26500,Heads & Shoulders,higiene-personal,cuidado-capilar,https://static.app.biggie.com.py/images/products/7500435231244.jpg,2026-08-22T21:20:04.000000Z
7509546052588,Desodorante Roll On Speed Stick Multiprotec X5 de 50 ml.,19500,Speed Stick,higiene-personal,desodorantes,https://static.app.biggie.com.py/images/products/7509546052588.jpg,2026-08-22T21:20:04.000000Z
7730963250909,Preservativo Prudence Chicle-Vete a la versh x 5 Uni.,18900,Prudence,higiene-personal,preservativos,https://static.app.biggie.com.py/images/products/7730963250909.jpg,2026-08-22T21:20:04.000000Z
7791274000713,Jabon Liquido Algabo Coco y Vainilla de 300 ml.,15500,Algabo,higiene-personal,jabon-liquido,https://static.app.biggie.com.py/images/products/7791274000713.jpg,2026-08-22T21:20:04.000000Z
070330713406,Maquina de Afeitar Bic Comfort 2H Women 6Bl x 2 Uni.,9600,Bic,higiene-personal,maquina-de-afeitar,https://static.app.biggie.com.py/images/products/070330713406.jpg,2026-08-22T21:20:04.000000Z
7793100151224,Cepillo Colgate Kids Medio Colgante hasta2 Años x uni.,10100,Colgate,higiene-personal,higiene-bucal,https://static.app.biggie.com.py/images/products/7793100151224.jpg,2026-08-22T21:20:04.000000Z
7500435191425,Shampoo Pantene Colageno de 300 ml.,48500,Pantene,higiene-personal,cuidado-capilar,https://static.app.biggie.com.py/images/products/7500435191425.jpg,2026-08-22T21:20:04.000000Z
7591066712011,Maquina de Afeitar Schick Extreme 3 Hojas x 2 Uni.,23000,schick,higiene-personal,maquina-de-afeitar,https://static.app.biggie.com.py/images/products/7591066712011.jpg,2026-08-22T21:20:04.000000Z
7896026838542,Papel Higienico Paloma Camolina x 4 Uni.,8500,Paloma,higiene-personal,papel-higienico,https://static.app.biggie.com.py/images/products/7896026838542.jpg,2026-08-22T21:20:04.000000Z
7506306241176,Desodorante Dove en aerosol  invisible dry de 150 ml.,32700,Dove,higiene-personal,desodorantes,https://static.app.biggie.com.py/images/products/7506306241176.jpg,2026-08-22T21:20:04.000000Z
7501056344221,Shampoo Clear Ice Cool Mentol de 400 ml.,47500,CLEAR,higiene-personal,cuidado-capilar,https://static.app.biggie.com.py/images/products/7501056344221.jpg,2026-08-22T21:20:04.000000Z
7896026839259,Papel Higienico Paloma Perfumado x 8 Uni.,16900,Paloma,higiene-personal,papel-higienico,https://static.app.biggie.com.py/images/products/7896026839259.jpg,2026-08-22T21:20:04.000000Z
7790770601899,Toallitas Higienicas Nosotras Clasicas con Calendula x 16 Uni.,20400,NOSOTRAS,higiene-personal,proteccion-femenina,https://static.app.biggie.com.py/images/products/7790770601899.jpg,2026-08-22T21:20:04.000000Z
7500435127257,Toallas Higienicas Always Suave Talle P con Alas x 16 Uni.,17500,Always,higiene-personal,proteccion-femenina,https://static.app.biggie.com.py/images/products/7500435127257.jpg,2026-08-22T21:20:04.000000Z
7509546063515,Desodorante en Aersol Lady Speed Stick Pro 5 en 1 de 150 ml.,31900,Lady Speed Stick,higiene-personal,desodorantes,https://static.app.biggie.com.py/images/products/7509546063515.jpg,2026-08-22T21:20:04.000000Z
7500435109345,Crema Dental Oral B complete 4en1 de 80 gr.,27950,Oral-B,higiene-personal,higiene-bucal,https://static.app.biggie.com.py/images/products/7500435109345.jpg,2026-08-22T21:20:04.000000Z
7509546692616,Jabon de Tocador Protex avena de 125 gr.,9500,Protex,higiene-personal,jabon-de-tocador,https://static.app.biggie.com.py/images/products/7509546692616.jpg,2026-08-22T21:20:04.000000Z
7790010002820,Protector Diario Carefree Brisa Sin Perfume x 20 Uni.,14850,Carefree,higiene-personal,proteccion-femenina,https://static.app.biggie.com.py/images/products/7790010002820.jpg,2026-08-22T21:20:04.000000Z
7500435109338,Crema Dental Oral-B complete de 80 gr.,10250,Oral-B,higiene-personal,higiene-bucal,https://static.app.biggie.com.py/images/products/7500435109338-32604810.jpg,2026-08-22T21:20:04.000000Z
7702027042942,Toallitas Higienica Nosotras Ultra Invisible Tela con Vitamina E x 8 Unidades.,15950,NOSOTRAS,higiene-personal,proteccion-femenina,https://static.app.biggie.com.py/images/products/7702027042942.jpg,2026-08-22T21:20:04.000000Z
7509546060477,Desodorante Speed roll on power fresh de 50 ml.,19500,Lady Speed Stick,higiene-personal,desodorantes,https://static.app.biggie.com.py/images/products/7509546060477.jpg,2026-08-22T21:20:04.000000Z
7502214739729,Maquina De Afeitar Quattro You Rapsberry Women x2 uni,24000,schick,higiene-personal,maquina-de-afeitar,https://static.app.biggie.com.py/images/products/7502214739729.jpg,2026-08-22T21:20:04.000000Z
3014260019723,Cepillo Dental Oral-B infantil Mickey.,10500,Oral-B,higiene-personal,higiene-bucal,https://static.app.biggie.com.py/images/products/3014260019723-32636133.jpg,2026-08-22T21:20:04.000000Z
7840118219627,Jabon de Tocador Cavallaro Coco Marina de 100 gr.,6100,Cavallaro,higiene-personal,jabon-de-tocador,https://static.app.biggie.com.py/images/products/7840118219627.jpg,2026-08-22T21:20:04.000000Z
7891010255251,Enjuague bucal Listerine anti-sarro de 500 ml.,62900,Listerine,higiene-personal,higiene-bucal,https://static.app.biggie.com.py/images/products/7891010255251.jpg,2026-08-22T21:20:04.000000Z
7896026839549,Papel Higienico Paloma Camomila x 8 Uni.,16900,Paloma,higiene-personal,papel-higienico,https://static.app.biggie.com.py/images/products/7896026839549.jpg,2026-08-22T21:20:04.000000Z
7896026839242,Papel Higienico Paloma Neutro x 8 Uni.,16900,Paloma,higiene-personal,papel-higienico,https://static.app.biggie.com.py/images/products/7896026839242.jpg,2026-08-22T21:20:04.000000Z
7506339315479,Maquina de Afeitar Gillette Venus Breeze x Uni.,50400,GILLETTE,higiene-personal,maquina-de-afeitar,https://static.app.biggie.com.py/images/products/7506339315479.jpg,2026-08-22T21:20:04.000000Z
7501006710403,Crema Dental Oral-B Complete menta refrescante de 90 gr.,14500,Oral-B,higiene-personal,higiene-bucal,https://static.app.biggie.com.py/images/products/7501006710403-32593373.jpg,2026-08-22T21:20:04.000000Z
7896089401707,Papel Higienico Bob Normal x 4 Uni.,6650,BOB,higiene-personal,papel-higienico,https://static.app.biggie.com.py/images/products/7896089401707.jpg,2026-08-22T21:20:04.000000Z
7790010002721,Toallas Higiénicas Siempre Libre Normal Suave con Alas 16 Uni.,19650,SIEMPRE LIBRE,higiene-personal,proteccion-femenina,https://static.app.biggie.com.py/images/products/7790010002721.jpg,2026-08-22T21:20:04.000000Z
7891024035313,Jabon de Tocador Protex Men Sport de 85 gr.,7100,Protex,higiene-personal,jabon-de-tocador,https://static.app.biggie.com.py/images/products/7891024035313.jpg,2026-08-22T21:20:04.000000Z
7840001004019,Repelente en Aerosol Aut de 165 ml.,29450,Aut,higiene-personal,repelentes,https://static.app.biggie.com.py/images/products/7840001004019.jpg,2026-08-22T21:20:04.000000Z
7790990000830,Jabon de Tocador Plusbelle Intensa de 125 gr.,6500,Plusbelle,higiene-personal,jabon-de-tocador,https://static.app.biggie.com.py/images/products/7790990000830.jpg,2026-08-22T21:20:04.000000Z
7840118218439,Jabon de Tocador Cavallaro Coco Clasico de 100 gr.,6100,Cavallaro,higiene-personal,jabon-de-tocador,https://static.app.biggie.com.py/images/products/7840118218439.jpg,2026-08-22T21:20:04.000000Z
7790520998934,Repelente en Crema Off de 200 gr.,29900,Off,higiene-personal,repelentes,https://static.app.biggie.com.py/images/products/7790520998934.jpg,2026-08-22T21:20:04.000000Z
7891010255268,Enjuague bucal Listerine anti sarro de 250 ml.,37000,Listerine,higiene-personal,higiene-bucal,https://static.app.biggie.com.py/images/products/7891010255268.jpg,2026-08-22T21:20:04.000000Z
7840118219702,Jabon de Tocador Cavallaro Citrus Glicerina de 125 gr.,6600,Cavallaro,higiene-personal,jabon-de-tocador,https://static.app.biggie.com.py/images/products/7840118219702.jpg,2026-08-22T21:20:04.000000Z
7791293046990,Shampoo Dove Oleo Nutricion de 200 ml.,25500,Dove,higiene-personal,cuidado-capilar,https://static.app.biggie.com.py/images/products/7791293046990.jpg,2026-08-22T21:20:04.000000Z
7509552845884,Shampoo Elvive Hidra Hialuronico de 370 ml.,51900,ELVIVE,higiene-personal,cuidado-capilar,https://static.app.biggie.com.py/images/products/7509552845884.jpg,2026-08-22T21:20:04.000000Z
7791293050829,Jabon de Tocador Lux Orquidea Negra de 125 gr.,18000,LUX,higiene-personal,jabon-de-tocador,https://static.app.biggie.com.py/images/products/7791293050829.jpg,2026-08-22T21:20:04.000000Z
7840118218446,Jabon de Tocador Cavallaro Coco Floral de 100 gr.,6100,Cavallaro,higiene-personal,jabon-de-tocador,https://static.app.biggie.com.py/images/products/7840118218446.jpg,2026-08-22T21:20:04.000000Z
7794626014963,Protectores Diarios Kotex Classic x 60 Uni.,27700,KOTEX,higiene-personal,proteccion-femenina,https://static.app.biggie.com.py/images/products/7794626014963.jpg,2026-08-22T21:20:04.000000Z
7891010255374,Enjuague bucal Listerine cuidado total de 250 ml.,37000,Listerine,higiene-personal,higiene-bucal,https://static.app.biggie.com.py/images/products/7891010255374.jpg,2026-08-22T21:20:04.000000Z
7791828000046,Papel Higienico Felpita Blanco 30m x 4 Uni.,10900,Felpita,higiene-personal,papel-higienico,https://static.app.biggie.com.py/images/products/7791828000046.jpg,2026-08-22T21:20:04.000000Z
7500435142564,Shampoo Heads & Shoulders Hidratacion Aceite de Coco de 180 ml.,26500,Heads & Shoulders,higiene-personal,cuidado-capilar,https://static.app.biggie.com.py/images/products/7500435142564.jpg,2026-08-22T21:20:04.000000Z
7840118218422,Jabon de Tocador Cavallaro Coco y Almendra de 100 gr.,6100,Cavallaro,higiene-personal,jabon-de-tocador,https://static.app.biggie.com.py/images/products/7840118218422-32622796.jpg,2026-08-22T21:20:04.000000Z
7840154103720,Repelente Base Base en Aerosol de 165 ml.,26100,Base Base,higiene-personal,repelentes,https://static.app.biggie.com.py/images/products/7840154103720.jpg,2026-08-22T21:20:04.000000Z
7840465000183,Preservativo Pantera Clasico x 3 Uni.,9350,Pantera,higiene-personal,preservativos,https://static.app.biggie.com.py/images/products/7840465000183.jpg,2026-08-22T21:20:04.000000Z
7794626014956,Protectores Diarios Kotex Classic x 20 Uni.,10100,KOTEX,higiene-personal,proteccion-femenina,https://static.app.biggie.com.py/images/products/7794626014956.jpg,2026-08-22T21:20:04.000000Z
0709081096543,Papel Higienico Lirio 8 x 30 mts x Uni.,11600,LIRIO,higiene-personal,papel-higienico,,2026-08-22T21:20:04.000000Z
7790010002790,Protector Diario Carefree Largos Sin perfume x 20 Uni.,16400,Carefree,higiene-personal,proteccion-femenina,https://static.app.biggie.com.py/images/products/7790010002790.jpg,2026-08-22T21:20:04.000000Z
7509546692609,Jabon de Tocador Protex aloe vera de 125 gr.,9500,Protex,higiene-personal,jabon-de-tocador,https://static.app.biggie.com.py/images/products/7509546692609.jpg,2026-08-22T21:20:04.000000Z
7841745000299,Papel Higienico Snap de 30 mts x Uni.,5900,Snap,higiene-personal,papel-higienico,https://static.app.biggie.com.py/images/products/7841745000299.jpg,2026-08-22T21:20:04.000000Z
070942306805,Hilo Dental Gum Flossers Original Menta x 20 Uni.,17000,Gum Flosser,higiene-personal,higiene-bucal,https://static.app.biggie.com.py/images/products/070942306805.jpg,2026-08-22T21:20:04.000000Z
7509552847499,Shampoo Elvive Loreal Color Vive de 370 ml.,51900,ELVIVE,higiene-personal,cuidado-capilar,https://static.app.biggie.com.py/images/products/7509552847499.jpg,2026-08-22T21:20:04.000000Z
7509552889543,Shampoo Elvive Loreal Caida Resist de 370 ml.,51900,ELVIVE,higiene-personal,cuidado-capilar,https://static.app.biggie.com.py/images/products/7509552889543.jpg,2026-08-22T21:20:04.000000Z
7509552931143,Shampoo Elvive Glycolic Gloss 370ml,63400,ELVIVE,higiene-personal,cuidado-capilar,https://static.app.biggie.com.py/images/products/7509552931143.jpg,2026-08-22T21:20:04.000000Z
7891150099432,Mascarilla Capilar Sedal Liso Perfecto de 300 gr.,16000,Sedal,higiene-personal,cuidado-capilar,https://static.app.biggie.com.py/images/products/7891150099432.jpg,2026-08-22T21:20:04.000000Z
7840413000258,Corta Uñas Super Util Grande x Uni.,9150,Súper Útil,higiene-personal,manicura-pedicuro,https://static.app.biggie.com.py/images/products/7840413000258-32638128.jpg,2026-08-22T21:20:04.000000Z
0709081096536,Papel Higienico Lirio 4 x 30 mts x Uni.,5850,LIRIO,higiene-personal,papel-higienico,https://static.app.biggie.com.py/images/products/0709081096536.jpg,2026-08-22T21:20:04.000000Z
7790990004111,Jabon de Tocador Plusbelle Jazmin de 120 gr.,6500,Plusbelle,higiene-personal,jabon-de-tocador,https://static.app.biggie.com.py/images/products/7790990004111.jpg,2026-08-22T21:20:04.000000Z
7791293050072,Shampoo Tresemme Liso Efecto Botox de 250 ml.,25500,TRESEMME,higiene-personal,cuidado-capilar,https://static.app.biggie.com.py/images/products/7791293050072.jpg,2026-08-22T21:20:04.000000Z
7896026801331,Toalla de Cocina Maxim Decor 200 hojas x 1 Rollo.,17650,Maxim,higiene-personal,papel-higienico,https://static.app.biggie.com.py/images/products/7896026801331.jpg,2026-08-22T21:20:04.000000Z
7840001008741,Repelente de Mosquito Matiris Citronella Stick Palillos x 4 Uni.,14950,Matiris,higiene-personal,repelentes,https://static.app.biggie.com.py/images/products/7840001008741.jpg,2026-08-22T21:20:04.000000Z
7840154102273,Repelente en Liquido Base Base de 150 ml.,22300,Base Base,higiene-personal,repelentes,https://static.app.biggie.com.py/images/products/7840154102273-32637518.jpg,2026-08-22T21:20:04.000000Z
7509552928617,Acondicionador Elvive Glycolic Gloss 370ml,63400,ELVIVE,higiene-personal,cuidado-capilar,https://static.app.biggie.com.py/images/products/7509552928617.jpg,2026-08-22T21:20:04.000000Z
7790990004098,Jabon de Tocador Plusbelle Flores Rosas de 120 gr.,6500,Plusbelle,higiene-personal,jabon-de-tocador,https://static.app.biggie.com.py/images/products/7790990004098.jpg,2026-08-22T21:20:04.000000Z
7509546692593,Jabon Protex Carbon Detox Contra Bacterias Tamaño Familiar de 125 gr.,9500,Protex,higiene-personal,jabon-de-tocador,https://static.app.biggie.com.py/images/products/7509546692593.jpg,2026-08-22T21:20:04.000000Z
7591066711014,Maquina Afeitar Schick Xtreme 3 Hawaiian Tropic.,14000,schick,higiene-personal,maquina-de-afeitar,https://static.app.biggie.com.py/images/products/7591066711014.jpg,2026-08-22T21:20:04.000000Z
7840001151812,Alcohol Desifectante en Spray Bis de 110 ml,10450,BIS,higiene-personal,farmacia,https://static.app.biggie.com.py/images/products/7840001151812-31727654.jpg,2026-08-22T21:20:04.000000Z
7509552875010,Acondicionador Elvive Pure Hidra Hialuronico de 370 ml.,51900,ELVIVE,higiene-personal,cuidado-capilar,https://static.app.biggie.com.py/images/products/7509552875010.jpg,2026-08-22T21:20:04.000000Z
7500435127363,Crema Dental Oral B Kids Mickey de 50 gr.,15500,Oral-B,higiene-personal,higiene-bucal,https://static.app.biggie.com.py/images/products/7500435127363.jpg,2026-08-22T21:20:04.000000Z
7791293050867,Jabon de Tocador Lux Magical Spell de 125 gr.,6500,LUX,higiene-personal,jabon-de-tocador,https://static.app.biggie.com.py/images/products/7791293050867.jpg,2026-08-22T21:20:04.000000Z
7790990004074,Jabon de Tocador Plusbelle Coco & Vainilla Cremoso 125 gr.,6500,Plusbelle,higiene-personal,jabon-de-tocador,https://static.app.biggie.com.py/images/products/7790990004074.jpg,2026-08-22T21:20:04.000000Z
7896110011141,Pañuelos Desechables Kiss display de 10 unidades.,2950,Kiss,higiene-personal,panuelos-desechables,https://static.app.biggie.com.py/images/products/7896110011141.jpg,2026-08-22T21:20:04.000000Z
827854010746,Desodorante Speed Stick Antitranspirante Barra Carbon Absorb de 50 gr.,26500,Speed Stick,higiene-personal,desodorantes,https://static.app.biggie.com.py/images/products/827854010746.jpg,2026-08-22T21:20:04.000000Z
7840118219788,Jabon de Tocador C2 Humectante Leche de Almendras de 125 gr.,7200,Cavallaro,higiene-personal,jabon-de-tocador,https://static.app.biggie.com.py/images/products/7840118219788.jpg,2026-08-22T21:20:04.000000Z
7790010002875,Toalla Femenina Carefree x 20 Unidades.,14850,Carefree,higiene-personal,proteccion-femenina,https://static.app.biggie.com.py/images/products/7790010002875.jpg,2026-08-22T21:20:04.000000Z
7702018880409,Maquina de Afeitar Gillette Prestobarba3 x Uni.,12050,GILLETTE,higiene-personal,maquina-de-afeitar,https://static.app.biggie.com.py/images/products/7702018880409.jpg,2026-08-22T21:20:04.000000Z
7840118219795,Jabon de Tocador C2 Humectante Vainilla y Frutos Rojos de 125 gr.,7200,Cavallaro,higiene-personal,jabon-de-tocador,https://static.app.biggie.com.py/images/products/7840118219795-33559318.jpg,2026-08-22T21:20:04.000000Z
7791293049915,Shampoo Tresemme Keratina Antifrizz de 250 ml.,25500,TRESEMME,higiene-personal,cuidado-capilar,https://static.app.biggie.com.py/images/products/7791293049915.jpg,2026-08-22T21:20:04.000000Z
7509546688596,Desodorante Barra Lady Speed Stick Carbon Absorb de 45 gr.,26800,Lady Speed Stick,higiene-personal,desodorantes,https://static.app.biggie.com.py/images/products/7509546688596.jpg,2026-08-22T21:20:04.000000Z
7794626011405,Protectores Diarios Kotex Largos para Inicio y Fin de Periodo x 20 Uni.,19600,KOTEX,higiene-personal,proteccion-femenina,https://static.app.biggie.com.py/images/products/7794626011405.jpg,2026-08-22T21:20:04.000000Z
7791293050836,Jabon de Tocador Lux Rosas Francesas de 125 gr.,18000,LUX,higiene-personal,jabon-de-tocador,https://static.app.biggie.com.py/images/products/7791293050836.jpg,2026-08-22T21:20:04.000000Z
7509546697550,Jabon en Barra Palmolive Naturals Exfoliación Delicada de 125 gr.,6500,PALMOLIVE,higiene-personal,jabon-de-tocador,https://static.app.biggie.com.py/images/products/7509546697550.jpg,2026-08-22T21:20:04.000000Z
7791293045986,Acondicionador Sedal Ceramidas de 650 ml.,38000,Sedal,higiene-personal,cuidado-capilar,https://static.app.biggie.com.py/images/products/7791293045986.jpg,2026-08-22T21:20:04.000000Z
7509546067940,Desodorante en Barra Lady Speed Stick Derma Omega 3  de 45 gr.,26500,Lady Speed Stick,higiene-personal,desodorantes,https://static.app.biggie.com.py/images/products/7509546067940.jpg,2026-08-22T21:20:04.000000Z
7840118219801,Jabon de Tocador C2 Humectante Naranja y Jazmin 125 gr.,7200,Cavallaro,higiene-personal,jabon-de-tocador,https://static.app.biggie.com.py/images/products/7840118219801-33559349.jpg,2026-08-22T21:20:04.000000Z
7891182020312,Esmalte Risque Mil Pulpurinas Glitter de 8 ml.,15750,Risque,higiene-personal,manicura-pedicuro,https://static.app.biggie.com.py/images/products/7891182020312.jpg,2026-08-22T21:20:04.000000Z
7791293050805,Jabon de Tocador Lux Jazmin de 125 gr.,18000,LUX,higiene-personal,jabon-de-tocador,https://static.app.biggie.com.py/images/products/7791293050805.jpg,2026-08-22T21:20:04.000000Z
7791293050874,Jabon de Tocador Lux suavidad de Petalos de 125 gr.,6500,LUX,higiene-personal,jabon-de-tocador,https://static.app.biggie.com.py/images/products/7791293050874.jpg,2026-08-22T21:20:04.000000Z
7501035908925,Desodorante en Barra Lady Speed Stick Invisible floral de 45 gr.,26800,Lady Speed Stick,higiene-personal,desodorantes,https://static.app.biggie.com.py/images/products/7501035908925-32617934.jpg,2026-08-22T21:20:04.000000Z
7730963250275,Preservativo Prudence Frutilla x 3 Uni.,10500,Prudence,higiene-personal,preservativos,https://static.app.biggie.com.py/images/products/7730963250275.jpg,2026-08-22T21:20:04.000000Z
7840494000970,Algodón Hidrofilo Ondas Blancas Zig Zag Clasico 65 grs,6800,HIDROFILA,higiene-personal,maquina-de-afeitar,https://static.app.biggie.com.py/images/products/7840494000970.jpg,2026-08-22T21:20:04.000000Z
7899674017062,Desodorante Above Fem Candy en Aerosol de 150 ml.,18150,Above,higiene-personal,desodorantes,https://static.app.biggie.com.py/images/products/7899674017062.jpg,2026-08-22T21:20:04.000000Z
070942004183,Hilo Dental Gum Flosser Dual Tech 2en1 x 20 Uni.,25000,Gum Flosser,higiene-personal,higiene-bucal,https://static.app.biggie.com.py/images/products/070942004183.jpg,2026-08-22T21:20:04.000000Z
7500435214650,Toallas Higienicas Always Talle XG Suave x 26 Uni.,52700,Always,higiene-personal,proteccion-femenina,https://static.app.biggie.com.py/images/products/7500435214650.jpg,2026-08-22T21:20:04.000000Z
7840118219078,Jabon de Tocador C2 Romance (Rosado) de 120 gr.,6000,Cavallaro,higiene-personal,jabon-de-tocador,https://static.app.biggie.com.py/images/products/7840118219078.jpg,2026-08-22T21:20:04.000000Z
7899674022004,Desodorante Above Fem Sport Energy de 150 ml.,18150,Above,higiene-personal,desodorantes,https://static.app.biggie.com.py/images/products/7899674022004.jpg,2026-08-22T21:20:04.000000Z
7509546697567,Jabón en Barra Palmolive Blackberry y Raspberry de 125 gr.,6500,PALMOLIVE,higiene-personal,jabon-de-tocador,https://static.app.biggie.com.py/images/products/7509546697567.jpg,2026-08-22T21:20:04.000000Z
070942003193,Cepillo Dental Gum Daily Clean Technique Suave x 2 Uni.,34000,Gum Flosser,higiene-personal,higiene-bucal,https://static.app.biggie.com.py/images/products/070942003193.jpg,2026-08-22T21:20:04.000000Z
7840118219085,Jabon de Tocador C2 Clasica (Blanco) de 120 gr.,6000,Cavallaro,higiene-personal,jabon-de-tocador,https://static.app.biggie.com.py/images/products/7840118219085-32625758.jpg,2026-08-22T21:20:04.000000Z
7840118219092,Jabon de Tocador C2 fresh brisa fresca 120 gr.,6000,Cavallaro,higiene-personal,jabon-de-tocador,https://static.app.biggie.com.py/images/products/7840118219092.jpg,2026-08-22T21:20:04.000000Z
7509552847987,Shampoo Elvive Loreal Reparacion Total Cinco de 370 ml.,51900,ELVIVE,higiene-personal,cuidado-capilar,https://static.app.biggie.com.py/images/products/7509552847987.jpg,2026-08-22T21:20:04.000000Z
7509552845914,Acondicionador Elvive Hidra Hialuronico de 370 ml.,51900,ELVIVE,higiene-personal,cuidado-capilar,https://static.app.biggie.com.py/images/products/7509552845914.jpg,2026-08-22T21:20:04.000000Z
7840465000206,Preservativo Pantera Tutti Frutti x 3 Uni.,9750,Pantera,higiene-personal,preservativos,https://static.app.biggie.com.py/images/products/7840465000206.jpg,2026-08-22T21:20:04.000000Z
7840465000329,Lubricante Pantera Frutilla Hot Sachets de 5 ml x 5 Uni.,18000,Pantera,higiene-personal,preservativos,https://static.app.biggie.com.py/images/products/7840465000329.jpg,2026-08-22T21:20:04.000000Z
7509552889574,Acondicionador Elvive Loreal Caida Resist de 370 ml.,51900,ELVIVE,higiene-personal,cuidado-capilar,https://static.app.biggie.com.py/images/products/7509552889574.jpg,2026-08-22T21:20:04.000000Z
7840494000987,Algodon Hidrodofila Zig Zag Clasico de 90 gr.,9100,A ARMY UNL,higiene-personal,farmacia,https://static.app.biggie.com.py/images/products/7840494000987.jpg,2026-08-22T21:20:04.000000Z
7509552848076,Acondicionador Elvive Loreal Color Vive de 370 ml.,51900,ELVIVE,higiene-personal,cuidado-capilar,https://static.app.biggie.com.py/images/products/7509552848076.jpg,2026-08-22T21:20:04.000000Z
7730963250336,Preservativo Prudence Neon x 3 Uni.,10500,Prudence,higiene-personal,preservativos,https://static.app.biggie.com.py/images/products/7730963250336.jpg,2026-08-22T21:20:04.000000Z
4005900071279,Espuma de afeitar Nivea for men de 194 gr.,75200,Nivea,higiene-personal,cuidado-masculino,https://static.app.biggie.com.py/images/products/4005900071279.jpg,2026-08-22T21:20:04.000000Z
7730963251050,Preservativo Prudence Efecto Retardante x 3 Uni.,10500,Prudence,higiene-personal,preservativos,https://static.app.biggie.com.py/images/products/7730963251050.jpg,2026-08-22T21:20:04.000000Z
7790773007063,Hisopos Q.Soft c/ Antigermen x 75 unidades.,7500,Q-SOFT,higiene-personal,farmacia,https://static.app.biggie.com.py/images/products/7790773007063.jpg,2026-08-22T21:20:04.000000Z
7840001000622,Repelente Aut Organico.,32500,Aut,higiene-personal,repelentes,https://static.app.biggie.com.py/images/products/7840001000622-32600192.jpg,2026-08-22T21:20:04.000000Z
7896104993897,Toallas Femeninas Mili Nocturna x 8 Uni.,11700,Kenvue,higiene-personal,proteccion-femenina,https://static.app.biggie.com.py/images/products/7896104993897.jpg,2026-08-22T21:20:04.000000Z
7840494000086,Algodon Hidrofila En Rollo De 50gr,5750,HIDROFILA,higiene-personal,farmacia,https://static.app.biggie.com.py/images/products/7840494000086.jpg,2026-08-22T21:20:04.000000Z
7730963250343,Preservativo Prudence Extra Grande Ultra Sensible x 3 Uni.,10500,Prudence,higiene-personal,preservativos,https://static.app.biggie.com.py/images/products/7730963250343.jpg,2026-08-22T21:20:04.000000Z
7840494000147,Algodon Hidrofila Copos de 50 gr.,7300,HIDROFILA,higiene-personal,farmacia,https://static.app.biggie.com.py/images/products/7840494000147.jpg,2026-08-22T21:20:04.000000Z
7891182032889,Esmalte Risque Pop Rose Natural de 8 ml.,12000,Risque,higiene-personal,manicura-pedicuro,https://static.app.biggie.com.py/images/products/7891182032889.jpg,2026-08-22T21:20:04.000000Z
7840465000169,Preservativo Pantera Chocolate x 3 Uni.,9000,Pantera,higiene-personal,preservativos,https://static.app.biggie.com.py/images/products/7840465000169.jpg,2026-08-22T21:20:04.000000Z
7896110000831,Pañuelos Desechables Kiss de 100 Unidades.,15150,Kiss,higiene-personal,panuelos-desechables,https://static.app.biggie.com.py/images/products/7896110000831-32622126.jpg,2026-08-22T21:20:04.000000Z
7840003005274,Desodorante Pedico en Polvo Sack de 80 gr,13800,Sack,higiene-personal,cuidado-de-la-piel,https://static.app.biggie.com.py/images/products/7840003005274.jpg,2026-08-22T21:20:04.000000Z
7840465000145,Preservativo Pantera Frutilla x 3 Uni.,9350,Pantera,higiene-personal,preservativos,https://static.app.biggie.com.py/images/products/7840465000145.jpg,2026-08-22T21:20:04.000000Z
7840465000107,Preservativo Pantera Retardante x 3 Uni.,9350,Pantera,higiene-personal,preservativos,https://static.app.biggie.com.py/images/products/7840465000107.jpg,2026-08-22T21:20:04.000000Z
7840118221781,Jabon de Tocador io Pasion de 80 gr.,2300,IOP,higiene-personal,jabon-de-tocador,,2026-08-22T21:20:04.000000Z
7506339326055,Toallas Higienicas Always Talle G Suave x 32 Uni.,52700,Always,higiene-personal,proteccion-femenina,https://static.app.biggie.com.py/images/products/7506339326055.jpg,2026-08-22T21:20:04.000000Z
7840118221798,Jabon de Tocador io Refrescante de 80 gr.,2300,IOP,higiene-personal,jabon-de-tocador,,2026-08-22T21:20:04.000000Z
7840465000299,Lubricante Pantera Clasico con L-Arginina de 50 ml.,36050,Pantera,higiene-personal,preservativos,https://static.app.biggie.com.py/images/products/7840465000299.jpg,2026-08-22T21:20:04.000000Z
7896104993927,Toallas Femeninas Mili Absorvente Dia y Noche Suave con Alas x 8 Uni.,8150,Kenvue,higiene-personal,proteccion-femenina,https://static.app.biggie.com.py/images/products/7896104993927.jpg,2026-08-22T21:20:04.000000Z
7730963251029,Preservativo Prudence ultra Sensible x 3 Uni.,10500,Prudence,higiene-personal,preservativos,https://static.app.biggie.com.py/images/products/7730963251029.jpg,2026-08-22T21:20:04.000000Z
618231409457,Papel Higienico Bio Doble Hoja Neutro x 4 Uni.,15000,BIO,higiene-personal,papel-higienico,,2026-08-22T21:20:04.000000Z
7891182033541,Esmalte Risque Preto Sepia Cremoso de 8 ml.,12000,Risque,higiene-personal,manicura-pedicuro,https://static.app.biggie.com.py/images/products/7891182033541.jpg,2026-08-22T21:20:04.000000Z
7896104993941,Toallas Higienica Mili Cobertura Suave x 8 Uni.,6500,MILI,higiene-personal,proteccion-femenina,https://static.app.biggie.com.py/images/products/7896104993941.jpg,2026-08-22T21:20:04.000000Z
7840118221804,Jabon de Tocador io Vibrante de 80 gr.,2300,IOP,higiene-personal,jabon-de-tocador,,2026-08-22T21:20:04.000000Z
7840465000305,Lubricante Pantera Clasico con L-Arginina Sachets de 3 Uni.,18000,Pantera,higiene-personal,preservativos,https://static.app.biggie.com.py/images/products/7840465000305.jpg,2026-08-22T21:20:04.000000Z
7840118221774,Jabon de Tocador io Delicado de 80 gr.,2300,IOP,higiene-personal,jabon-de-tocador,,2026-08-22T21:20:04.000000Z
7840001000707,Repelente Aut para niños crema 80 gr.,22950,Iris,higiene-personal,repelentes,https://static.app.biggie.com.py/images/products/7840001000707.jpg,2026-08-22T21:20:04.000000Z
7896104996492,Protector Diario Mili Cobertura Suave x 15 Uni.,8100,MILI,higiene-personal,proteccion-femenina,https://static.app.biggie.com.py/images/products/7896104996492.jpg,2026-08-22T21:20:04.000000Z
7702018874781,Maquina de Afeitar Gillette Desechable Prestobarba 3 Mujer x 2 Uni.,26350,GILLETTE,higiene-personal,maquina-de-afeitar,https://static.app.biggie.com.py/images/products/7702018874781.jpg,2026-08-22T21:20:04.000000Z
7840413030156,Lima para uñas Super Util ancha 4 unidades.,6350,Súper Útil,higiene-personal,manicura-pedicuro,https://static.app.biggie.com.py/images/products/7840413030156.jpg,2026-08-22T21:20:04.000000Z
7840465000220,Preservativo Pantera Banana x 3 Uni.,9000,Pantera,higiene-personal,preservativos,https://static.app.biggie.com.py/images/products/7840465000220.jpg,2026-08-22T21:20:04.000000Z
7840413030170,Lima mini para uñas de mano x10.,3950,Súper Útil,higiene-personal,manicura-pedicuro,https://static.app.biggie.com.py/images/products/7840413030170.jpg,2026-08-22T21:20:04.000000Z
7730963250268,Gel Prudence Lubricante Chicle de 100 gr.,59450,Prudence,higiene-personal,preservativos,https://static.app.biggie.com.py/images/products/7730963250268.jpg,2026-08-22T21:20:04.000000Z
7509552847994,Acondicionador Elvive Loreal Reparacion Total Cinco de 370 ml.,51900,ELVIVE,higiene-personal,cuidado-capilar,https://static.app.biggie.com.py/images/products/7509552847994.jpg,2026-08-22T21:20:04.000000Z
75082734,Desodorante Dove deo stick crema original de 50 gr,30500,Dove,higiene-personal,desodorantes,https://static.app.biggie.com.py/images/products/75082734.jpg,2026-08-22T21:20:04.000000Z
7509546061689,Cepillo Dental Colgate Slim Soft Black x 2 Uni.,47200,Colgate,higiene-personal,higiene-bucal,https://static.app.biggie.com.py/images/products/7509546061689.jpg,2026-08-22T21:20:04.000000Z
7730963250251,Gel Prudence Lubricante Menta de 100 gr.,44500,Prudence,higiene-personal,preservativos,https://static.app.biggie.com.py/images/products/7730963250251.jpg,2026-08-22T21:20:04.000000Z
309975122039,Desodorante Revlon Hi&Dri Power Fresh Roll On Anti Perspirant & Deodorant de 50 ml.,21950,Revlon,higiene-personal,desodorantes,https://static.app.biggie.com.py/images/products/309975122039.jpg,2026-08-22T21:20:04.000000Z
7790010002752,Toallas Femeninas Siempre Libre Adapt Plus Ultrafina Suave x 8 Uni.,14450,Kenvue,higiene-personal,proteccion-femenina,https://static.app.biggie.com.py/images/products/7790010002752.jpg,2026-08-22T21:20:04.000000Z
7730963250237,Gel Prudence Lubricante Neutro de 100 gr.,59450,Prudence,higiene-personal,preservativos,https://static.app.biggie.com.py/images/products/7730963250237.jpg,2026-08-22T21:20:04.000000Z
7891010254766,Tampones Ob Siempre Libre Original Mini x 8 Uni.,18550,Kenvue,higiene-personal,proteccion-femenina,https://static.app.biggie.com.py/images/products/7891010254766.jpg,2026-08-22T21:20:04.000000Z
7896110011158,Pañuelo Facial Kiss de 50 Unidades.,7850,Kiss,higiene-personal,panuelos-desechables,https://static.app.biggie.com.py/images/products/7896110011158.jpg,2026-08-22T21:20:04.000000Z
7791274005114,Crema Hidratante Algabo Para Manos y Uñas de 90 gr.,15000,Algabo,higiene-personal,cuidado-de-la-piel,https://static.app.biggie.com.py/images/products/7791274005114.jpg,2026-08-22T21:20:04.000000Z
7790010002776,Toallas Femeninas Siempre Libre Tanga Suave  x 8 Uni.,14100,Kenvue,higiene-personal,proteccion-femenina,https://static.app.biggie.com.py/images/products/7790010002776.jpg,2026-08-22T21:20:04.000000Z
75076825,Desodorante Rexona Deo CR Clean de 58 gr.,39400,Rexona,higiene-personal,desodorantes,https://static.app.biggie.com.py/images/products/75076825.jpg,2026-08-22T21:20:04.000000Z
7790010002813,Potectores Diaros Carefree Todos los dias Compact x 20 Uni.,11900,Kenvue,higiene-personal,proteccion-femenina,https://static.app.biggie.com.py/images/products/7790010002813.jpg,2026-08-22T21:20:04.000000Z
7500435019521,Shampoo control caspa men head & shoulders De 180 mL,26500,Heads & Shoulders,higiene-personal,cuidado-capilar,https://static.app.biggie.com.py/images/products/7500435019521.jpg,2026-08-22T21:20:04.000000Z
7791905004172,Desodorante Polyana Deo Spray Woman Classic de 150 ml.,22650,Polyana,higiene-personal,desodorantes,https://static.app.biggie.com.py/images/products/7791905004172.jpg,2026-08-22T21:20:04.000000Z
7794626011498,Protector Femme Esencial Normal Plenitud De 20 unidades,26400,PLENITUD,higiene-personal,proteccion-femenina,https://static.app.biggie.com.py/images/products/7794626011498.jpg,2026-08-22T21:20:04.000000Z
8400000225892,Corta Uñas Yigian,18000,Sin Marca,higiene-personal,manicura-pedicuro,https://static.app.biggie.com.py/images/products/8400000225892.jpg,2026-08-22T21:20:04.000000Z
7791905004202,Desodorante Polyana Deo Spray Men Sport de 150 ml.,22650,Polyana,higiene-personal,desodorantes,https://static.app.biggie.com.py/images/products/7791905004202.jpg,2026-08-22T21:20:04.000000Z
7794626010880,Protector Normal Plus Femme Largo con Alas Antibacterial Plenitud De 16 unidades,48100,PLENITUD,higiene-personal,proteccion-femenina,https://static.app.biggie.com.py/images/products/7794626010880.jpg,2026-08-22T21:20:04.000000Z
7509552845891,Shampoo Hidra Hialurónico Elvive 680 ml,74350,ELVIVE,higiene-personal,cuidado-capilar,https://static.app.biggie.com.py/images/products/7509552845891.jpg,2026-08-22T21:20:04.000000Z
7791905022756,Desodorante Polyana Deo Rollon Woman Classic de 50 ml.,18400,Polyana,higiene-personal,desodorantes,https://static.app.biggie.com.py/images/products/7791905022756.jpg,2026-08-22T21:20:04.000000Z
7501001169091,Shampoo Pantene Rizos Definidos Pro V de 200 ml.,25800,Pantene,higiene-personal,cuidado-capilar,https://static.app.biggie.com.py/images/products/7501001169091.jpg,2026-08-22T21:20:04.000000Z
7509552847949,Mascarilla Hidratante Tratamiento Hidra Hialurónico Elvive De 300 mL,61450,ELVIVE,higiene-personal,cuidado-capilar,https://static.app.biggie.com.py/images/products/7509552847949.jpg,2026-08-22T21:20:04.000000Z
7509552828078,Mascarilla Garnier de Fuerza Hair Food Banana Fructis 350ml,67900,GARNIER,higiene-personal,cuidado-capilar,https://static.app.biggie.com.py/images/products/7509552828078.jpg,2026-08-22T21:20:04.000000Z
7896061951619,Pañuelos Softys Elite x 50 Uni.,11350,SOFTYS,higiene-personal,panuelos-desechables,https://static.app.biggie.com.py/images/products/7896061951619.jpg,2026-08-22T21:20:04.000000Z
7501006721133,Shampoo Restauración Pantene Pro V  Contiene 400 ml,48500,Pantene,higiene-personal,cuidado-capilar,https://static.app.biggie.com.py/images/products/7501006721133.jpg,2026-08-22T21:20:04.000000Z
7509552828962,Mascarilla Garnier de Nutrición Hair Food Aguacate Fructis 350 ml,67900,GARNIER,higiene-personal,cuidado-capilar,https://static.app.biggie.com.py/images/products/7509552828962.jpg,2026-08-22T21:20:04.000000Z
7791905022787,Desodorante Polyana Deo Rollon Men Sport de 50 ml.,18400,Polyana,higiene-personal,desodorantes,https://static.app.biggie.com.py/images/products/7791905022787.jpg,2026-08-22T21:20:04.000000Z
8400000233736,Piedra Pomez A&M,9000,Sin Marca,higiene-personal,manicura-pedicuro,,2026-08-22T21:20:04.000000Z
7509552841794,Mascarilla Garnier Fructis Hair Food Aloe Vera 35ml0,67900,GARNIER,higiene-personal,cuidado-capilar,https://static.app.biggie.com.py/images/products/7509552841794.jpg,2026-08-22T21:20:04.000000Z
7509552792287,Shampoo Fructis Hair Food Manteca de Cacao Rizos 300mL,52400,GARNIER,higiene-personal,cuidado-capilar,https://static.app.biggie.com.py/images/products/7509552792287.jpg,2026-08-22T21:20:04.000000Z
7509552844191,Shampoo Garnier Fructis Hair Food Coco 300ml,52400,GARNIER,higiene-personal,cuidado-capilar,https://static.app.biggie.com.py/images/products/7509552844191.jpg,2026-08-22T21:20:04.000000Z
7509552844177,Shampoo Garnier Fructis Hair Food Aloe Vera 300ml,52400,GARNIER,higiene-personal,cuidado-capilar,https://static.app.biggie.com.py/images/products/7509552844177.jpg,2026-08-22T21:20:04.000000Z
7509552875409,Mascarilla Tratamiento Hialurónico Pure Loreal Paris Elvive 300mL,61450,ELVIVE,higiene-personal,cuidado-capilar,https://static.app.biggie.com.py/images/products/7509552875409.jpg,2026-08-22T21:20:04.000000Z
7509552849523,Mascarilla Garnier Revitalizante Fructis Hair Food Sandía - 350ML,67900,GARNIER,higiene-personal,cuidado-capilar,https://static.app.biggie.com.py/images/products/7509552849523.jpg,2026-08-22T21:20:04.000000Z
7509552844214,Shampoo Fructis Hair Food Aguacate 300ml,52400,GARNIER,higiene-personal,cuidado-capilar,https://static.app.biggie.com.py/images/products/7509552844214.jpg,2026-08-22T21:20:04.000000Z
7509552849509,Shampoo Garnier Fructis Hair Food Sandia - 300ML,52400,GARNIER,higiene-personal,cuidado-capilar,https://static.app.biggie.com.py/images/products/7509552849509.jpg,2026-08-22T21:20:04.000000Z
7509552792294,Acondicionador Fructis Hair Food Cacao Manteca de Cacao Rizos 300mL,52400,GARNIER,higiene-personal,cuidado-capilar,https://static.app.biggie.com.py/images/products/7509552792294.jpg,2026-08-22T21:20:04.000000Z
7509552828030,Mascarilla Garnier de Reparación Hair Food Coco Fructis 300ml,67900,GARNIER,higiene-personal,cuidado-capilar,https://static.app.biggie.com.py/images/products/7509552828030.jpg,2026-08-22T21:20:04.000000Z
7509552844221,Acondicionador Garnier Fructis Hair Food Aguacate 300ml,52400,GARNIER,higiene-personal,cuidado-capilar,https://static.app.biggie.com.py/images/products/7509552844221.jpg,2026-08-22T21:20:04.000000Z
7509552889598,Mascarilla Elvive  Caída Resist Anti-Ha 300 ml,61450,ELVIVE,higiene-personal,cuidado-capilar,https://static.app.biggie.com.py/images/products/7509552889598.jpg,2026-08-22T21:20:04.000000Z
7509552844207,Acondicionador Garnier Fructis Hair Food Coco 300ml,52400,GARNIER,higiene-personal,cuidado-capilar,https://static.app.biggie.com.py/images/products/7509552844207.jpg,2026-08-22T21:20:04.000000Z
7509552849516,Acondicionador Fructis Hair Food Sandia 300ml,52400,GARNIER,higiene-personal,cuidado-capilar,https://static.app.biggie.com.py/images/products/7509552849516.jpg,2026-08-22T21:20:04.000000Z
7506078919372,Shampoo Loreal Kids Manzanilla 265 mL,30450,Loreal,higiene-personal,cuidado-capilar,https://static.app.biggie.com.py/images/products/7506078919372.jpg,2026-08-22T21:20:04.000000Z
7896001025738,Lija para Pies Cara Doble,20000,Lanossi,higiene-personal,manicura-pedicuro,https://static.app.biggie.com.py/images/products/7896001025738.jpg,2026-08-22T21:20:04.000000Z
7841378006262,Eau de Toilette Dance Sweet Care De 100 ML,89700,Sweet care,higiene-personal,perfumes-colonias,https://static.app.biggie.com.py/images/products/7841378006262.jpg,2026-08-22T21:21:25.000000Z
7896001025912,Kit de Esponjas Masajeadora Lanossi de 3 Uni.,22000,Lanossi,higiene-personal,cuidado-de-la-piel,https://static.app.biggie.com.py/images/products/7896001025912.jpg,2026-08-22T21:20:04.000000Z
7509552844184,Acondicionador Garnier Fructis Hair Food Aloe 300ml,52400,GARNIER,higiene-personal,cuidado-capilar,https://static.app.biggie.com.py/images/products/7509552844184.jpg,2026-08-22T21:20:04.000000Z
7841378006224,Eau de Toilette Fantasy Sweet Care De 100ML,89700,Sweet care,higiene-personal,perfumes-colonias,https://static.app.biggie.com.py/images/products/7841378006224.jpg,2026-08-22T21:21:25.000000Z
99176316565,Cepillo Colgate Max White Medio x 2 Uni.,36000,Colgate,higiene-personal,higiene-bucal,https://static.app.biggie.com.py/images/products/99176316565.jpg,2026-08-22T21:20:04.000000Z
7896001025981,Esponja de Baño Exfoliante,5500,Lanossi,higiene-personal,cuidado-de-la-piel,https://static.app.biggie.com.py/images/products/7896001025981.jpg,2026-08-22T21:20:04.000000Z
7896001025899,Esponja Masageadora,12500,Lanossi,higiene-personal,cuidado-de-la-piel,https://static.app.biggie.com.py/images/products/7896001025899.jpg,2026-08-22T21:20:04.000000Z
7501027218384,Loreal Kids 2en1 Fresa cremosa 265ml,30450,Loreal,higiene-personal,cuidado-capilar,https://static.app.biggie.com.py/images/products/7501027218384.jpg,2026-08-22T21:20:04.000000Z
8436581945911,Eau de Toilette Reebok Cool Your Body De 100mL,121600,REEBOK,higiene-personal,perfumes-colonias,https://static.app.biggie.com.py/images/products/8436581945911.jpg,2026-08-22T21:21:25.000000Z
7896001025707,Lima de Uñas cara doble colo De 6 Unidades,9500,Lanossi,higiene-personal,manicura-pedicuro,https://static.app.biggie.com.py/images/products/7896001025707.jpg,2026-08-22T21:20:04.000000Z
7509552848069,Acondicionador Reconstructor Dream Long Elvive 370ml,57300,ELVIVE,higiene-personal,cuidado-capilar,https://static.app.biggie.com.py/images/products/7509552848069.jpg,2026-08-22T21:20:04.000000Z
7791905022763,Antitranspirante Roll-on Polyana Women Sport De 50 mL,18400,Polyana,higiene-personal,desodorantes,https://static.app.biggie.com.py/images/products/7791905022763.jpg,2026-08-22T21:20:04.000000Z
7509552844153,Shampoo Fructis Hair Food Banana 300ml,52400,GARNIER,higiene-personal,cuidado-capilar,https://static.app.biggie.com.py/images/products/7509552844153.jpg,2026-08-22T21:20:04.000000Z
7896001025592,Esponja Facial Lanossi Exfoliante x 2 Uni.,16000,Lanossi,higiene-personal,cuidado-de-la-piel,https://static.app.biggie.com.py/images/products/7896001025592.jpg,2026-08-22T21:20:04.000000Z
7896001025714,Lima de Uñas Cara doble Ballet De 2 Unidades,10500,Lanossi,higiene-personal,manicura-pedicuro,https://static.app.biggie.com.py/images/products/7896001025714.jpg,2026-08-22T21:20:04.000000Z
7898185414780,Cepillo Dental Peppa Suave Lleve 2,25700,Dental Clean,higiene-personal,higiene-bucal,https://static.app.biggie.com.py/images/products/7898185414780.jpg,2026-08-22T21:21:25.000000Z
7896001026513,Kit Manicure To Go,96700,Sin Marca,higiene-personal,manicura-pedicuro,https://static.app.biggie.com.py/images/products/7896001026513.jpg,2026-08-22T21:20:04.000000Z
7898185414766,Cepillo Dental Baby Peppa Extra Suave,15400,Dental Clean,higiene-personal,higiene-bucal,https://static.app.biggie.com.py/images/products/7898185414766.jpg,2026-08-22T21:21:25.000000Z
7896001025974,Esponja Soft Lanossi por Unidad,5000,Lanossi,higiene-personal,cuidado-de-la-piel,https://static.app.biggie.com.py/images/products/7896001025974.jpg,2026-08-22T21:20:04.000000Z
7896001026612,Esponja de Silicona Masajeadora Lanossi x Uni.,42500,Lanossi,higiene-personal,cuidado-de-la-piel,https://static.app.biggie.com.py/images/products/7896001026612.jpg,2026-08-22T21:20:04.000000Z
7841881036886,Perfume Love Collection 001,55000,LOVE,higiene-personal,perfumes-colonias,https://static.app.biggie.com.py/images/products/7841881036886.jpg,2026-08-22T21:20:04.000000Z
7841881034226,Perfume Love Collection 007,55000,LOVE,higiene-personal,perfumes-colonias,https://static.app.biggie.com.py/images/products/7841881034226.jpg,2026-08-22T21:20:04.000000Z
7841881034264,Perfume Love Collection 012,55000,LOVE,higiene-personal,perfumes-colonias,https://static.app.biggie.com.py/images/products/7841881034264.jpg,2026-08-22T21:20:04.000000Z
7841881034288,Perfume Love Collection 021,55000,LOVE,higiene-personal,perfumes-colonias,https://static.app.biggie.com.py/images/products/7841881034288.jpg,2026-08-22T21:20:04.000000Z
7841881034325,Perfume Love Collection 093,55000,LOVE,higiene-personal,perfumes-colonias,https://static.app.biggie.com.py/images/products/7841881034325.jpg,2026-08-22T21:20:04.000000Z
7841881034301,Perfume Love Collection 100,55000,LOVE,higiene-personal,perfumes-colonias,https://static.app.biggie.com.py/images/products/7841881034301.jpg,2026-08-22T21:20:04.000000Z
7841881036442,Perfume Love Collection 1015,55000,LOVE,higiene-personal,perfumes-colonias,https://static.app.biggie.com.py/images/products/7841881036442.jpg,2026-08-22T21:20:04.000000Z
7841881036503,Perfume Love Collection 1018,55000,LOVE,higiene-personal,perfumes-colonias,https://static.app.biggie.com.py/images/products/7841881036503.jpg,2026-08-22T21:20:04.000000Z
7841881036824,Perfume Love Collection 1037,55000,LOVE,higiene-personal,perfumes-colonias,https://static.app.biggie.com.py/images/products/7841881036824.jpg,2026-08-22T21:20:04.000000Z
7841881034240,Perfume Love Collection 116,55000,LOVE,higiene-personal,perfumes-colonias,https://static.app.biggie.com.py/images/products/7841881034240.jpg,2026-08-22T21:20:04.000000Z
7841881034349,Perfume Love Collection 126,55000,LOVE,higiene-personal,perfumes-colonias,https://static.app.biggie.com.py/images/products/7841881034349.jpg,2026-08-22T21:20:04.000000Z
7841881034202,Perfume Love Collection 136,55000,LOVE,higiene-personal,perfumes-colonias,https://static.app.biggie.com.py/images/products/7841881034202.jpg,2026-08-22T21:20:04.000000Z
7841881036169,Perfume Love Collection 151,55000,LOVE,higiene-personal,perfumes-colonias,https://static.app.biggie.com.py/images/products/7841881036169.jpg,2026-08-22T21:20:04.000000Z
7841881036909,Perfume Love Collection 159,55000,LOVE,higiene-personal,perfumes-colonias,https://static.app.biggie.com.py/images/products/7841881036909.jpg,2026-08-22T21:20:04.000000Z
7841881036381,Perfume Love Collection 247,55000,LOVE,higiene-personal,perfumes-colonias,https://static.app.biggie.com.py/images/products/7841881036381.jpg,2026-08-22T21:20:04.000000Z
7841881036206,Perfume Love Collection 346,55000,LOVE,higiene-personal,perfumes-colonias,https://static.app.biggie.com.py/images/products/7841881036206.jpg,2026-08-22T21:20:04.000000Z
174201,Tapaboca Valentina por 50 Unidades.,125000,Valentina,higiene-personal,farmacia,,2026-08-22T21:20:04.000000Z
7840042000117,Leche Lactolanda Entera Tetra de 1.000 ml.,7700,Lactolanda,lacteos,leche,https://static.app.biggie.com.py/images/products/7840042000117.jpg,2026-08-22T21:20:04.000000Z
7840042000216,Leche Lactolanda Entera Ultra Sachet de 1.000 ml.,6600,Lactolanda,lacteos,leche,https://static.app.biggie.com.py/images/products/7840042000216.jpg,2026-08-22T21:20:04.000000Z
7840042000414,Leche Lactolanda semi descremada  sin lacto de 1.000 ml.,9200,Lactolanda,lacteos,leche,https://static.app.biggie.com.py/images/products/7840042000414.jpg,2026-08-22T21:20:04.000000Z
7840042000124,Leche descremada Lactolanda Vital Light de 1.000 ml.,7700,Lactolanda,lacteos,bebidas-lacteas,https://static.app.biggie.com.py/images/products/7840042000124.jpg,2026-08-22T21:20:04.000000Z
7840005012379,Leche Trebol Entera Tetra de 1.000 ml.,7850,Trebol,lacteos,leche,https://static.app.biggie.com.py/images/products/7840005012379.jpg,2026-08-22T21:20:04.000000Z
7840037015744,Yoghurt Los Colonos Hiperproteico Frutos Rojos de 190 gr.,6950,Los Colonos,lacteos,yogures-dieteticos,https://static.app.biggie.com.py/images/products/7840037015744.jpg,2026-08-22T21:20:04.000000Z
7840005012409,Leche Trebol Descremada Vida Sana de 1.000 ml.,7850,Trebol,lacteos,leche,https://static.app.biggie.com.py/images/products/7840005012409.jpg,2026-08-22T21:20:04.000000Z
7840005013550,Yogurt Trebol Griegur Natural de 200 gr.,6900,Trebol,lacteos,yogures-dieteticos,https://static.app.biggie.com.py/images/products/7840005013550.jpg,2026-08-22T21:20:04.000000Z
7840005000055,Leche Chocolatada Trebol de 1.000 ml.,10700,Trebol,lacteos,leche,https://static.app.biggie.com.py/images/products/7840005000055.jpg,2026-08-22T21:20:04.000000Z
7840005003100,Manteca Trebol Plateada sin sal de 200 gr.,15000,Trebol,lacteos,mantecas,https://static.app.biggie.com.py/images/products/7840005003100.jpg,2026-08-22T21:20:04.000000Z
7840005000062,Leche Chocolatada Trebol de 200 ml.,2650,Trebol,lacteos,leche,https://static.app.biggie.com.py/images/products/7840005000062.jpg,2026-08-22T21:20:04.000000Z
7840037014587,Leche Los Colonos Entera ultra Sachet de 1.000 ml.,6800,Los Colonos,lacteos,leche,https://static.app.biggie.com.py/images/products/7840037014587.jpg,2026-08-22T21:20:04.000000Z
7840042002517,Leche Chocolatada Lactolanda de 200 ml.,2650,Lactolanda,lacteos,leche,https://static.app.biggie.com.py/images/products/7840042002517.jpg,2026-08-22T21:20:04.000000Z
7840042000384,Leche Crecimiento Lactolanda de 1.000 ml.,8600,Lactolanda,lacteos,bebidas-lacteas,https://static.app.biggie.com.py/images/products/7840042000384.jpg,2026-08-22T21:20:04.000000Z
7840037003055,Yoghurt Los Colonos Hiperproteico Energy de 190 gr.,6950,Los Colonos,lacteos,yogures-dieteticos,https://static.app.biggie.com.py/images/products/7840037003055.jpg,2026-08-22T21:20:04.000000Z
7840042002500,Leche Chocolatada Lactolanda de 1.000 ml.,10400,Lactolanda,lacteos,leche,https://static.app.biggie.com.py/images/products/7840042002500.jpg,2026-08-22T21:20:04.000000Z
7840005013109,Yogurt Trebol Descremada Sin Lactosa Cookies de 200 gr.,7150,Trebol,lacteos,yogures-dieteticos,https://static.app.biggie.com.py/images/products/7840005013109-27796412.jpg,2026-08-22T21:20:04.000000Z
7840005012355,Leche Chocolotada Trebol de 500 ml.,5600,Trebol,lacteos,leche,https://static.app.biggie.com.py/images/products/7840005012355.jpg,2026-08-22T21:20:04.000000Z
7840042001541,Manteca Lactolanda sin Sal de 200 gr.,13800,Lactolanda,lacteos,mantecas,https://static.app.biggie.com.py/images/products/7840042001541.jpg,2026-08-22T21:20:04.000000Z
7840005012317,Leche Trebol Entera Ultra Sachet de 1.000 ml.,6600,Trebol,lacteos,leche,https://static.app.biggie.com.py/images/products/7840005012317.jpg,2026-08-22T21:20:04.000000Z
7840042100657,Bebida Lactea Yogulac sachet frutilla de 1.000 ml.,7650,Lactolanda,lacteos,bebidas-lacteas,https://static.app.biggie.com.py/images/products/7840042100657.jpg,2026-08-22T21:20:04.000000Z
7840042001503,Manteca Lactolanda con Sal de 200 gr.,13800,Lactolanda,lacteos,mantecas,https://static.app.biggie.com.py/images/products/7840042001503.jpg,2026-08-22T21:20:04.000000Z
7840042101654,Bebida Lactea Yogulac sachet vainilla de 1.000 ml.,7650,Lactolanda,lacteos,bebidas-lacteas,https://static.app.biggie.com.py/images/products/7840042101654.jpg,2026-08-22T21:20:04.000000Z
7840005012690,Leche Trebol Semi Descremada sin Lactosa de 1.000 ml.,9950,Trebol,lacteos,leche,https://static.app.biggie.com.py/images/products/7840005012690.jpg,2026-08-22T21:20:04.000000Z
7840042000223,Leche Lactolanda Entera Ultrapasteurizada sachet de 500 ml.,3500,Lactolanda,lacteos,leche,https://static.app.biggie.com.py/images/products/7840042000223.jpg,2026-08-22T21:20:04.000000Z
7840042002548,Leche Chocolatada Lactolanda de 500 ml.,5500,Lactolanda,lacteos,leche,https://static.app.biggie.com.py/images/products/7840042002548.jpg,2026-08-22T21:20:04.000000Z
7840042000377,Leche Lactolanda Vital Light sachet descremeda 1 l.,6600,Lactolanda,lacteos,bebidas-lacteas,https://static.app.biggie.com.py/images/products/7840042000377.jpg,2026-08-22T21:20:04.000000Z
7840042003026,Crema de leche Lactolanda sachet de 500 gr.,14600,Lactolanda,lacteos,crema-de-leche,https://static.app.biggie.com.py/images/products/7840042003026.jpg,2026-08-22T21:20:04.000000Z
7840005013086,Yogurt Trebol Descremada Sin Lactosa Dulce de Leche de 200 gr.,7150,Trebol,lacteos,yogures-dieteticos,https://static.app.biggie.com.py/images/products/7840005013086-27796352.jpg,2026-08-22T21:20:04.000000Z
7840042102651,Bebida Lactea Yogulac sachet coco de 1.000 ml.,7650,Lactolanda,lacteos,bebidas-lacteas,https://static.app.biggie.com.py/images/products/7840042102651.jpg,2026-08-22T21:20:04.000000Z
7840042000131,Bebida Lactea Som Berg Tetra de 1.000 ml.,6350,Som Berg,lacteos,leche,https://static.app.biggie.com.py/images/products/7840042000131.jpg,2026-08-22T21:20:04.000000Z
7840037015768,Yogurt Los Colonos Hiperproteico Arandano de 190 ml.,6950,Los Colonos,lacteos,yogures-enteros,https://static.app.biggie.com.py/images/products/7840037015768.jpg,2026-08-22T21:20:04.000000Z
7840042000162,Leche Lactolanda Entera Tetra de 500 ml.,4400,Lactolanda,lacteos,leche,https://static.app.biggie.com.py/images/products/7840042000162.jpg,2026-08-22T21:20:04.000000Z
7840042003033,Crema de leche Lactolanda tetra de 200 gr.,6900,Lactolanda,lacteos,crema-de-leche,https://static.app.biggie.com.py/images/products/7840042003033.jpg,2026-08-22T21:20:04.000000Z
7840037015751,Yogurth Los Colonos Griego Natural de 200 gr.,4500,Los Colonos,lacteos,yogures-dieteticos,https://static.app.biggie.com.py/images/products/7840037015751.jpg,2026-08-22T21:20:04.000000Z
7840037000917,Leche Los Colonos UAT Semi Descremada Sin Lactosa de 1.000 ml.,9250,Los Colonos,lacteos,leche,https://static.app.biggie.com.py/images/products/7840037000917.jpg,2026-08-22T21:20:04.000000Z
7840037014457,Yogurt Los Colonos Griego Frutilla de 125 gr.,5000,Los Colonos,lacteos,yogures-enteros,https://static.app.biggie.com.py/images/products/7840037014457.jpg,2026-08-22T21:20:04.000000Z
7840037014600,Yogurt Los Colonos Griego Arandano de 125 gr.,5000,Los Colonos,lacteos,yogures-enteros,https://static.app.biggie.com.py/images/products/7840037014600.jpg,2026-08-22T21:20:04.000000Z
7891000108277,Leche Condensada Moca lata abre facil de 395 gr.,14800,Nestle,lacteos,leche-condensada-evaporada,https://static.app.biggie.com.py/images/products/7891000108277.jpg,2026-08-22T21:20:04.000000Z
7840042003019,Crema de Leche Lactolanda sachet de 1.000 ml.,24800,Lactolanda,lacteos,crema-de-leche,https://static.app.biggie.com.py/images/products/7840042003019.jpg,2026-08-22T21:20:04.000000Z
7840005012393,Leche Trebol Uat Square Crecimiento de 1.000 ml.,9900,Trebol,lacteos,leche,https://static.app.biggie.com.py/images/products/7840005012393.jpg,2026-08-22T21:20:04.000000Z
7840037015454,Yogurt Los Colonos Griego Frutos del Bosque de 125 gr.,5000,Los Colonos,lacteos,yogures-dieteticos,https://static.app.biggie.com.py/images/products/7840037015454.jpg,2026-08-22T21:20:04.000000Z
7840037014617,Yogurt Los Colonos Griego Ciruela de 125 gr.,5000,Los Colonos,lacteos,yogures-enteros,https://static.app.biggie.com.py/images/products/7840037014617.jpg,2026-08-22T21:20:04.000000Z
7840037001204,Leche Los Colonos Entera Larga Vida de 1.000 ml.,7850,Los Colonos,lacteos,leche,https://static.app.biggie.com.py/images/products/7840037001204.jpg,2026-08-22T21:20:04.000000Z
7840031155637,Yogurt Doña Angela Bebible Vainilla de 1.000 ml.,9500,Doña Ángela,lacteos,yogures-enteros,https://static.app.biggie.com.py/images/products/7840031155637.jpg,2026-08-22T21:20:04.000000Z
7840005011150,Crema de leche Trebol de 200 ml.,8750,Trebol,lacteos,crema-de-leche,https://static.app.biggie.com.py/images/products/7840005011150.jpg,2026-08-22T21:20:04.000000Z
7840042100688,Yogurt Lactolanda Frutilla Sachet de 1.000 ml.,9400,Lactolanda,lacteos,yogures-enteros,https://static.app.biggie.com.py/images/products/7840042100688.jpg,2026-08-22T21:20:04.000000Z
7840042101685,Yogurt Lactolanda Frutti Gurt Vainilla de 1.000 ml.,9400,Lactolanda,lacteos,yogures-enteros,https://static.app.biggie.com.py/images/products/7840042101685.jpg,2026-08-22T21:20:04.000000Z
7840005014076,Yogurt Griego Trebol con Pulpa de Frutilla de 200 gr.,6500,Trebol,lacteos,yogures-dieteticos,https://static.app.biggie.com.py/images/products/7840005014076.jpg,2026-08-22T21:20:04.000000Z
7840005014342,Yogurt Trebol Griegur Pistacho de 200 ml.,6500,Trebol,lacteos,yogures-enteros,https://static.app.biggie.com.py/images/products/7840005014342.jpg,2026-08-22T21:20:04.000000Z
7840042100541,Yogurt Lactolanda Vital Light Frutilla de 350 gr.,4900,Lactolanda,lacteos,yogures-dieteticos,https://static.app.biggie.com.py/images/products/7840042100541.jpg,2026-08-22T21:20:04.000000Z
7840037001310,Leche descremada Los Colonos de 1.000 ml.,7850,Los Colonos,lacteos,bebidas-lacteas,https://static.app.biggie.com.py/images/products/7840037001310.jpg,2026-08-22T21:20:04.000000Z
7891000065440,Leche Condensada Moca tetra de 395 gr.,14600,Nestle,lacteos,leche-condensada-evaporada,https://static.app.biggie.com.py/images/products/7891000065440.jpg,2026-08-22T21:20:04.000000Z
7840042103658,Bebida Lactea Yogulac sachet durazno de 1.000 ml.,7650,Lactolanda,lacteos,yogures-enteros,https://static.app.biggie.com.py/images/products/7840042103658.jpg,2026-08-22T21:20:04.000000Z
7840042101548,Yogurt Lactolanda Vital Light Vainilla de 350 gr.,4900,Lactolanda,lacteos,yogures-dieteticos,https://static.app.biggie.com.py/images/products/7840042101548.jpg,2026-08-22T21:20:04.000000Z
7840005013192,Yogurt Griego Trebol con Pulpa de Acerola de 200 gr.,6600,Trebol,lacteos,yogures-dieteticos,https://static.app.biggie.com.py/images/products/7840005013192-33212907.jpg,2026-08-22T21:20:04.000000Z
7840005014359,Yogurt Trebol Griegur Natural Sin Lactosa de 200 ml.,6850,Trebol,lacteos,yogures-dieteticos,,2026-08-22T21:20:04.000000Z
7840005012324,Leche Trebol Descremada Ultra Sachet de 1.000 ml.,6650,Trebol,lacteos,leche,https://static.app.biggie.com.py/images/products/7840005012324.jpg,2026-08-22T21:20:04.000000Z
7840006202892,Crema de Leche Parmalat de 200 ml.,8600,Parmalat,lacteos,crema-de-leche,https://static.app.biggie.com.py/images/products/7840006202892.jpg,2026-08-22T21:20:04.000000Z
7840006201529,Leche San Loren Ultra pasteurizada de 1.000 ml.,6150,Parmalat,lacteos,bebidas-lacteas,https://static.app.biggie.com.py/images/products/7840006201529.jpg,2026-08-22T21:20:04.000000Z
7840031050000,Yogurt Doña Angela con Cereales de 200 gr.,5350,Doña Ángela,lacteos,yogures-enteros,https://static.app.biggie.com.py/images/products/7840031050000.jpg,2026-08-22T21:20:04.000000Z
7840005012348,Leche Trebol Entera Square Tetra de 500 ml.,4450,Trebol,lacteos,leche,https://static.app.biggie.com.py/images/products/7840005012348.jpg,2026-08-22T21:20:04.000000Z
7790080010862,Manteca Sancor Clasica de 100 gr.,14200,Sancor,lacteos,mantecas,https://static.app.biggie.com.py/images/products/7790080010862.jpg,2026-08-22T21:20:04.000000Z
7840042100640,Bebida Lactea Yogulac frutilla pote de 350 ml.,3800,Lactolanda,lacteos,yogures-enteros,https://static.app.biggie.com.py/images/products/7840042100640.jpg,2026-08-22T21:20:04.000000Z
7840005012416,Leche Trebol Con Fibra Activa Vida Sana de 1.000 ml.,9900,Trebol,lacteos,leche,https://static.app.biggie.com.py/images/products/7840005012416.jpg,2026-08-22T21:20:04.000000Z
7840042101647,Yogurt Lactolanda Yogulac Vainilla de 350 gr.,3800,Lactolanda,lacteos,yogures-enteros,https://static.app.biggie.com.py/images/products/7840042101647.jpg,2026-08-22T21:20:04.000000Z
7841229001941,Leche La Fortuna Ultra Pasteurizada Sachet de 1.000 ml.,4850,La Fortuna,lacteos,bebidas-lacteas,https://static.app.biggie.com.py/images/products/7841229001941.jpg,2026-08-22T21:20:04.000000Z
7840005000468,Yogurt Bebible Sachet Vainilla Trebol de 1.000 ml.,9900,Trebol,lacteos,yogures-enteros,https://static.app.biggie.com.py/images/products/7840005000468.jpg,2026-08-22T21:20:04.000000Z
7840005000451,Yogurt Trebol Bebible Sachet Frutilla de 1.000 ml.,9900,Trebol,lacteos,yogures-enteros,https://static.app.biggie.com.py/images/products/7840005000451.jpg,2026-08-22T21:20:04.000000Z
7840042100664,Yogurt Lactolanda Fruttigurt Frutilla Sach de 500 gr.,4100,Lactolanda,lacteos,yogures-enteros,https://static.app.biggie.com.py/images/products/7840042100664.jpg,2026-08-22T21:20:04.000000Z
7840042102545,Yogurt Lactolanda Vital Light Coco de 350 gr.,4900,Lactolanda,lacteos,yogures-dieteticos,https://static.app.biggie.com.py/images/products/7840042102545.jpg,2026-08-22T21:20:04.000000Z
7840042101661,Yogurt Lactolanda Yogulac Vainilla Sach de 500 gr.,4100,Lactolanda,lacteos,yogures-enteros,https://static.app.biggie.com.py/images/products/7840042101661.jpg,2026-08-22T21:20:04.000000Z
7898215157175,Leche de Almendra Blue Diamond original sin azucar de 1.000 ml.,30000,Blue Diamond,lacteos,leche-alternativa,https://static.app.biggie.com.py/images/products/7898215157175.jpg,2026-08-22T21:20:04.000000Z
7840042102682,Yogurt Lactolanda Frutti Gurt Entero coco sachet de 1.000 ml.,9400,Lactolanda,lacteos,yogures-enteros,https://static.app.biggie.com.py/images/products/7840042102682.jpg,2026-08-22T21:20:04.000000Z
7840031155620,Yogurt Doña Angela Bebible Frutilla de 1.000 ml.,9500,Doña Ángela,lacteos,yogures-enteros,https://static.app.biggie.com.py/images/products/7840031155620.jpg,2026-08-22T21:20:04.000000Z
7896691103877,Yogurt Carolina Trozos de Frutos Rojos de 450 gr.,17900,Carolina,lacteos,yogures-enteros,https://static.app.biggie.com.py/images/products/7896691103877.jpg,2026-08-22T21:20:04.000000Z
7840029872294,Leche Condensada Norte Tetra de 395 gr.,15000,Norte,lacteos,leche-condensada-evaporada,https://static.app.biggie.com.py/images/products/7840029872294.jpg,2026-08-22T21:20:04.000000Z
7891000126905,Crema de leche Nestle tetra de 200 gr.,7800,Nestle,lacteos,crema-de-leche,https://static.app.biggie.com.py/images/products/7891000126905.jpg,2026-08-22T21:20:04.000000Z
7840042100510,Yogurt Lactolanda Frutti Gurt Frutilla de 350 gr.,4800,Lactolanda,lacteos,yogures-enteros,https://static.app.biggie.com.py/images/products/7840042100510.jpg,2026-08-22T21:20:04.000000Z
7840005013185,Yogurt Griego Trebol con Pulpa de Acai de 200 gr.,6900,Trebol,lacteos,yogures-dieteticos,https://static.app.biggie.com.py/images/products/7840005013185-33213051.jpg,2026-08-22T21:20:04.000000Z
7891000389171,Bebida Lactea Nescafe Latte de 270 ml.,11600,Nescafé,lacteos,bebidas-lacteas,https://static.app.biggie.com.py/images/products/7891000389171.jpg,2026-08-22T21:20:04.000000Z
7840042102644,Yogurt Lactolanda Yogulac Coco de 350 gr.,3800,Lactolanda,lacteos,yogures-enteros,https://static.app.biggie.com.py/images/products/7840042102644.jpg,2026-08-22T21:20:04.000000Z
7840042101517,Yogurt Lactolanda Frutti Gurt Vainilla de 350 gr.,4800,Lactolanda,lacteos,yogures-enteros,https://static.app.biggie.com.py/images/products/7840042101517.jpg,2026-08-22T21:20:04.000000Z
7896691104669,Yogurt Carolina Trozos de Acai Frutilla de 450 gr.,17900,Carolina,lacteos,yogures-enteros,https://static.app.biggie.com.py/images/products/7896691104669.jpg,2026-08-22T21:20:04.000000Z
7840042100633,Yogurt Lactolanda Yogulac Frutilla de 140 gr.,1850,Lactolanda,lacteos,yogures-enteros,https://static.app.biggie.com.py/images/products/7840042100633.jpg,2026-08-22T21:20:04.000000Z
7840005013208,Yogurt Griego Trebol con Pulpa de Guayaba de 200 gr.,6900,Trebol,lacteos,yogures-dieteticos,https://static.app.biggie.com.py/images/products/7840005013208-33212793.jpg,2026-08-22T21:20:04.000000Z
7840005000475,Yogurt Sachet Trebol Coco de 1.000 ml.,9900,Trebol,lacteos,yogures-enteros,https://static.app.biggie.com.py/images/products/7840005000475.jpg,2026-08-22T21:20:04.000000Z
7840042100527,Yogurt Lactolanda Ceregurt vaquita de 140 gr.,3800,Lactolanda,lacteos,yogures-enteros,https://static.app.biggie.com.py/images/products/7840042100527.jpg,2026-08-22T21:20:04.000000Z
7840042101630,Yogurt Lactolanda Yogulac Vainilla de 140 ml.,1850,Lactolanda,lacteos,yogures-enteros,https://static.app.biggie.com.py/images/products/7840042101630.jpg,2026-08-22T21:20:04.000000Z
7840042102668,Yogurt Lactolanda Yogulac Coco Sachet de 500 gr.,4100,Lactolanda,lacteos,yogures-enteros,https://static.app.biggie.com.py/images/products/7840042102668.jpg,2026-08-22T21:20:04.000000Z
8719200679368,Margarina Delicata de 250 gr.,7150,DELICATA,lacteos,margarina,https://static.app.biggie.com.py/images/products/8719200679368.jpg,2026-08-22T21:20:04.000000Z
7896691103860,Yogurt Carolina Trozos de Frutilla de 450 gr.,17900,Carolina,lacteos,yogures-enteros,https://static.app.biggie.com.py/images/products/7896691103860.jpg,2026-08-22T21:20:04.000000Z
7840042102514,Yogurt Lactolanda Frutti Gurt Entero coco pote de 350 gr.,4800,Lactolanda,lacteos,yogures-enteros,https://static.app.biggie.com.py/images/products/7840042102514.jpg,2026-08-22T21:20:04.000000Z
7896183201159,Crema de Leche Quata de 200 gr.,6900,QUATA,lacteos,crema-de-leche,https://static.app.biggie.com.py/images/products/7896183201159.jpg,2026-08-22T21:20:04.000000Z
7840006203516,Crema de leche Parmalat light 10% x 200 ml.,8600,Parmalat,lacteos,crema-de-leche,https://static.app.biggie.com.py/images/products/7840006203516.jpg,2026-08-22T21:20:04.000000Z
7613035764552,Crema de Leche Nestle UHT de 200 gr.,14900,Nestle,lacteos,crema-de-leche,https://static.app.biggie.com.py/images/products/7613035764552.jpg,2026-08-22T21:20:04.000000Z
7840037015331,Yogurt Los Colonos Sin Lactosa Frutos del Bosque de 190 gr.,3500,Los Colonos,lacteos,yogures-dieteticos,https://static.app.biggie.com.py/images/products/7840037015331-32417691.jpg,2026-08-22T21:20:04.000000Z
7891000417331,Bebida Energetica Nescafe ProEnergy Cappuccino Clasico de 270 ml.,13600,Nescafé,lacteos,bebidas-lacteas,https://static.app.biggie.com.py/images/products/7891000417331.jpg,2026-08-22T21:20:04.000000Z
7840042102637,Yogurt Lactolanda Yogulac Coco de 140 ml.,1850,Lactolanda,lacteos,yogures-enteros,https://static.app.biggie.com.py/images/products/7840042102637.jpg,2026-08-22T21:20:04.000000Z
7840037014594,Leche Los Colonos Entera Sachet Ultra de 500 ml.,3600,Los Colonos,lacteos,leche,https://static.app.biggie.com.py/images/products/7840037014594-28248204.jpg,2026-08-22T21:20:04.000000Z
7840037015348,Yogurt Los Colonos Sin Lactosa Arandano de 190 gr.,3500,Los Colonos,lacteos,yogures-dieteticos,https://static.app.biggie.com.py/images/products/7840037015348-32417695.jpg,2026-08-22T21:20:04.000000Z
7840031155736,Yogurt Doña Angela Entero Tutti Frutti de 350 gr.,4950,Doña Ángela,lacteos,yogures-enteros,https://static.app.biggie.com.py/images/products/7840031155736.jpg,2026-08-22T21:20:04.000000Z
7840037015324,Yogurt Los Colonos Sin Lactosa Frutilla de 190 gr.,3500,Los Colonos,lacteos,yogures-dieteticos,https://static.app.biggie.com.py/images/products/7840037015324.jpg,2026-08-22T21:20:04.000000Z
7891000417409,Bebida Energetica Nescafe ProEnergy Chococino de 270 ml.,13600,Nescafé,lacteos,bebidas-lacteas,https://static.app.biggie.com.py/images/products/7891000417409.jpg,2026-08-22T21:20:04.000000Z
7840037014464,Yogurt Los Colonos Griego Durazno de 125 gr.,5000,Los Colonos,lacteos,yogures-enteros,https://static.app.biggie.com.py/images/products/7840037014464.jpg,2026-08-22T21:20:04.000000Z
7840005011273,Yogurt Trebol con Cereales Zucosos de 150 gr.,3800,Trebol,lacteos,yogures-enteros,https://static.app.biggie.com.py/images/products/7840005011273.jpg,2026-08-22T21:20:04.000000Z
7840031155644,Yogurt Doña Angela Bebible Coco de 1.000 ml.,9500,Doña Ángela,lacteos,yogures-enteros,https://static.app.biggie.com.py/images/products/7840031155644.jpg,2026-08-22T21:20:04.000000Z
7840042000926,Yogurt Lactolanda Semidescremado Sin Lactosa Sabor Frutilla en Botella de 900 gr.,13950,Lactolanda,lacteos,yogures-dieteticos,https://static.app.biggie.com.py/images/products/7840042000926.jpg,2026-08-22T21:20:04.000000Z
7840042000469,Leche Lactolanda UAT Semidescremada de 1.000 ml.,7750,Lactolanda,lacteos,leche,https://static.app.biggie.com.py/images/products/7840042000469.jpg,2026-08-22T21:20:04.000000Z
7840005011280,Yogurt con Cereales Trebol Nesquik de 150 gr.,3800,Trebol,lacteos,yogures-enteros,https://static.app.biggie.com.py/images/products/7840005011280.jpg,2026-08-22T21:20:04.000000Z
7840005000413,Yogurt Entero Trebolin Frutilla de 350 gr.,5200,Trebol,lacteos,yogures-enteros,https://static.app.biggie.com.py/images/products/7840005000413.jpg,2026-08-22T21:20:04.000000Z
7840005000420,Yogurt Entero Trebolin Vainilla de 350 gr.,5250,Trebol,lacteos,yogures-enteros,https://static.app.biggie.com.py/images/products/7840005000420.jpg,2026-08-22T21:20:04.000000Z
7840005011334,Yogurt Trebol con Cereales Trix de 150 gr.,3800,Trebol,lacteos,yogures-enteros,https://static.app.biggie.com.py/images/products/7840005011334.jpg,2026-08-22T21:20:04.000000Z
7840029000277,Leche Condensada Norte de 395 gr.,16000,Norte,lacteos,leche-condensada-evaporada,https://static.app.biggie.com.py/images/products/7840029000277.jpg,2026-08-22T21:20:04.000000Z
7840037015553,Yogurt Los Colonos Natural Botella de 800 gr.,11000,Los Colonos,lacteos,yogures-dieteticos,https://static.app.biggie.com.py/images/products/7840037015553.jpg,2026-08-22T21:20:04.000000Z
7840005001236,Yogurt Dietetico Trebol Vainilla de 350 gr.,5200,Trebol,lacteos,yogures-dieteticos,https://static.app.biggie.com.py/images/products/7840005001236.jpg,2026-08-22T21:20:04.000000Z
7891097101427,Leche Condensada Parmalat de 395 gr.,15400,Parmalat,lacteos,leche-condensada-evaporada,https://static.app.biggie.com.py/images/products/7891097101427.jpg,2026-08-22T21:20:04.000000Z
7840037014839,Yogurt Los Colonos Dietetico sabor Vainilla de 200 gr.,3700,Los Colonos,lacteos,yogures-dieteticos,https://static.app.biggie.com.py/images/products/7840037014839.jpg,2026-08-22T21:20:04.000000Z
7840042100756,Yogurt Bio Vital Light Frutilla de 900 gr.,13750,Lactolanda,lacteos,yogures-dieteticos,https://static.app.biggie.com.py/images/products/7840042100756.jpg,2026-08-22T21:20:04.000000Z
7840037014815,Yogurt Los Colonos Dietetico sabor Frutilla de 200 gr.,3700,Los Colonos,lacteos,yogures-dieteticos,https://static.app.biggie.com.py/images/products/7840037014815.jpg,2026-08-22T21:20:04.000000Z
7840005000437,Yogurt Entero Trebolin Coco de 350 gr.,5200,Trebol,lacteos,yogures-enteros,https://static.app.biggie.com.py/images/products/7840005000437.jpg,2026-08-22T21:20:04.000000Z
7840005001229,Yogurt Dietetico Trebol Frutilla de 350 gr.,5200,Trebol,lacteos,yogures-dieteticos,https://static.app.biggie.com.py/images/products/7840005001229.jpg,2026-08-22T21:20:04.000000Z
7840037015171,Bebida Lactea Los Colonos Ultra Sachet de 1.000 ml.,5300,Los Colonos,lacteos,leche,https://static.app.biggie.com.py/images/products/7840037015171.jpg,2026-08-22T21:20:04.000000Z
7840042000933,Yogurt Lactolanda Semidescremado Sin Lactosa Sabor Vainilla en Botella de 900 gr.,13950,Lactolanda,lacteos,yogures-dieteticos,https://static.app.biggie.com.py/images/products/7840042000933.jpg,2026-08-22T21:20:04.000000Z
8719200679290,Margarina Delicata Crema Vegetal de 500 gr.,13000,DELICATA,lacteos,mantecas,https://static.app.biggie.com.py/images/products/8719200679290.jpg,2026-08-22T21:20:04.000000Z
7891999013323,Margarina Mesa con Sal de 250 gr.,5900,MESA,lacteos,margarina,https://static.app.biggie.com.py/images/products/7891999013323.jpg,2026-08-22T21:20:04.000000Z
7840005001243,Yogurt Dietetico Trebol Coco de 350 gr,5200,Trebol,lacteos,yogures-dieteticos,https://static.app.biggie.com.py/images/products/7840005001243.jpg,2026-08-22T21:20:04.000000Z
7840042101531,Yogurt Lactolanda Vital Light Vainilla de 140 gr.,2500,Lactolanda,lacteos,yogures-dieteticos,https://static.app.biggie.com.py/images/products/7840042101531.jpg,2026-08-22T21:20:04.000000Z
7898215157106,Leche Blue Diamond Almendra Original de 1.000 ml.,30000,Blue Diamond,lacteos,leche-alternativa,https://static.app.biggie.com.py/images/products/7898215157106.jpg,2026-08-22T21:20:04.000000Z
7840037014822,Yogurt Los Colonos Dietetico sabor Durazno de 200 gr.,3700,Los Colonos,lacteos,yogures-dieteticos,https://static.app.biggie.com.py/images/products/7840037014822.jpg,2026-08-22T21:20:04.000000Z
7840042103689,Yogurt Lactolanda Frutti Gurt Entero durazno sachet de 1.000 ml.,9400,Lactolanda,lacteos,yogures-enteros,https://static.app.biggie.com.py/images/products/7840042103689.jpg,2026-08-22T21:20:04.000000Z
7840037014082,Crema de leche Los Colonos de 500 gr.,13800,Los Colonos,lacteos,crema-de-leche,https://static.app.biggie.com.py/images/products/7840037014082.jpg,2026-08-22T21:20:04.000000Z
7840037014228,Leche Chocolatada Los Colonos de 200 ml.,2900,Los Colonos,lacteos,leche,https://static.app.biggie.com.py/images/products/7840037014228.jpg,2026-08-22T21:20:04.000000Z
7841229000869,Leche La Fortuna Semidescremada UAT de 1.000 ml.,6150,La Fortuna,lacteos,bebidas-lacteas,https://static.app.biggie.com.py/images/products/7841229000869.jpg,2026-08-22T21:20:04.000000Z
7841056000087,Leche Condensada Sun de 390 gr.,11900,SUN,lacteos,leche-condensada-evaporada,https://static.app.biggie.com.py/images/products/7841056000087.jpg,2026-08-22T21:20:04.000000Z
7840042000452,Leche Lactolanda Semi descremenada con fibras de 1.000 ml.,9200,Lactolanda,lacteos,leche,https://static.app.biggie.com.py/images/products/7840042000452.jpg,2026-08-22T21:20:04.000000Z
7898215157120,Leche Blue Diamond Almendra Vainilla de 1.000 ml.,30000,Blue Diamond,lacteos,leche-alternativa,https://static.app.biggie.com.py/images/products/7898215157120.jpg,2026-08-22T21:20:04.000000Z
7840042103528,Yogurt Lactolanda Ceregurt light de 140 gr.,3800,Lactolanda,lacteos,yogures-dieteticos,https://static.app.biggie.com.py/images/products/7840042103528.jpg,2026-08-22T21:20:04.000000Z
7891515503321,Margarina Qualy con Sal de 250 gr.,9900,QUALY,lacteos,margarina,https://static.app.biggie.com.py/images/products/7891515503321.jpg,2026-08-22T21:20:04.000000Z
7840005000482,Yogurt Trebol Bebible Durazno sachet de 1.000 ml,9900,Trebol,lacteos,yogures-enteros,https://static.app.biggie.com.py/images/products/7840005000482.jpg,2026-08-22T21:20:04.000000Z
7840005011174,Bebida Lactea Famlac Larga Vida de 1.000 ml.,6350,Famlac,lacteos,bebidas-lacteas,https://static.app.biggie.com.py/images/products/7840005011174.jpg,2026-08-22T21:20:04.000000Z
7841229001736,Leche La Fortuna UAT Entera de 1.000 ml.,7350,La Fortuna,lacteos,leche,https://static.app.biggie.com.py/images/products/7841229001736.jpg,2026-08-22T21:20:04.000000Z
7840042100503,Yogurt Lactolanda Frutti Gurt Frutilla de 140 gr.,2500,Lactolanda,lacteos,yogures-enteros,https://static.app.biggie.com.py/images/products/7840042100503-32635058.jpg,2026-08-22T21:20:04.000000Z
7840031155675,Yogurt Doña Angela Entero Vainilla de 350 gr.,4950,Doña Ángela,lacteos,yogures-enteros,https://static.app.biggie.com.py/images/products/7840031155675.jpg,2026-08-22T21:20:04.000000Z
7840042101500,Yogurt Lactolanda Frutti Gurt Vainillla de 140 gr.,2500,Lactolanda,lacteos,yogures-enteros,https://static.app.biggie.com.py/images/products/7840042101500.jpg,2026-08-22T21:20:04.000000Z
7840005013154,Yogurt Trebol Frutos Rojos del Bosque Sachet de 1.000 ml.,9900,Trebol,lacteos,yogures-enteros,https://static.app.biggie.com.py/images/products/7840005013154-28815640.jpg,2026-08-22T21:20:04.000000Z
7841229000142,Crema de Leche La Fortuna Sachet de 500 ml.,13800,La Fortuna,lacteos,crema-de-leche,https://static.app.biggie.com.py/images/products/7841229000142.jpg,2026-08-22T21:20:04.000000Z
7840031155682,Yogurt Doña Angela Entero Coco de 350 gr.,4950,Doña Ángela,lacteos,yogures-enteros,https://static.app.biggie.com.py/images/products/7840031155682.jpg,2026-08-22T21:20:04.000000Z
7840031155668,Yogurt Doña Angela Entero Frutilla de 350 gr.,4950,Doña Ángela,lacteos,yogures-enteros,https://static.app.biggie.com.py/images/products/7840031155668.jpg,2026-08-22T21:20:04.000000Z
7840042100695,Yogurt Lactolanda Frutti Gurt Entero frutilla sachet de 500 gr.,4950,Lactolanda,lacteos,yogures-enteros,https://static.app.biggie.com.py/images/products/7840042100695.jpg,2026-08-22T21:20:04.000000Z
7840042101692,Yogurt Lactolanda Frutti Gurt Vainilla sachet de 500 gr.,4950,Lactolanda,lacteos,yogures-enteros,https://static.app.biggie.com.py/images/products/7840042101692.jpg,2026-08-22T21:20:04.000000Z
7790787002535,Leche Ilolay Larga Vida Semi Descremada de 1.000 ml..,11500,iLoLay,lacteos,leche,https://static.app.biggie.com.py/images/products/7790787002535.jpg,2026-08-22T21:20:04.000000Z
7840006202120,Bebida Lactea San Loren sabor vainilla de 1.000 ml.,7700,Parmalat,lacteos,bebidas-lacteas,https://static.app.biggie.com.py/images/products/7840006202120.jpg,2026-08-22T21:20:04.000000Z
7840006202137,Bebida Lactea San Loren sabor frutilla de 1.000 ml.,7700,Parmalat,lacteos,bebidas-lacteas,https://static.app.biggie.com.py/images/products/7840006202137.jpg,2026-08-22T21:20:04.000000Z
7840005011952,Yogurt Trebol Bio Body Botella Ciruela de 1.000 ml.,16900,Trebol,lacteos,yogures-enteros,https://static.app.biggie.com.py/images/products/7840005011952.jpg,2026-08-22T21:20:04.000000Z
7840005000499,Yogurt Trebol Bebible Frutilla sachet de 500 ml.,5000,Trebol,lacteos,yogures-enteros,https://static.app.biggie.com.py/images/products/7840005000499.jpg,2026-08-22T21:20:04.000000Z
7840005000505,Yogurt Bebible Sachet Vainilla de 500 ml.,5000,Trebol,lacteos,yogures-enteros,https://static.app.biggie.com.py/images/products/7840005000505.jpg,2026-08-22T21:20:04.000000Z
7790787002528,Leche Ilolay Entera Fortificada con Vitaminas de 1.000 ml.,11500,iLoLay,lacteos,leche,https://static.app.biggie.com.py/images/products/7790787002528.jpg,2026-08-22T21:20:04.000000Z
7840005000383,Yogurt Entero Trebolin Vainilla de 140 gr.,2700,Trebol,lacteos,yogures-enteros,https://static.app.biggie.com.py/images/products/7840005000383.jpg,2026-08-22T21:20:04.000000Z
7840005013840,Bebida Lactea Tropicana Frutilla de 1.000 ml.,7500,Co-op,lacteos,bebidas-lacteas,https://static.app.biggie.com.py/images/products/7840005013840.jpg,2026-08-22T21:20:04.000000Z
7840042000179,Bebida Lactea Som Berg tetra de 500 ml.,3200,Som Berg,lacteos,bebidas-lacteas,https://static.app.biggie.com.py/images/products/7840042000179.jpg,2026-08-22T21:20:04.000000Z
7840005013819,Yogurt Tropicana Vainilla de 1.000 ml.,7500,Co-op,lacteos,yogures-enteros,https://static.app.biggie.com.py/images/products/7840005013819.jpg,2026-08-22T21:20:04.000000Z
7840037015089,Bebida Hiperproteica Los Colonos Vainilla de 200 ml.,5250,Los Colonos,lacteos,bebidas-lacteas,https://static.app.biggie.com.py/images/products/7840037015089.jpg,2026-08-22T21:20:04.000000Z
7840037015249,Bebida Hiperproteica Los Colonos Frutilla de 200 ml.,5250,Los Colonos,lacteos,bebidas-lacteas,https://static.app.biggie.com.py/images/products/7840037015249-26916609.jpg,2026-08-22T21:20:04.000000Z
7840005000376,Yogurt Entero Trebolin Frutilla de 140 gr.,2700,Trebol,lacteos,yogures-enteros,https://static.app.biggie.com.py/images/products/7840005000376.jpg,2026-08-22T21:20:04.000000Z
7840006204834,Leche Parmalat Zymil Sin Lactosa UHT de 1.000 ml.,9300,Parmalat,lacteos,leche,https://static.app.biggie.com.py/images/products/7840006204834.jpg,2026-08-22T21:20:04.000000Z
7840042120778,Yogurt Lactolanda Entero Natural de 900 gr.,12450,Lactolanda,lacteos,yogures-enteros,https://static.app.biggie.com.py/images/products/7840042120778.jpg,2026-08-22T21:20:04.000000Z
7840031000395,Yogurt Griego Doña Angela Natural de 130g,6500,DOÑA ANGELA,lacteos,yogures-enteros,https://static.app.biggie.com.py/images/products/7840031000395.jpg,2026-08-22T21:20:04.000000Z
7840005012959,Yogurt Trebol sin Lactosa Frutilla de 200 gr.,3600,Trebol,lacteos,yogures-enteros,https://static.app.biggie.com.py/images/products/7840005012959.jpg,2026-08-22T21:20:04.000000Z
7840005012966,Yogurt Trebol Descremado Sin Lactosa Pera y Manzana de 200 gr.,3900,Trebol,lacteos,yogures-dieteticos,https://static.app.biggie.com.py/images/products/7840005012966.jpg,2026-08-22T21:20:04.000000Z
7840037015102,Bebida Hiperproteica Los Colonos Banana de 200 ml.,5250,Los Colonos,lacteos,bebidas-lacteas,https://static.app.biggie.com.py/images/products/7840037015102.jpg,2026-08-22T21:20:04.000000Z
7840031000364,Yogurt Griego Doña Angela de Arándanos de 130g,6500,DOÑA ANGELA,lacteos,yogures-enteros,https://static.app.biggie.com.py/images/products/7840031000364.jpg,2026-08-22T21:20:04.000000Z
7793913013009,Leche Tregar Sin Lactosa de 1.000 ml.,13650,TREGAR,lacteos,leche,https://static.app.biggie.com.py/images/products/7793913013009-33658617.jpg,2026-08-22T21:20:04.000000Z
7840005000390,Yogurt Entero Trebolin Coco de 140 gr.,2700,Trebol,lacteos,yogures-enteros,https://static.app.biggie.com.py/images/products/7840005000390.jpg,2026-08-22T21:20:04.000000Z
7840005000512,Yogurt Bebible Sachet Trebol Coco de 500 ml.,4400,Trebol,lacteos,yogures-enteros,https://static.app.biggie.com.py/images/products/7840005000512.jpg,2026-08-22T21:20:04.000000Z
7896000597120,Leche de Almendra Nuts Cero de 1.000 ml.,29900,NUTS,lacteos,leche-alternativa,https://static.app.biggie.com.py/images/products/7896000597120.jpg,2026-08-22T21:20:04.000000Z
7840005011976,Yogurt Trebol Bio Body Frutilla botella de 1.000 ml.,16900,Trebol,lacteos,yogures-enteros,https://static.app.biggie.com.py/images/products/7840005011976.jpg,2026-08-22T21:20:04.000000Z
7840006177008,Leche Parmalat Ultra Sachet de 1.000 ml.,8050,Parmalat,lacteos,leche-entera,https://static.app.biggie.com.py/images/products/7840006177008.jpg,2026-08-22T21:20:04.000000Z
7840031000371,Yogurt Griego Doña Angela de Frutilla de 130g,6500,DOÑA ANGELA,lacteos,yogures-enteros,https://static.app.biggie.com.py/images/products/7840031000371.jpg,2026-08-22T21:20:04.000000Z
7840006201796,Leche San Loren Light Ultrapasteurizada 1 lt.,6150,Parmalat,lacteos,bebidas-lacteas,https://static.app.biggie.com.py/images/products/7840006201796.jpg,2026-08-22T21:20:04.000000Z
7896004400082,Leche de coco Sococo de 500 ml.,28750,Sococo,lacteos,leche-de-coco,https://static.app.biggie.com.py/images/products/7896004400082.jpg,2026-08-22T21:20:04.000000Z
7840005013871,Bebida Lactea Tropicana Coco de 1.000 ml.,7500,Co-op,lacteos,bebidas-lacteas,https://static.app.biggie.com.py/images/products/7840005013871.jpg,2026-08-22T21:20:04.000000Z
7840030002185,Leche Ultra Tambo Blanco de 1.000 ml.,5400,La Pradera,lacteos,leche,https://static.app.biggie.com.py/images/products/7840030002185.jpg,2026-08-22T21:20:04.000000Z
7840006204858,Leche Chocolatada San Loren Paw Patrol de 200ml,3100,San Loren,lacteos,leche,https://static.app.biggie.com.py/images/products/7840006204858.jpg,2026-08-22T21:20:04.000000Z
7840006202144,Bebida Lactea San Loren Coco de 1.000 ml.,7700,Parmalat,lacteos,bebidas-lacteas,https://static.app.biggie.com.py/images/products/7840006202144.jpg,2026-08-22T21:20:04.000000Z
7840031110001,Leche Doña Angela Entera Sachet de 1.000 ml.,7000,Doña Ángela,lacteos,leche,https://static.app.biggie.com.py/images/products/7840031110001.jpg,2026-08-22T21:20:04.000000Z
7891515492823,Margarina de Mesa Deline de 250 gr.,5250,DELINE,lacteos,margarina,https://static.app.biggie.com.py/images/products/7891515492823.jpg,2026-08-22T21:20:04.000000Z
7840031155590,Yogurt Doña Angela Bebible Frutilla de 450 gr.,5350,Doña Ángela,lacteos,yogures-enteros,https://static.app.biggie.com.py/images/products/7840031155590.jpg,2026-08-22T21:20:04.000000Z
7896691103655,Yogurt Carolina Griego Frutos Rojos de 90 gr.,6900,Carolina,lacteos,yogures-enteros,,2026-08-22T21:20:04.000000Z
7840031155606,Yogurt Doña Angela Bebible Vainilla de 450 gr.,5350,Doña Ángela,lacteos,yogures-enteros,https://static.app.biggie.com.py/images/products/7840031155606.jpg,2026-08-22T21:20:04.000000Z
7891152507799,Margarina Adorita Vegetal de 250 gr.,5900,Adorita,lacteos,margarina,https://static.app.biggie.com.py/images/products/7891152507799.jpg,2026-08-22T21:20:04.000000Z
7840037014235,Crema de Leche Los Colonos Carton de 200 gr.,8100,Los Colonos,lacteos,crema-de-leche,https://static.app.biggie.com.py/images/products/7840037014235.jpg,2026-08-22T21:20:04.000000Z
7840037014716,Yogurt Entero Los Colonos Frutilla de 350 gr.,5000,Los Colonos,lacteos,yogures-enteros,https://static.app.biggie.com.py/images/products/7840037014716.jpg,2026-08-22T21:20:04.000000Z
7840031010028,Yogurt Doña Angela de Vainilla de 140 gr.,2550,Doña Ángela,lacteos,yogures-enteros,https://static.app.biggie.com.py/images/products/7840031010028.jpg,2026-08-22T21:20:04.000000Z
7840005000444,Yogurt Entero Trebolin Durazno de 350 gr.,5200,Trebol,lacteos,yogures-enteros,https://static.app.biggie.com.py/images/products/7840005000444.jpg,2026-08-22T21:20:04.000000Z
7840037014846,Yogurt Los Colonos Dietetico sabor Frutilla de 350 gr.,5000,Los Colonos,lacteos,yogures-dieteticos,https://static.app.biggie.com.py/images/products/7840037014846.jpg,2026-08-22T21:20:04.000000Z
7896691104195,Leche Fermentada Carolina Vainilla de 115 gr.,5900,Carolina,lacteos,bebidas-lacteas,https://static.app.biggie.com.py/images/products/7896691104195.jpg,2026-08-22T21:20:04.000000Z
7840031000388,Yogurt Griego Doña Angela de Durazno de 130g,6500,DOÑA ANGELA,lacteos,yogures-enteros,https://static.app.biggie.com.py/images/products/7840031000388.jpg,2026-08-22T21:20:04.000000Z
7840031155613,Yogurt Doña Angela Bebible Coco de 450 gr.,5350,Doña Ángela,lacteos,yogures-enteros,https://static.app.biggie.com.py/images/products/7840031155613.jpg,2026-08-22T21:20:04.000000Z
7840037014853,Yogurt Los Colonos Dietetico sabor Durazno de 350 gr.,5000,Los Colonos,lacteos,yogures-dieteticos,https://static.app.biggie.com.py/images/products/7840037014853.jpg,2026-08-22T21:20:04.000000Z
7896691104638,Yogurt Carolina Griego Acai con Banana de 90 gr.,6900,Carolina,lacteos,yogures-enteros,https://static.app.biggie.com.py/images/products/7896691104638.jpg,2026-08-22T21:20:04.000000Z
7840037014860,Yogurt Los Colonos Dietetico de Vainilla de 350 gr.,5000,Los Colonos,lacteos,yogures-dieteticos,https://static.app.biggie.com.py/images/products/7840037014860.jpg,2026-08-22T21:20:04.000000Z
7840006201581,Leche San Loren Entera Tetra de 1.000 ml.,7300,Parmalat,lacteos,leche,https://static.app.biggie.com.py/images/products/7840006201581.jpg,2026-08-22T21:20:04.000000Z
7840037014211,Leche Chocolatada Los Colonos de 1.000 ml.,10600,Los Colonos,lacteos,leche,https://static.app.biggie.com.py/images/products/7840037014211.jpg,2026-08-22T21:20:04.000000Z
7840005011990,Yogurt Trebol Bio Body Vainilla botella de 1.000 ml.,16400,Trebol,lacteos,yogures-enteros,https://static.app.biggie.com.py/images/products/7840005011990.jpg,2026-08-22T21:20:04.000000Z
7840031010011,Yogurt Doña Angela de Frutilla de 140 gr.,2550,DOÑA ANGELA,lacteos,yogures-enteros,https://static.app.biggie.com.py/images/products/7840031010011.jpg,2026-08-22T21:20:04.000000Z
3228022910023,Manteca President Sin Sal de 200 gr.,29700,Parmalat,lacteos,mantecas,https://static.app.biggie.com.py/images/products/3228022910023.jpg,2026-08-22T21:20:04.000000Z
7840037014693,Yogurt Entero Los Colonos Vainilla de 350 gr.,5100,Los Colonos,lacteos,yogures-enteros,https://static.app.biggie.com.py/images/products/7840037014693-32601418.jpg,2026-08-22T21:20:04.000000Z
7840006201833,Yogurt Parmalat con Cereal Redonditos Chocolate de 140 gr.,4700,Parmalat,lacteos,yogures-enteros,https://static.app.biggie.com.py/images/products/7840006201833.jpg,2026-08-22T21:20:04.000000Z
7840006201819,Yogurt Parmalat con Cereal Arito de Color de 140 gr.,4700,Parmalat,lacteos,yogures-enteros,https://static.app.biggie.com.py/images/products/7840006201819.jpg,2026-08-22T21:20:04.000000Z
7840005013901,Yogurt Tropicana Banana de 1.000 ml.,7500,Co-op,lacteos,yogures-enteros,https://static.app.biggie.com.py/images/products/7840005013901.jpg,2026-08-22T21:20:04.000000Z
7840037014709,Yogurt Entero Los Colonos Coco de 350 gr.,5000,Los Colonos,lacteos,yogures-enteros,https://static.app.biggie.com.py/images/products/7840037014709.jpg,2026-08-22T21:20:04.000000Z
7840030002147,Leche Entera Ultra La Pradera Sachet de 1.000 ml.,7300,La Pradera,lacteos,leche,https://static.app.biggie.com.py/images/products/7840030002147-32632021.jpg,2026-08-22T21:20:04.000000Z
7840005013253,Leche Chocolatada Trebol Semidescremada Ultra Sachet de 1.000 ml.,9950,Trebol,lacteos,leche,https://static.app.biggie.com.py/images/products/7840005013253.jpg,2026-08-22T21:20:04.000000Z
7894904268290,Margarina Soya Con Sal Pote de 250 gr.,5600,Soya,lacteos,margarina,https://static.app.biggie.com.py/images/products/7894904268290.jpg,2026-08-22T21:20:04.000000Z
7840005012812,Yogurt Trebol Descremada Sin Lactosa Natural de 350 ml.,5250,Trebol,lacteos,yogures-dieteticos,https://static.app.biggie.com.py/images/products/7840005012812.jpg,2026-08-22T21:20:04.000000Z
7840005000529,Yogurt Trebol Durazno sachet de 500 ml.,5200,Trebol,lacteos,yogures-enteros,https://static.app.biggie.com.py/images/products/7840005000529.jpg,2026-08-22T21:20:04.000000Z
7840006161014,Leche Parmalat Larga Vida con Vitamina D de 1.000 ml.,8950,Parmalat,lacteos,leche,https://static.app.biggie.com.py/images/products/7840006161014.jpg,2026-08-22T21:20:04.000000Z
7840006201826,Yogurt Parmalat con Cereal Copos de Maiz de 152 gr.,4700,Parmalat,lacteos,yogures-enteros,https://static.app.biggie.com.py/images/products/7840006201826.jpg,2026-08-22T21:20:04.000000Z
7896691103648,Yogurt Carolina Griego Frutilla de 90 gr.,6900,Carolina,lacteos,yogures-enteros,,2026-08-22T21:20:04.000000Z
7840005011808,Yogurt Trebol Bio Con Fibra Ciruela de 180 gr.,3400,Trebol,lacteos,yogures-enteros,https://static.app.biggie.com.py/images/products/7840005011808.jpg,2026-08-22T21:20:04.000000Z
7840005013857,Yogurt Tropicana Frutilla de 500 ml.,3850,Co-op,lacteos,yogures-enteros,https://static.app.biggie.com.py/images/products/7840005013857.jpg,2026-08-22T21:20:04.000000Z
7891030300085,Leche Condensada Mococa Carton de 395 gr.,14950,MOCOCA,lacteos,leche-condensada-evaporada,https://static.app.biggie.com.py/images/products/7891030300085-32616005.jpg,2026-08-22T21:20:04.000000Z
7840006163025,Leche Chocolatada Parmalat larga vida de 200 ml.,3350,Parmalat,lacteos,leche,https://static.app.biggie.com.py/images/products/7840006163025.jpg,2026-08-22T21:20:04.000000Z
7840005013826,Yogurt Tropicana Vainilla de 500 ml.,3850,Co-op,lacteos,yogures-enteros,https://static.app.biggie.com.py/images/products/7840005013826.jpg,2026-08-22T21:20:04.000000Z
7840005013697,Bebida Lactea Coop Ultra de 1.000 ml.,5550,Co-op,lacteos,bebidas-lacteas,https://static.app.biggie.com.py/images/products/7840005013697.jpg,2026-08-22T21:20:04.000000Z
7790787002672,Leche Ilolay Uat Chocolatada con Vitaminas de 200 ml.,4300,iLoLay,lacteos,leche,https://static.app.biggie.com.py/images/products/7790787002672.jpg,2026-08-22T21:20:04.000000Z
7840005014014,Leche Trebol Whey Proteico de 1.000 ml.,19750,Trebol,lacteos,leche,,2026-08-22T21:20:04.000000Z
7840005012157,Yogurt Trebol Cero Frutilla de 1.000 ml.,15000,Trebol,lacteos,yogures-dieteticos,https://static.app.biggie.com.py/images/products/7840005012157.jpg,2026-08-22T21:20:04.000000Z
7898598750420,Chocolatada Quata UHT de 180 ml.,2550,QUATA,lacteos,leche,https://static.app.biggie.com.py/images/products/7898598750420.jpg,2026-08-22T21:20:04.000000Z
7840005012294,Yogurt Sachet Trebol Banana de 1.000 ml.,9900,Trebol,lacteos,yogures-enteros,https://static.app.biggie.com.py/images/products/7840005012294-32616737.jpg,2026-08-22T21:20:04.000000Z
7840037000887,Yogurt Los Colonos Kissi Kids con cereal de 150 gr.,3850,Los Colonos,lacteos,yogures-enteros,https://static.app.biggie.com.py/images/products/7840037000887.jpg,2026-08-22T21:20:04.000000Z
7840005013567,Yogurt Trebol Natural de 350 gr.,5250,Trebol,lacteos,yogures-dieteticos,https://static.app.biggie.com.py/images/products/7840005013567.jpg,2026-08-22T21:20:04.000000Z
7840005012928,Yogurt Trebol Dietetico Vainilla de 140 gr.,2700,Trebol,lacteos,yogures-dieteticos,https://static.app.biggie.com.py/images/products/7840005012928.jpg,2026-08-22T21:20:04.000000Z
7840005012935,Yogurt Trebol Dietetico Frutilla de 140 gr.,2700,Trebol,lacteos,yogures-dieteticos,https://static.app.biggie.com.py/images/products/7840005012935.jpg,2026-08-22T21:20:04.000000Z
7840005013888,Bebida Lactea Tropicana Coco de 500 ml.,3850,Co-op,lacteos,bebidas-lacteas,https://static.app.biggie.com.py/images/products/7840005013888.jpg,2026-08-22T21:20:04.000000Z
7840005012911,Yogurt Trebol Dietetico Coco de 140 gr.,2700,Trebol,lacteos,yogures-dieteticos,https://static.app.biggie.com.py/images/products/7840005012911.jpg,2026-08-22T21:20:04.000000Z
7840005014397,Yogurt Tropicana Frutas Tropicales Sachet de 1.000 ml.,6850,tropicana,lacteos,yogures-enteros,,2026-08-22T21:20:04.000000Z
7840006204469,Yogurt Parmalat Vainilla de 140 gr.,2750,Parmalat,lacteos,yogures-enteros,https://static.app.biggie.com.py/images/products/7840006204469.jpg,2026-08-22T21:20:04.000000Z
7840006204261,Bebida Lactea San Loren Frutilla de 120 gr.,1650,San Loren,lacteos,bebidas-lacteas,https://static.app.biggie.com.py/images/products/7840006204261.jpg,2026-08-22T21:20:04.000000Z
7840005000406,Yogurt Entero Trebolin Durazno de 140 gr.,2700,Trebol,lacteos,yogures-enteros,https://static.app.biggie.com.py/images/products/7840005000406.jpg,2026-08-22T21:20:04.000000Z
7840005011815,Yogurt Trebol Bio Fibra Frutilla 180 gr.,3400,Trebol,lacteos,yogures-enteros,https://static.app.biggie.com.py/images/products/7840005011815.jpg,2026-08-22T21:20:04.000000Z
7840006204278,Bebida Lactea San Loren Vainilla de 120 gr.,1650,San Loren,lacteos,bebidas-lacteas,https://static.app.biggie.com.py/images/products/7840006204278.jpg,2026-08-22T21:20:04.000000Z
7840005012843,Yogurt Trebol Entero Sin Lactosa Natural de 350 ml.,5200,Trebol,lacteos,yogures-enteros,https://static.app.biggie.com.py/images/products/7840005012843.jpg,2026-08-22T21:20:04.000000Z
7840005000352,Crema de Leche Trebol sachet de 1.000 ml.,25000,Trebol,lacteos,crema-de-leche,https://static.app.biggie.com.py/images/products/7840005000352.jpg,2026-08-22T21:20:04.000000Z
7840037015201,Yogurt Los Colonos Kissi Kids con Frutticer de 13 gr.,3850,Los Colonos,lacteos,yogures-enteros,https://static.app.biggie.com.py/images/products/7840037015201.jpg,2026-08-22T21:20:04.000000Z
7840037014662,Bebida Fermentada Los Colonos frutilla de 1.000 gr.,8100,Los Colonos,lacteos,bebidas-lacteas,https://static.app.biggie.com.py/images/products/7840037014662.jpg,2026-08-22T21:20:04.000000Z
7840037014648,Bebida Fermentada Los Colonos vainilla de 1.000 gr.,7900,Los Colonos,lacteos,bebidas-lacteas,https://static.app.biggie.com.py/images/products/7840037014648.jpg,2026-08-22T21:20:04.000000Z
7840006202175,Bebida Lactea San Loren sabor frutilla de 500 ml.,4650,Parmalat,lacteos,bebidas-lacteas,https://static.app.biggie.com.py/images/products/7840006202175.jpg,2026-08-22T21:20:04.000000Z
7840006204629,Bebida Lactea San Loren entera Sabor Coco de 120 gr.,1650,San Loren,lacteos,bebidas-lacteas,https://static.app.biggie.com.py/images/products/7840006204629.jpg,2026-08-22T21:20:04.000000Z
7840006202168,Bebida Lactea San Loren fermentada vainilla de 500 ml.,4650,San Loren,lacteos,bebidas-lacteas,https://static.app.biggie.com.py/images/products/7840006202168.jpg,2026-08-22T21:20:04.000000Z
7840006204421,Yogurt Parmalat Frutilla de 140 gr.,2750,Parmalat,lacteos,yogures-enteros,https://static.app.biggie.com.py/images/products/7840006204421.jpg,2026-08-22T21:20:04.000000Z
3228020355741,Manteca President Con Sal de 200 gr.,29700,President,lacteos,mantecas,https://static.app.biggie.com.py/images/products/3228020355741.jpg,2026-08-22T21:20:04.000000Z
7840005011570,Yogurt Bio Fibra Vainilla de 180 gr.,3400,Trebol,lacteos,yogures-dieteticos,https://static.app.biggie.com.py/images/products/7840005011570.jpg,2026-08-22T21:20:04.000000Z
7840037014754,Yogurt Entero Los Colonos Frutilla de 140 gr.,2500,Los Colonos,lacteos,yogures-enteros,https://static.app.biggie.com.py/images/products/7840037014754-32606991.jpg,2026-08-22T21:20:04.000000Z
7840037014778,Yogurt Los Colonos Kissi Kids con cereal de chocolate de 150 gr.,3850,Los Colonos,lacteos,yogures-enteros,https://static.app.biggie.com.py/images/products/7840037014778.jpg,2026-08-22T21:20:04.000000Z
7894904271535,Margarina Delicia con Crema de Leche de 250 gr.,10350,Delicia,lacteos,margarina,https://static.app.biggie.com.py/images/products/7894904271535.jpg,2026-08-22T21:20:04.000000Z
7840037015409,Yogurth Entero Los Colonos Frutos del Bosque Pote de 350 gr.,4700,Los Colonos,lacteos,yogures-enteros,https://static.app.biggie.com.py/images/products/7840037015409.jpg,2026-08-22T21:20:04.000000Z
7840037014730,Yogurt Los Colonos Entero Vainilla de 140 gr.,2500,Los Colonos,lacteos,yogures-enteros,https://static.app.biggie.com.py/images/products/7840037014730-32629534.jpg,2026-08-22T21:20:04.000000Z
7840005014236,Yogurt Trebol Frutos del bosque de 180 gr.,3050,Trebol,lacteos,yogures-enteros,https://static.app.biggie.com.py/images/products/7840005014236.jpg,2026-08-22T21:20:04.000000Z
7898905356161,Leche de Coco Virgen de 200 ml.,9650,Virgen,lacteos,leche-de-coco,https://static.app.biggie.com.py/images/products/7898905356161.jpg,2026-08-22T21:20:04.000000Z
7840005014243,Yogurt Trebol Entero Pera y Manzana de 180 gr.,3050,Trebol,lacteos,yogures-enteros,https://static.app.biggie.com.py/images/products/7840005014243.jpg,2026-08-22T21:20:04.000000Z
7840037014747,Yogurt Los Colonos Entero Coco de 140 gr.,2500,Los Colonos,lacteos,yogures-enteros,https://static.app.biggie.com.py/images/products/7840037014747-32606697.jpg,2026-08-22T21:20:04.000000Z
7840037014655,Bebida Lactea Fermentada Vainilla de 500 gr.,4100,Los Colonos,lacteos,bebidas-lacteas,https://static.app.biggie.com.py/images/products/7840037014655-32617216.jpg,2026-08-22T21:20:04.000000Z
7840037014679,Bebida Lactea Los Colonos Fermentada Frutilla de 500 gr.,4100,Los Colonos,lacteos,bebidas-lacteas,https://static.app.biggie.com.py/images/products/7840037014679.jpg,2026-08-22T21:20:04.000000Z
7840005014250,Yogurt Trebol Entero Banana de 180 gr.,3050,Trebol,lacteos,yogures-enteros,https://static.app.biggie.com.py/images/products/7840005014250.jpg,2026-08-22T21:20:04.000000Z
7840031155958,Yogurt Doña Angela Sin Lactosa Frutilla de 180 ml.,3350,DOÑA ANGELA,lacteos,yogures-dieteticos,https://static.app.biggie.com.py/images/products/7840031155958.jpg,2026-08-22T21:20:04.000000Z
7840031155965,Yogurt Doña Angela Sin Lactosa Vainilla de 180 ml.,3350,DOÑA ANGELA,lacteos,yogures-dieteticos,https://static.app.biggie.com.py/images/products/7840031155965.jpg,2026-08-22T21:20:04.000000Z
7840005013864,Yogurt Tropicana Frutilla de 140 cc.,1500,Co-op,lacteos,yogures-enteros,https://static.app.biggie.com.py/images/products/7840005013864.jpg,2026-08-22T21:20:04.000000Z
7840005013895,Bebida Lactea Tropicana sabor Coco 140 gr.,1500,Co-op,lacteos,bebidas-lacteas,https://static.app.biggie.com.py/images/products/7840005013895.jpg,2026-08-22T21:20:04.000000Z
7804659650363,Bebida Vegetal NotCo Not Milk Original de 1.000 ml.,33000,NotCo,lacteos,leche-alternativa,https://static.app.biggie.com.py/images/products/7804659650363.jpg,2026-08-22T21:20:04.000000Z
0636601353681,Leche de Coco Lucky en Polvo Doypack de 200 gr.,42900,Lucky,lacteos,leche-de-coco,,2026-08-22T21:20:04.000000Z
0736532573964,Bebida Lactea Mulkshake Chocolate UHT de 250 ml.,14000,Mulkshake,lacteos,bebidas-lacteas,https://static.app.biggie.com.py/images/products/0736532573964.jpg,2026-08-22T21:20:04.000000Z
0736532573988,Bebida Lactea Mulkshake Cappuccino UHT de 250 ml.,14000,Mulkshake,lacteos,bebidas-lacteas,https://static.app.biggie.com.py/images/products/0736532573988.jpg,2026-08-22T21:20:04.000000Z
7848001700252,Yogurt Griego Aguai de 350 ml.,21400,AGUAI,lacteos,yogures-enteros,https://static.app.biggie.com.py/images/products/7848001700252.jpg,2026-08-22T21:20:04.000000Z
7848001700382,Yogurt Griego Aguai Deslactosado de 380 ml.,25500,AGUAI,lacteos,yogures-enteros,https://static.app.biggie.com.py/images/products/7848001700382.jpg,2026-08-22T21:20:04.000000Z
7848001700351,Yogurt Jopoi Tipo Griego de 200 gr.,7900,Jopoi,lacteos,yogures-enteros,https://static.app.biggie.com.py/images/products/7848001700351.jpg,2026-08-22T21:20:04.000000Z
7840416000491,Bebida Lactea Super Eco Fermentada Coco de 1.000 gr.,6650,Super Eco,lacteos,bebidas-lacteas,,2026-08-22T21:20:04.000000Z
7840416000323,Bebida Lactea Super Eco Fermentada Coco de 140 gr.,1500,Super Eco,lacteos,bebidas-lacteas,,2026-08-22T21:20:04.000000Z
7840416000330,Bebida Lactea Super Eco Fermentada Coco de 350 gr.,3350,Super Eco,lacteos,bebidas-lacteas,,2026-08-22T21:20:04.000000Z
7840416000484,Bebida Lactea Super Eco Fermentada Coco de 500 gr.,3600,Super Eco,lacteos,bebidas-lacteas,,2026-08-22T21:20:04.000000Z
7840416000538,Bebida Lactea Super Eco Fermentada Durazno de 1.000 gr.,6650,Super Eco,lacteos,bebidas-lacteas,,2026-08-22T21:20:04.000000Z
7840416000347,Bebida Lactea Super Eco Fermentada Durazno de 140 gr.,1500,Super Eco,lacteos,bebidas-lacteas,,2026-08-22T21:20:04.000000Z
7840416000354,Bebida Lactea Super Eco Fermentada Durazno de 350 gr.,3350,Super Eco,lacteos,bebidas-lacteas,,2026-08-22T21:20:04.000000Z
7840416000514,Bebida Lactea Super Eco Fermentada Frutilla de 1.000 gr.,6650,Super Eco,lacteos,bebidas-lacteas,,2026-08-22T21:20:04.000000Z
7840416000361,Bebida Lactea Super Eco Fermentada Frutilla de 140 gr.,1500,Super Eco,lacteos,bebidas-lacteas,,2026-08-22T21:20:04.000000Z
7840416000378,Bebida Lactea Super Eco Fermentada Frutilla de 350 gr.,3350,Super Eco,lacteos,bebidas-lacteas,,2026-08-22T21:20:04.000000Z
7840416000477,Bebida Lactea Super Eco Fermentada Vainilla de 1.000 gr.,6650,Super Eco,lacteos,bebidas-lacteas,,2026-08-22T21:20:04.000000Z
7840416000316,Bebida Lactea Super Eco Fermentada Vainilla de 350 gr.,3350,Super Eco,lacteos,bebidas-lacteas,,2026-08-22T21:20:04.000000Z
7840416000460,Bebida Lactea Super Eco Fermentada Vainilla de 500 gr.,3600,Super Eco,lacteos,bebidas-lacteas,,2026-08-22T21:20:04.000000Z
7840416000309,Bebida Lactea Super Eco Fermentada Vainilla de140 gr.,1500,Super Eco,lacteos,bebidas-lacteas,,2026-08-22T21:20:04.000000Z
3457221107129,Manteca de Almendras Belite.,80000,Belite Fit Bakery,lacteos,mantecas,,2026-08-22T21:20:04.000000Z
7891173022868,Resma A4 Chamex 500 Hojas.,32500,Chamex,libreria,articulos-de-libreria,https://static.app.biggie.com.py/images/products/7891173022868.jpg,2026-08-22T21:20:04.000000Z
4532141184241,Llaveros Dulcitoy Premium Personajes Varios x Uni.,23000,Dulcitoy,libreria,articulos-de-libreria,,2026-08-22T21:20:04.000000Z
77960863,Pegamento Voligoma de 30 ml.,13100,Voligoma,libreria,articulos-de-libreria,https://static.app.biggie.com.py/images/products/77960863.jpg,2026-08-22T21:20:04.000000Z
7848990011704,Rifa Teleton x Uni.,20000,Teleton,libreria,articulos-de-libreria,,2026-08-22T21:20:04.000000Z
9789974706163,Libro Atlas Codigo 9.,38500,Atlas,libreria,libros,https://static.app.biggie.com.py/images/products/9789974706163-32623564.jpg,2026-08-22T21:20:04.000000Z
9788478649587,Libro Editorial Atlas Codigo 7.,24500,Atlas,libreria,libros,https://static.app.biggie.com.py/images/products/9788478649587-32606377.jpg,2026-08-22T21:20:04.000000Z
7896572000547,"Boligrafo Compactor Punta Fina 0,7 mm Azul x Uni.",1650,Compactor,libreria,articulos-de-libreria,https://static.app.biggie.com.py/images/products/7896572000547.jpg,2026-08-22T21:20:04.000000Z
8800010028795,Cuaderno Para Pintar De Stitch,10500,Sin Marca,libreria,libros,,2026-08-22T21:20:04.000000Z
8800010028801,Cuaderno Para Pintar De Capibara,10500,Sin Marca,libreria,libros,,2026-08-22T21:20:04.000000Z
1086058007085,Mini Agenda De Capibara Con Boligrafo,8000,Texco,libreria,libros,,2026-08-22T21:20:04.000000Z
660131,Libro ABC Color Ana de las Tejas Verdes una Amistad para Siempre x Uni,40000,ABC Color,libreria,libros,https://static.app.biggie.com.py/images/products/660131.jpg,2026-08-22T21:20:04.000000Z
7891150069121,Jabon en Polvo Omo Lavado Perfecto de 2.200 gr.,58600,OMO,limpieza,jabones-de-ropa,https://static.app.biggie.com.py/images/products/7891150069121-25993315.jpg,2026-08-22T21:20:04.000000Z
7840001002008,Detergente lavavajillas Zitron de 1.000 ml.,10750,Zitron,limpieza,lavavajillas-y-detergentes,https://static.app.biggie.com.py/images/products/7840001002008.jpg,2026-08-22T21:20:04.000000Z
7891150064928,Jabon Liquido Omo Lavado Perfecto de 900 ml.,23300,OMO,limpieza,jabones-de-ropa,https://static.app.biggie.com.py/images/products/7891150064928-29961185.jpg,2026-08-22T21:20:04.000000Z
7891150028944,Suavizante Comfort Concentrado Cuidado Essencial de 1.000 ml.,41500,COMFORT,limpieza,suavizantes,https://static.app.biggie.com.py/images/products/7891150028944-29261057.jpg,2026-08-22T21:20:04.000000Z
7791290792791,Jabon Liquido Skip Diluido Perfect Results de 3.000 ml.,89450,Skip,limpieza,jabones-de-ropa,https://static.app.biggie.com.py/images/products/7791290792791.jpg,2026-08-22T21:20:04.000000Z
7891150045484,Suavizante Comfort Concentrado Fiber Protec de 1000 ml.,41500,COMFORT,limpieza,suavizantes,https://static.app.biggie.com.py/images/products/7891150045484.jpg,2026-08-22T21:20:04.000000Z
7891150070974,Suavizante Comfort Tradicional Explos Azul de 1.800 ml.,29350,COMFORT,limpieza,suavizantes,https://static.app.biggie.com.py/images/products/7891150070974-29431584.jpg,2026-08-22T21:20:04.000000Z
7891150064317,Jabon en Polvo Omo Concentrado de 800 gr.,24150,OMO,limpieza,jabones-de-ropa,https://static.app.biggie.com.py/images/products/7891150064317.jpg,2026-08-22T21:20:04.000000Z
7779970670119,Jabon en Polvo Omo poder acelerador alta espuma de 200 gr.,7400,OMO,limpieza,jabones-de-ropa,https://static.app.biggie.com.py/images/products/7779970670119.jpg,2026-08-22T21:20:04.000000Z
7891150042117,Suavizante Comfort Concentrado Expert de 1.000 ml.,41500,COMFORT,limpieza,suavizantes,https://static.app.biggie.com.py/images/products/7891150042117.jpg,2026-08-22T21:20:04.000000Z
7730716400858,Adhesivo para Zapatillas Eccole de 9 gr.,36700,Eccole,limpieza,cuidado-de-calzado,https://static.app.biggie.com.py/images/products/7730716400858.jpg,2026-08-22T21:20:04.000000Z
7730219013036,Rollo de Cocina Elite Ultra x 3- Pague 2 lleve 3.,25900,ELITE,limpieza,rollo-de-cocina,https://static.app.biggie.com.py/images/products/7730219013036.jpg,2026-08-22T21:20:04.000000Z
7891150064522,Jabon en Polvo Omo Lavado Perfecto de 400 gr.,13050,OMO,limpieza,jabones-de-ropa,https://static.app.biggie.com.py/images/products/7891150064522.jpg,2026-08-22T21:20:04.000000Z
7891150091269,Jabon Liquido Omo Ultra Power de 1.800 ml.,49500,OMO,limpieza,jabones-de-ropa,,2026-08-22T21:20:04.000000Z
7840154101603,Bolsa para Residuos Base Base superior alta resistencia de 200 l.,26200,Base Base,limpieza,bolsas,https://static.app.biggie.com.py/images/products/7840154101603.jpg,2026-08-22T21:20:04.000000Z
7791290795129,Jabon Liquido Granby Plus Para Ropa de 3.000 ml.,41650,Granby,limpieza,jabones-de-ropa,https://static.app.biggie.com.py/images/products/7791290795129.jpg,2026-08-22T21:20:04.000000Z
7840154100415,Bolsa para Residuos Base Base alta resistencia de 150 l.,19200,Base Base,limpieza,bolsas,https://static.app.biggie.com.py/images/products/7840154100415.jpg,2026-08-22T21:20:04.000000Z
7791290792807,Jabon Liquido Skip botella de 3.000 ml.,95450,Skip,limpieza,jabones-de-ropa,https://static.app.biggie.com.py/images/products/7791290792807.jpg,2026-08-22T21:20:04.000000Z
7840001001964,Detergente Zitron Verde de 480 ml.,6750,Zitron,limpieza,lavavajillas-y-detergentes,https://static.app.biggie.com.py/images/products/7840001001964.jpg,2026-08-22T21:20:04.000000Z
7791290793316,Jabon en Polvo Omo con Bicarbonato Lavado a Mano de 800 gr.,21350,OMO,limpieza,jabones-de-ropa,https://static.app.biggie.com.py/images/products/7791290793316.jpg,2026-08-22T21:20:04.000000Z
7891150064331,Jabon en Polvo Omo Lavagem de 1.600 gr.,46050,OMO,limpieza,jabones-de-ropa,https://static.app.biggie.com.py/images/products/7891150064331.jpg,2026-08-22T21:20:04.000000Z
7891150000971,Suavizante Comfort Intenso Cuidado Especial de 500 ml.,21750,COMFORT,limpieza,suavizantes,https://static.app.biggie.com.py/images/products/7891150000971-29260905.jpg,2026-08-22T21:20:04.000000Z
7891150080188,Jabon en Polvo Omo Lavanda de 800 gr.,24300,OMO,limpieza,jabones-de-ropa,https://static.app.biggie.com.py/images/products/7891150080188.jpg,2026-08-22T21:20:04.000000Z
7791290793682,Suavizante Comfort Diluido Classic Doypack 900 ml.,16900,COMFORT,limpieza,suavizantes,https://static.app.biggie.com.py/images/products/7791290793682.jpg,2026-08-22T21:20:04.000000Z
7840003023087,Jabon Liquido para ropa Kinder liberacion de perfume de 900 ml.,14400,Kinder,limpieza,jabones-de-ropa,https://static.app.biggie.com.py/images/products/7840003023087-32628078.jpg,2026-08-22T21:20:04.000000Z
7791290794078,Detergente Cif Limon Botella de 750 ml.,18100,CIF,limpieza,lavandinas-y-quitamanchas,https://static.app.biggie.com.py/images/products/7791290794078.jpg,2026-08-22T21:20:04.000000Z
7791290795112,Jabon Liquido Granby Plus Para Ropa de 800 ml.,12300,Granby,limpieza,jabones-de-ropa,https://static.app.biggie.com.py/images/products/7791290795112.jpg,2026-08-22T21:20:04.000000Z
7840001151591,Bolsas Maravillas Para Residuos Superior Alta Resistencia de 200 ml.,24750,Maravilla,limpieza,bolsas,https://static.app.biggie.com.py/images/products/7840001151591.jpg,2026-08-22T21:20:04.000000Z
7791290794238,Limpiador Liquido Cif Multiuso Original de 375 gr.,12500,CIF,limpieza,limpiadores,https://static.app.biggie.com.py/images/products/7791290794238.jpg,2026-08-22T21:20:04.000000Z
7790520508607,Insecticida Raid Azul Mata Moscas y Mosquitos Sin Olor de 360 ml.,32900,RAID,limpieza,insecticidas,https://static.app.biggie.com.py/images/products/7790520508607.jpg,2026-08-22T21:20:04.000000Z
7840003020727,Insecticida Mapex matatodo aerosol de 330 ml.,28900,Mapex,limpieza,insecticidas,https://static.app.biggie.com.py/images/products/7840003020727.jpg,2026-08-22T21:20:04.000000Z
7840118217302,Jabon en Polvo Cavallaro Insuperable de 1.000 gr.,15300,Cavallaro,limpieza,jabones-de-ropa,https://static.app.biggie.com.py/images/products/7840118217302.jpg,2026-08-22T21:20:04.000000Z
7840118215513,Jabon en Polvo Guaira Deluxe de 800 gr.,21500,Cavallaro,limpieza,jabones-de-ropa,https://static.app.biggie.com.py/images/products/7840118215513.jpg,2026-08-22T21:20:04.000000Z
7791290795013,Jabon en Polvo Granby Plus Matic Blanqueador de 800 gr.,13050,Granby,limpieza,jabones-de-ropa,https://static.app.biggie.com.py/images/products/7791290795013.jpg,2026-08-22T21:20:04.000000Z
7840118217579,Suavizante Cavallaro Doy Pack Clasico de 2.000 ml.,34400,Cavallaro,limpieza,suavizantes,https://static.app.biggie.com.py/images/products/7840118217579.jpg,2026-08-22T21:20:04.000000Z
7840001004507,Insecticida en Aerosol Matiris Mata Todo de 400 ml.,28250,Matiris,limpieza,insecticidas,https://static.app.biggie.com.py/images/products/7840001004507.jpg,2026-08-22T21:20:04.000000Z
7791290794221,Limpiador Cif Multiuso Tradicional de 750 gr.,23500,CIF,limpieza,limpiadores,https://static.app.biggie.com.py/images/products/7791290794221.jpg,2026-08-22T21:20:04.000000Z
7840001001384,Insecticida Matiris Matatodo de 400 ml.,28250,Matiris,limpieza,insecticidas,https://static.app.biggie.com.py/images/products/7840001001384.jpg,2026-08-22T21:20:04.000000Z
7840118219429,Jabon en Polvo Cavallaro Insuperable Citrus de 1.000 gr.,15300,Cavallaro,limpieza,jabones-de-ropa,https://static.app.biggie.com.py/images/products/7840118219429.jpg,2026-08-22T21:20:04.000000Z
7840096128386,Cloro Granulado Tecnoclor de 1.000 gr.,88200,Tecnoclor,limpieza,cuidado-de-piscina,https://static.app.biggie.com.py/images/products/7840096128386.jpg,2026-08-22T21:20:04.000000Z
7730219013098,Rollo de Cocina Elite Pack x 2 Uni.,16100,ELITE,limpieza,rollo-de-cocina,https://static.app.biggie.com.py/images/products/7730219013098.jpg,2026-08-22T21:20:04.000000Z
7891150069053,Jabon en Polvo Omo Lavado Perfecto de 4.000 gr.,104300,OMO,limpieza,jabones-de-ropa,https://static.app.biggie.com.py/images/products/7891150069053.jpg,2026-08-22T21:20:04.000000Z
7730281001825,Escobillón Puloil doble barrido.,38500,Puloil,limpieza,escobas-escurridores-palitas,https://static.app.biggie.com.py/images/products/7730281001825.jpg,2026-08-22T21:20:04.000000Z
7840154104093,Combo Pack limpieza Base Base.,17250,Base Base,limpieza,lavavajillas-y-detergentes,https://static.app.biggie.com.py/images/products/7840154104093.jpg,2026-08-22T21:20:04.000000Z
7891150070967,Suavizante Comfort Puro Cuidado de 1.800 ml.,29350,COMFORT,limpieza,suavizantes,https://static.app.biggie.com.py/images/products/7891150070967-30926622.jpg,2026-08-22T21:20:04.000000Z
7891150086456,Jabon en Polvo Brilhante Higiene Total de 800 gr.,20250,BRILHANTE,limpieza,jabones-de-ropa,https://static.app.biggie.com.py/images/products/7891150086456.jpg,2026-08-22T21:20:04.000000Z
7840003024800,Insecticida Mapex Multiinsectos Sin Olor de 330 ml.,35300,Mapex,limpieza,insecticidas,https://static.app.biggie.com.py/images/products/7840003024800.jpg,2026-08-22T21:20:04.000000Z
7891150092204,Jabon en Polvo Omo Expert Blanco Absoluto de 750 gr.,26400,OMO,limpieza,jabones-de-ropa,https://static.app.biggie.com.py/images/products/7891150092204.jpg,2026-08-22T21:20:04.000000Z
7840001004729,Insecticida Matiris Matatodo Acuoso de 400 ml.,28250,Matiris,limpieza,insecticidas,https://static.app.biggie.com.py/images/products/7840001004729.jpg,2026-08-22T21:20:04.000000Z
7896110012162,Rollo de Cocina Snob 2 Rollos de 120 m.,27450,SNOB,limpieza,rollo-de-cocina,https://static.app.biggie.com.py/images/products/7896110012162.jpg,2026-08-22T21:20:04.000000Z
7840118010156,Jabon en Pan Cavallaro Coco Puro de 400 gr.,22000,Cavallaro,limpieza,jabones,https://static.app.biggie.com.py/images/products/7840118010156.jpg,2026-08-22T21:20:04.000000Z
7790520031549,Desodorante de Ambiente Glade Automatico Rep Naranjo y Orquideas x Uni.,49900,Glade,limpieza,perfumadores-de-ambiente,https://static.app.biggie.com.py/images/products/7790520031549.jpg,2026-08-22T21:20:04.000000Z
7840763007822,Bolsa Polifoam Reforzada de 150 lts x 10 Uni.,15400,polifoam,limpieza,bolsas,https://static.app.biggie.com.py/images/products/7840763007822-28113272.jpg,2026-08-22T21:20:04.000000Z
7840557001487,Bolsas para Residuos Yvera resistentes 200 lts. x 10,11700,YVERA,limpieza,bolsas,https://static.app.biggie.com.py/images/products/7840557001487.jpg,2026-08-22T21:20:04.000000Z
7840833000180,Detergente Activo 100 limon de 750 ml.,9100,Activo 100,limpieza,lavavajillas-y-detergentes,https://static.app.biggie.com.py/images/products/7840833000180.jpg,2026-08-22T21:20:04.000000Z
7891150086562,Jabon en Polvo Brilhante de 2.400 gr.,49700,BRILHANTE,limpieza,jabones-de-ropa,https://static.app.biggie.com.py/images/products/7891150086562.jpg,2026-08-22T21:20:04.000000Z
7790520024329,Insecticida Baygon todo insecto aero 300 ml x Uni.,26900,BAYGON,limpieza,insecticidas,https://static.app.biggie.com.py/images/products/7790520024329.jpg,2026-08-22T21:20:04.000000Z
7840154102105,Bolsa para Residuo Base Base resistente de 200 l.,15350,Base Base,limpieza,bolsas,https://static.app.biggie.com.py/images/products/7840154102105.jpg,2026-08-22T21:20:04.000000Z
7840010203991,Cloro Puloil Granulado para Piscinas de 1.000 gr.,75100,Puloil,limpieza,cuidado-de-piscina,https://static.app.biggie.com.py/images/products/7840010203991.jpg,2026-08-22T21:20:04.000000Z
7840003022868,Jabon en Polvo Kinder liberacion de perfume de 1000 gr.,15000,Kinder,limpieza,jabones-de-ropa,https://static.app.biggie.com.py/images/products/7840003022868.jpg,2026-08-22T21:20:04.000000Z
7840154101412,Lavandina Base Base de 2.000 ml.,10400,Base Base,limpieza,lavandinas-y-quitamanchas,https://static.app.biggie.com.py/images/products/7840154101412.jpg,2026-08-22T21:20:04.000000Z
7790520990884,Aromatizante Glade Placer Floral y Frutos Rojos de 70 gr.,15900,Glade,limpieza,perfumadores-de-ambiente,https://static.app.biggie.com.py/images/products/7790520990884.jpg,2026-08-22T21:20:04.000000Z
7793253005498,Toallita Desinfectante Ayudin Flow Fresco Doypack x Uni.,29000,Ayudín,limpieza,limpiadores,https://static.app.biggie.com.py/images/products/7793253005498.jpg,2026-08-22T21:20:04.000000Z
7790520990624,Desinfectante de Ambiente Lysoform Lavanda de 495 ml.,36900,Lysoform,limpieza,desinfectante-de-ambiente,https://static.app.biggie.com.py/images/products/7790520990624.jpg,2026-08-22T21:20:04.000000Z
7891150086432,Jabon en Polvo Brillante Multi Tejidos de 800 gr.,20250,BRILHANTE,limpieza,jabones-de-ropa,https://static.app.biggie.com.py/images/products/7891150086432.jpg,2026-08-22T21:20:04.000000Z
720101,Bolsa Biggie para Regalos x Uni.,5500,Biggie,limpieza,bolsas,https://static.app.biggie.com.py/images/products/720101.jpg,2026-08-22T21:20:04.000000Z
7896366207367,Papel de Aluminio Giopack de 45 x 7.5 m.,21900,Giopack,limpieza,articulos-p-embalaje,https://static.app.biggie.com.py/images/products/7896366207367-32614582.jpg,2026-08-22T21:20:04.000000Z
7840004582576,Limpiador Cif Crema Original de 750 gr + Cif Baño de 450 ml.,23500,CIF,limpieza,limpiadores,https://static.app.biggie.com.py/images/products/7840004582576.jpg,2026-08-22T21:20:04.000000Z
7791290794245,Limpiador Cif Multiuso Limon de 750 gr.,22500,CIF,limpieza,limpiadores,https://static.app.biggie.com.py/images/products/7791290794245.jpg,2026-08-22T21:20:04.000000Z
7791290793699,Suavizante Comfort Classic de 450 ml.,9150,COMFORT,limpieza,suavizantes,https://static.app.biggie.com.py/images/products/7791290793699.jpg,2026-08-22T21:20:04.000000Z
7840010204028,Bolsa de Basura Puloil Alta Resistencia Naranja de 250 lts x 10 Uni.,31450,Puloil,limpieza,bolsas,https://static.app.biggie.com.py/images/products/7840010204028.jpg,2026-08-22T21:20:04.000000Z
7840096000255,Bolsa para Residuos Amita de 200 lts.,11900,Amita,limpieza,bolsas,https://static.app.biggie.com.py/images/products/7840096000255.jpg,2026-08-22T21:20:04.000000Z
7841395000083,Cloro Fraxiquim Granulado Pote de 1.000 gr.,67900,fraxiquim,limpieza,cuidado-de-piscina,https://static.app.biggie.com.py/images/products/7841395000083.jpg,2026-08-22T21:20:04.000000Z
7891334199019,"Papel de Aluminio Theoto 30cm x7,5 Metros.",19000,THEOTO,limpieza,articulos-p-embalaje,https://static.app.biggie.com.py/images/products/7891334199019-32602484.jpg,2026-08-22T21:20:04.000000Z
7791290794061,Detergente Cif Limon Botella de 500 ml.,12650,CIF,limpieza,lavandinas-y-quitamanchas,https://static.app.biggie.com.py/images/products/7791290794061.jpg,2026-08-22T21:20:04.000000Z
7840118217517,Suavizante Cavallaro Clasico Premium Doypack de 450 cc.,11000,Cavallaro,limpieza,suavizantes,https://static.app.biggie.com.py/images/products/7840118217517.jpg,2026-08-22T21:20:04.000000Z
7891150045460,Suavisante Comfort Oleo de Argan de 500 ml.,21750,COMFORT,limpieza,suavizantes,https://static.app.biggie.com.py/images/products/7891150045460.jpg,2026-08-22T21:20:04.000000Z
7840118218668,Suavizante Cavallaro Oriental Edición Especial de 450 ml.,11050,Cavallaro,limpieza,suavizantes,https://static.app.biggie.com.py/images/products/7840118218668.jpg,2026-08-22T21:20:04.000000Z
7840154102495,Bolsa para Residuo Base Base 10 un. 150 l.,10700,Base Base,limpieza,bolsas,https://static.app.biggie.com.py/images/products/7840154102495.jpg,2026-08-22T21:20:04.000000Z
7840118217272,Jabon en Polvo Cavallaro Insuperable de 3.000 gr.,43000,Cavallaro,limpieza,jabones-de-ropa,https://static.app.biggie.com.py/images/products/7840118217272.jpg,2026-08-22T21:20:04.000000Z
7840001010720,Insecticida Matiris Insectos Voladores de 400 ml.,28250,Matiris,limpieza,insecticidas,https://static.app.biggie.com.py/images/products/7840001010720.jpg,2026-08-22T21:20:04.000000Z
7840118215247,Jabon en Polvo Guaira Deluxe de 2.000 gr.,48500,Cavallaro,limpieza,jabones-de-ropa,https://static.app.biggie.com.py/images/products/7840118215247-32614686.jpg,2026-08-22T21:20:04.000000Z
7840118010095,Jabon en Pan Cavallaro Coco Puro de 200 gr.,10300,Cavallaro,limpieza,jabones,https://static.app.biggie.com.py/images/products/7840118010095.jpg,2026-08-22T21:20:04.000000Z
7840557001531,Bolsa para Residuos Yvera Resistente de 250 lts.,14700,YVERA,limpieza,bolsas,https://static.app.biggie.com.py/images/products/7840557001531.jpg,2026-08-22T21:20:04.000000Z
7790520998316,Desodorante Glade Aerosol Lavanda de 420 ml.,16900,Glade,limpieza,perfumadores-de-ambiente,https://static.app.biggie.com.py/images/products/7790520998316.jpg,2026-08-22T21:20:04.000000Z
7840010203557,Jabon Liquido Asi Para Ropas Fiber Max de 900 ml.,23000,Así,limpieza,jabones-de-ropa,https://static.app.biggie.com.py/images/products/7840010203557.jpg,2026-08-22T21:20:04.000000Z
7840118217548,Suavizante Cavallaro Clasico Doypack de 900 ml .,18200,Cavallaro,limpieza,suavizantes,https://static.app.biggie.com.py/images/products/7840118217548.jpg,2026-08-22T21:20:04.000000Z
7891150092211,Jabon en Polvo Omo Abosluto 360g,14250,OMO,limpieza,jabones-de-ropa,https://static.app.biggie.com.py/images/products/7891150092211.jpg,2026-08-22T21:20:04.000000Z
7791290795020,Jabon en Polvo Granby de Limon Matic de 3.000 gr.,48800,Granby,limpieza,jabones-de-ropa,https://static.app.biggie.com.py/images/products/7791290795020.jpg,2026-08-22T21:20:04.000000Z
7790520995377,Insecticida Raid Tabletas de 12 Unidades.,12900,RAID,limpieza,insecticidas,https://static.app.biggie.com.py/images/products/7790520995377.jpg,2026-08-22T21:20:04.000000Z
7730281001290,Escurridor Puloil de 40 cm.,32550,Puloil,limpieza,escobas-escurridores-palitas,https://static.app.biggie.com.py/images/products/7730281001290.jpg,2026-08-22T21:20:04.000000Z
7898930672335,Papel Film Wyda PVC de 30 metros.,12750,Wyda,limpieza,articulos-p-embalaje,https://static.app.biggie.com.py/images/products/7898930672335.jpg,2026-08-22T21:20:04.000000Z
7840118215568,Jabon en Polvo Guaira de 800 gr.,18000,Cavallaro,limpieza,jabones-de-ropa,https://static.app.biggie.com.py/images/products/7840118215568.jpg,2026-08-22T21:20:04.000000Z
7790520990648,Desinfectante Lysoform Aerosol Original de 285 ml.,25900,Lysoform,limpieza,desinfectante-de-ambiente,https://static.app.biggie.com.py/images/products/7790520990648.jpg,2026-08-22T21:20:04.000000Z
7840010203977,Bolsa de Basura Puloil Alta Resistencia Naranja de 200 lts x 10 Uni.,26200,Puloil,limpieza,bolsas,https://static.app.biggie.com.py/images/products/7840010203977.jpg,2026-08-22T21:20:04.000000Z
7840118217524,Suavizante Cavallaro Delicado Doypack de 450 cc.,11000,Cavallaro,limpieza,suavizantes,https://static.app.biggie.com.py/images/products/7840118217524.jpg,2026-08-22T21:20:04.000000Z
7840833000173,Detergente Activo 100 limon de 500 ml.,6700,Activo 100,limpieza,lavavajillas-y-detergentes,https://static.app.biggie.com.py/images/products/7840833000173.jpg,2026-08-22T21:20:04.000000Z
7840003023070,Suavizante Kinder Liberacion de Perfume de 900 ml.,14400,Kinder,limpieza,suavizantes,https://static.app.biggie.com.py/images/products/7840003023070.jpg,2026-08-22T21:20:04.000000Z
7840010201867,Suavizante Asi para Ropa de 1.000 ml.,17500,Así,limpieza,suavizantes,https://static.app.biggie.com.py/images/products/7840010201867.jpg,2026-08-22T21:20:04.000000Z
7840118217531,Suavizante Cavallaro Intenso Doypack de 450 cc .,11000,Cavallaro,limpieza,suavizantes,https://static.app.biggie.com.py/images/products/7840118217531.jpg,2026-08-22T21:20:04.000000Z
7840003026057,Detergente Moroti Liquido Multilavado de 900 ml.,23000,Moroti,limpieza,lavavajillas-y-detergentes,https://static.app.biggie.com.py/images/products/7840003026057.jpg,2026-08-22T21:20:04.000000Z
7793253003722,Lavandina Ayudin Multisuperficie de 2.000 ml.,17700,Ayudín,limpieza,lavandinas-y-quitamanchas,https://static.app.biggie.com.py/images/products/7793253003722-31602579.jpg,2026-08-22T21:20:04.000000Z
7840003024114,Jabon Liquido Kinder Perfumado de 3.000 ml.,41900,KINDER,limpieza,jabones-de-ropa,https://static.app.biggie.com.py/images/products/7840003024114.jpg,2026-08-22T21:20:04.000000Z
7898930672434,Papel Aluminio Wyda de 4 Metros x 30 cm.,7800,Wyda,limpieza,articulos-p-embalaje,https://static.app.biggie.com.py/images/products/7898930672434.jpg,2026-08-22T21:20:04.000000Z
7805050583595,Aparato Electrico Raid + 4 Tabletas Gratis x Uni.,34500,RAID,limpieza,insecticidas,https://static.app.biggie.com.py/images/products/7805050583595.jpg,2026-08-22T21:20:04.000000Z
7891150086449,Jabon en Polvo Brihlante de 1.600 gr.,38950,BRILHANTE,limpieza,jabones-de-ropa,https://static.app.biggie.com.py/images/products/7891150086449.jpg,2026-08-22T21:20:04.000000Z
7790520988331,Desodorante de Ambiente Glade Aceite Vainilla Aparato x Uni.,59900,Glade,limpieza,perfumadores-de-ambiente,https://static.app.biggie.com.py/images/products/7790520988331.jpg,2026-08-22T21:20:04.000000Z
7840118218651,Suavizante Cavallaro Floral Edición Especial de 450 ml.,11050,Cavallaro,limpieza,suavizantes,https://static.app.biggie.com.py/images/products/7840118218651-32596328.jpg,2026-08-22T21:20:04.000000Z
7840003001245,Insecticida Mapex Amarillo Aerosol de 330 ml.,28900,Mapex,limpieza,insecticidas,https://static.app.biggie.com.py/images/products/7840003001245.jpg,2026-08-22T21:20:04.000000Z
7840118218644,Suavizante Cavallaro Tropical Edición Especial de 450 ml.,11050,Cavallaro,limpieza,suavizantes,https://static.app.biggie.com.py/images/products/7840118218644-32588634.jpg,2026-08-22T21:20:04.000000Z
7891334198029,Papel Film Freezer Film PVC caja 30 metros,20200,THEOTO,limpieza,articulos-p-embalaje,https://static.app.biggie.com.py/images/products/7891334198029.jpg,2026-08-22T21:20:04.000000Z
7840010203939,Bolsa de Basura Puloil Standart Negro 200 lts x 10 Uni.,15350,Puloil,limpieza,bolsas,https://static.app.biggie.com.py/images/products/7840010203939.jpg,2026-08-22T21:20:04.000000Z
7896366207343,Papel de Aluminio Giopack de 45 x 4.0 m.,13600,Giopack,limpieza,articulos-p-embalaje,https://static.app.biggie.com.py/images/products/7896366207343.jpg,2026-08-22T21:20:04.000000Z
7840154100248,Bolsa para Residuos Base Base alta resistencia de 100 l.,9550,Base Base,limpieza,bolsas,https://static.app.biggie.com.py/images/products/7840154100248.jpg,2026-08-22T21:20:04.000000Z
7840096337276,Soda Caustica Amita en escama de 500 gr.,18950,Amita,limpieza,lavandinas-y-quitamanchas,https://static.app.biggie.com.py/images/products/7840096337276.jpg,2026-08-22T21:20:04.000000Z
7840010203953,Bolsa de Basura Puloil Alta Resistencia Naranja de 150 lts x 10 Uni.,17800,Puloil,limpieza,bolsas,https://static.app.biggie.com.py/images/products/7840010203953.jpg,2026-08-22T21:20:04.000000Z
7840045038810,Bolsa Lavamas para Residuo Reforzado de 200 ml.,9650,Lavamas,limpieza,bolsas,,2026-08-22T21:20:04.000000Z
7840118216374,Desodorante para piso Cavallaro Fantasia de 900 ml.,13100,Cavallaro,limpieza,perfumadores-de-ambiente,https://static.app.biggie.com.py/images/products/7840118216374.jpg,2026-08-22T21:20:04.000000Z
7891334199521,Papel de Aluminio Theoto 4 Metros.,11550,THEOTO,limpieza,articulos-p-embalaje,https://static.app.biggie.com.py/images/products/7891334199521-32604204.jpg,2026-08-22T21:20:04.000000Z
7840003020000,Insecticida Mapex Premium de 300 ml.,28900,Mapex,limpieza,insecticidas,https://static.app.biggie.com.py/images/products/7840003020000.jpg,2026-08-22T21:20:04.000000Z
7840118219443,Jabon en Polvo Cavallaro Insuperable Citrus de 3.000 gr.,43000,Cavallaro,limpieza,jabones-de-ropa,https://static.app.biggie.com.py/images/products/7840118219443.jpg,2026-08-22T21:20:04.000000Z
7840118212109,Jabon en Pan Cavallaro de 100 gr.,5650,Cavallaro,limpieza,jabones,https://static.app.biggie.com.py/images/products/7840118212109.jpg,2026-08-22T21:20:04.000000Z
7790520998880,Limpiador Mr Musculo Liquido Total Cocina Naranja de 450 ml.,11900,MR. MUSCULO,limpieza,limpiadores,https://static.app.biggie.com.py/images/products/7790520998880.jpg,2026-08-22T21:20:04.000000Z
7790520019820,Aromatizante para auto Glade mini gel car acqua 70 gr.,15900,Glade,limpieza,perfumadores-de-ambiente,https://static.app.biggie.com.py/images/products/7790520019820.jpg,2026-08-22T21:20:04.000000Z
7730219013999,Rollo Cocina Kitchen 2 Unidades.,22700,KITCHEN,limpieza,rollo-de-cocina,https://static.app.biggie.com.py/images/products/7730219013999.jpg,2026-08-22T21:20:04.000000Z
7896110012155,Rollo de Cocina Snob Decorada 2 Unidades.,14450,SNOB,limpieza,rollo-de-cocina,https://static.app.biggie.com.py/images/products/7896110012155.jpg,2026-08-22T21:20:04.000000Z
7840833002917,Detergente Activo 100 Arranca Grasa Limon de 750 ml.,11900,Activo 100,limpieza,lavavajillas-y-detergentes,https://static.app.biggie.com.py/images/products/7840833002917.jpg,2026-08-22T21:20:04.000000Z
7840118216367,Desodorante Cavallaro Para Piso Lavanda Antibacterial de 900 ml.,13100,Cavallaro,limpieza,desinfectante-de-ambiente,https://static.app.biggie.com.py/images/products/7840118216367.jpg,2026-08-22T21:20:04.000000Z
7840154100330,Limpia Vidrios Base Base de 500 cc.,16700,Base Base,limpieza,limpiadores,https://static.app.biggie.com.py/images/products/7840154100330.jpg,2026-08-22T21:20:04.000000Z
7790520998873,Limpiador Mr. Musculo Antigrasa Cocina con Gatillo de 500 ml.,23900,Glade,limpieza,limpiadores,https://static.app.biggie.com.py/images/products/7790520998873.jpg,2026-08-22T21:20:04.000000Z
7790520014184,Desinfectante Lysoform Aerosol Lavanda de 390 ml.,30900,Lysoform,limpieza,desinfectante-de-ambiente,https://static.app.biggie.com.py/images/products/7790520014184.jpg,2026-08-22T21:20:04.000000Z
7896110012148,Rollo de Cocina Snob 2 Unidades.,14450,SNOB,limpieza,rollo-de-cocina,https://static.app.biggie.com.py/images/products/7896110012148.jpg,2026-08-22T21:20:04.000000Z
7791290795600,Limpiador Cif Baño Doypack de 450 ml.,16700,CIF,limpieza,limpiadores,https://static.app.biggie.com.py/images/products/7791290795600.jpg,2026-08-22T21:20:04.000000Z
7791290795587,Limpiador Cif Antigrasa Expert de 450 ml.,11500,CIF,limpieza,limpiadores,https://static.app.biggie.com.py/images/products/7791290795587.jpg,2026-08-22T21:20:04.000000Z
7840154105182,Perfumante Base Base Delicado de 240 ml.,19450,Base Base,limpieza,perfumadores-de-ambiente,https://static.app.biggie.com.py/images/products/7840154105182.jpg,2026-08-22T21:20:04.000000Z
7840003022851,Jabon en Polvo Kinder liberacion de perfume de 500 gr.,8000,Kinder,limpieza,jabones-de-ropa,https://static.app.biggie.com.py/images/products/7840003022851.jpg,2026-08-22T21:20:04.000000Z
7790520026293,Limpiador Adhesivo Pato Glade Lavanda de 24.6 gr.,14900,Pato,limpieza,pastilla-de-inodoro,https://static.app.biggie.com.py/images/products/7790520026293.jpg,2026-08-22T21:20:04.000000Z
7840154102501,Bolsa para Residuos Base Base economica de 200 l.,10100,Base Base,limpieza,bolsas,https://static.app.biggie.com.py/images/products/7840154102501.jpg,2026-08-22T21:20:04.000000Z
7840033007033,Jabon Liquido Pacholi bebe rosado de 1.000 ml.,29600,Incabril,limpieza,jabones-de-ropa,https://static.app.biggie.com.py/images/products/7840033007033.jpg,2026-08-22T21:20:04.000000Z
7791290792753,Lustra Muebles Cif Ultra Brillo Anti Polvo Gatillo de 400 ml.,26300,CIF,limpieza,limpiadores,https://static.app.biggie.com.py/images/products/7791290792753.jpg,2026-08-22T21:20:04.000000Z
7790520026996,Desinfectante de ambiente Lysoform Aerosol Pets de 495 ml.,36900,Lysoform,limpieza,desinfectante-de-ambiente,https://static.app.biggie.com.py/images/products/7790520026996.jpg,2026-08-22T21:20:04.000000Z
7840001001674,Desodorante de Piso Pino Leche Lavanda de 950 m.,11950,Pinoleche,limpieza,limpiadores,https://static.app.biggie.com.py/images/products/7840001001674-32608005.jpg,2026-08-22T21:20:04.000000Z
7790520002327,Insecticida Raid Mata Moscas Zancudos Sin Olor de 235 ml.,22900,RAID,limpieza,insecticidas,https://static.app.biggie.com.py/images/products/7790520002327.jpg,2026-08-22T21:20:04.000000Z
7790520992697,Gel Limpiador Pato Purific Marina 100% Destructor de Sarro de 500 ml.,44900,Pato Purific,limpieza,limpiadores,https://static.app.biggie.com.py/images/products/7790520992697.jpg,2026-08-22T21:20:04.000000Z
7791828900377,Rollo de Cocina Felpita Maxirollo 200 Paños Doble Hoja x Uni.,13900,Felpita,limpieza,rollo-de-cocina,,2026-08-22T21:20:04.000000Z
7840045037400,Trapo Piso Grande Lavamas x Unidad.,9500,Lavamas,limpieza,limpiadores,https://static.app.biggie.com.py/images/products/7840045037400.jpg,2026-08-22T21:20:04.000000Z
7840001009014,Limpiavidrios Pinoleche con atomoz de 500 ml.,16950,Pinoleche,limpieza,limpiadores,https://static.app.biggie.com.py/images/products/7840001009014.jpg,2026-08-22T21:20:04.000000Z
7790520998194,Desodorante en Aerosol Glade Floral y Frutos Rojos de 360 ml.,19900,Glade,limpieza,perfumadores-de-ambiente,https://static.app.biggie.com.py/images/products/7790520998194.jpg,2026-08-22T21:20:04.000000Z
7840033009884,Jabon Liquido Pacholi Evolution de 1.000 ml.,15500,Pacholi,limpieza,jabones-de-ropa,https://static.app.biggie.com.py/images/products/7840033009884.jpg,2026-08-22T21:20:04.000000Z
7840118213908,Jabon en Polvo Guaira extra de 2.000 gr.,38500,GUAIRA,limpieza,jabones-de-ropa,https://static.app.biggie.com.py/images/products/7840118213908.jpg,2026-08-22T21:20:04.000000Z
7840118216350,Desodorante de Ambiente Cavallaro Uva de 900 ml.,13100,Cavallaro,limpieza,perfumadores-de-ambiente,https://static.app.biggie.com.py/images/products/7840118216350.jpg,2026-08-22T21:20:04.000000Z
7805040004314,Insecticida Killer Insecto de 560 ml.,30200,KILLER,limpieza,insecticidas,https://static.app.biggie.com.py/images/products/7805040004314.jpg,2026-08-22T21:20:04.000000Z
7790520019851,Aromatizante para auto Glade mini gel lavender 70 gr.,15900,Glade,limpieza,perfumadores-de-ambiente,https://static.app.biggie.com.py/images/products/7790520019851.jpg,2026-08-22T21:20:04.000000Z
7840154100057,Agua Lavandina Base Base 4% de 1.000 ml.,6300,Base Base,limpieza,lavandinas-y-quitamanchas,https://static.app.biggie.com.py/images/products/7840154100057.jpg,2026-08-22T21:20:04.000000Z
7793350102304,Pomada Wassington para calzado Premiun Negra 37 cc de 30 gr.,9500,WASSINGTON,limpieza,cuidado-de-calzado,https://static.app.biggie.com.py/images/products/7793350102304.jpg,2026-08-22T21:20:04.000000Z
7793253003548,Limpiador Poett Primavera Desinfectante de 900 ml.,15500,Poett,limpieza,limpiadores,https://static.app.biggie.com.py/images/products/7793253003548-32930928.jpg,2026-08-22T21:20:04.000000Z
7790520999436,Insecticida Baygon Mata Cucarachas y Araña x Uni.,26900,BAYGON,limpieza,insecticidas,https://static.app.biggie.com.py/images/products/7790520999436.jpg,2026-08-22T21:20:04.000000Z
7840001005641,Tabletas Matiris Matamosquitos x 30 Uni.,16500,Matiris,limpieza,insecticidas,https://static.app.biggie.com.py/images/products/7840001005641-32592445.jpg,2026-08-22T21:20:04.000000Z
7500435196253,Suavizante Para Ropa Downy Intense Floral De 800 ml.,24500,Downy,limpieza,suavizantes,https://static.app.biggie.com.py/images/products/7500435196253.jpg,2026-08-22T21:20:04.000000Z
7790520014863,Pastilla Pato Para Mochila de 40 gr.,21500,Pato,limpieza,pastilla-de-inodoro,https://static.app.biggie.com.py/images/products/7790520014863.jpg,2026-08-22T21:20:04.000000Z
7805040004307,Insecticida Killer MYZ de 560 ml.,30200,KILLER,limpieza,insecticidas,https://static.app.biggie.com.py/images/products/7805040004307.jpg,2026-08-22T21:20:04.000000Z
7840118220074,Desodorante de Ambiente Cavallaro Frescura Marina Antibacterial de 900 ml.,13100,Cavallaro,limpieza,perfumadores-de-ambiente,https://static.app.biggie.com.py/images/products/7840118220074.jpg,2026-08-22T21:20:04.000000Z
7840154100118,Bolsa para Baño Base Base 10 un.,3900,Base Base,limpieza,bolsas,https://static.app.biggie.com.py/images/products/7840154100118.jpg,2026-08-22T21:20:04.000000Z
7840001003067,Lavandina Pinoleche de 1.000 ml.,6450,Pinoleche,limpieza,lavandinas-y-quitamanchas,https://static.app.biggie.com.py/images/products/7840001003067.jpg,2026-08-22T21:20:04.000000Z
7840154100392,Agua Lavandina Base Base 2.5% de 1.000 ml.,5400,Base Base,limpieza,lavandinas-y-quitamanchas,https://static.app.biggie.com.py/images/products/7840154100392.jpg,2026-08-22T21:20:04.000000Z
7840096000194,Elevador De Ph Tecnoclor de 1.000 ml.,28900,Tecnoclor,limpieza,cuidado-de-piscina,https://static.app.biggie.com.py/images/products/7840096000194.jpg,2026-08-22T21:20:04.000000Z
7840833002474,Limpiador Activo 100 Lavanda de 900 ml.,11400,Activo 100,limpieza,limpiadores,https://static.app.biggie.com.py/images/products/7840833002474.jpg,2026-08-22T21:20:04.000000Z
7840033003592,Jabon Liquido Pacholi triple accion de 1.000 ml.,28300,Incabril,limpieza,jabones-de-ropa,https://static.app.biggie.com.py/images/products/7840033003592.jpg,2026-08-22T21:20:04.000000Z
7791290795624,Limpia Vidrios Cif Biodegradable Doypack de 450 ml.,12550,CIF,limpieza,limpiadores,https://static.app.biggie.com.py/images/products/7791290795624.jpg,2026-08-22T21:20:04.000000Z
7840003003256,Pastilla insecticida Mapex Mat 30 unidades.,22000,Mapex,limpieza,insecticidas,https://static.app.biggie.com.py/images/products/7840003003256.jpg,2026-08-22T21:20:04.000000Z
7840154100026,Lavandina Base Base 6% de 1.000 ml.,8250,Base Base,limpieza,lavandinas-y-quitamanchas,https://static.app.biggie.com.py/images/products/7840154100026.jpg,2026-08-22T21:20:04.000000Z
7840096000149,Clarificante y Fluculante Tecnoclor de 1.000 ml.,33600,Tecnoclor,limpieza,cuidado-de-piscina,https://static.app.biggie.com.py/images/products/7840096000149.jpg,2026-08-22T21:20:04.000000Z
7840003023124,Desinfectante en Aerosol Whitex Bebe de 350 ml.,23000,Whitex,limpieza,desinfectante-de-ambiente,https://static.app.biggie.com.py/images/products/7840003023124.jpg,2026-08-22T21:20:04.000000Z
7840001001681,Desodorante para piso Pinoleche jazmin de 1.000 ml.,11950,Pinoleche,limpieza,perfumadores-de-ambiente,https://static.app.biggie.com.py/images/products/7840001001681.jpg,2026-08-22T21:20:04.000000Z
7840154100224,Bolsa para Residuos Base Base de 70 l.,8650,Base Base,limpieza,bolsas,https://static.app.biggie.com.py/images/products/7840154100224.jpg,2026-08-22T21:20:04.000000Z
7840118217067,Desodorante Cavallaro Azahar de 900 ml.,13100,Cavallaro,limpieza,perfumadores-de-ambiente,https://static.app.biggie.com.py/images/products/7840118217067.jpg,2026-08-22T21:20:04.000000Z
7840833002481,Limpiador Activo 100 Campos de Algodon de 900 ml.,11400,Activo 100,limpieza,limpiadores,https://static.app.biggie.com.py/images/products/7840833002481.jpg,2026-08-22T21:20:04.000000Z
7840154100064,Agua Lavandina Base Base de 500 ml.,3700,Base Base,limpieza,lavandinas-y-quitamanchas,https://static.app.biggie.com.py/images/products/7840154100064.jpg,2026-08-22T21:20:04.000000Z
7790520031570,Desodorante de Ambiente Glade Aero Naranjo y Orquideas de 360 ml.,19900,Glade,limpieza,perfumadores-de-ambiente,https://static.app.biggie.com.py/images/products/7790520031570.jpg,2026-08-22T21:20:04.000000Z
7840154100590,Bolsa para Residuos Base Base resistente de 100 l.,6400,Base Base,limpieza,bolsas,https://static.app.biggie.com.py/images/products/7840154100590.jpg,2026-08-22T21:20:04.000000Z
7898962407462,Papel Tom Toalla 2x110 x Uni.,7500,Tom,limpieza,rollo-de-cocina,,2026-08-22T21:20:04.000000Z
7840001003142,"Lavandina Pinoleche al 2,5 % de 1.000 ml.",5500,Pinoleche,limpieza,lavandinas-y-quitamanchas,https://static.app.biggie.com.py/images/products/7840001003142.jpg,2026-08-22T21:20:04.000000Z
7840154000241,Bolsa para Residuo Base Base celeste resitente de 10 l.,7400,Base Base,limpieza,bolsas,https://static.app.biggie.com.py/images/products/7840154000241.jpg,2026-08-22T21:20:04.000000Z
7840003020314,Jabon de coco Moroti en pan de 200 gr.,10200,Moroti,limpieza,jabones-de-ropa,https://static.app.biggie.com.py/images/products/7840003020314.jpg,2026-08-22T21:20:04.000000Z
7790520996428,Limpiador Liquido Glade Lavanda de 900 ml.,15900,Glade,limpieza,limpiadores,https://static.app.biggie.com.py/images/products/7790520996428.jpg,2026-08-22T21:20:04.000000Z
7840118020230,Jabon en Pan Guaira Individual Blanco de 200 gr.,6200,Cavallaro,limpieza,jabones,https://static.app.biggie.com.py/images/products/7840118020230.jpg,2026-08-22T21:20:04.000000Z
7840118221286,Jabon Cavallaro Agricultor Marron de 150 gr.,3150,Cavallaro,limpieza,jabones,https://static.app.biggie.com.py/images/products/7840118221286.jpg,2026-08-22T21:20:04.000000Z
7791290795662,Limpia Vidrios Cif Biodegradable Doypack de 900 ml.,22250,CIF,limpieza,limpiadores,https://static.app.biggie.com.py/images/products/7791290795662.jpg,2026-08-22T21:20:04.000000Z
7840003021717,Pastilla matamosquitos Mapex Mat 12 unidades.,9200,Mapex,limpieza,insecticidas,https://static.app.biggie.com.py/images/products/7840003021717.jpg,2026-08-22T21:20:04.000000Z
7790520031426,Desinfectante Lysoform Aerosol Frutos del Bosque Edicion Limitada x Uni.,30900,Lysoform,limpieza,desinfectante-de-ambiente,https://static.app.biggie.com.py/images/products/7790520031426.jpg,2026-08-22T21:20:04.000000Z
7840001009274,Desodorante para piso Pinoleche Flor de Coco de 1.000 ml.,11950,Pinoleche,limpieza,perfumadores-de-ambiente,https://static.app.biggie.com.py/images/products/7840001009274-32626769.jpg,2026-08-22T21:20:04.000000Z
7840154101122,"Agua Lavandina Base Base 2,5% de 500 ml.",3350,Base Base,limpieza,lavandinas-y-quitamanchas,https://static.app.biggie.com.py/images/products/7840154101122.jpg,2026-08-22T21:20:04.000000Z
7840833001323,Detergente Activo 100 Aloe vera de 750 ml.,9100,Activo 100,limpieza,lavavajillas-y-detergentes,https://static.app.biggie.com.py/images/products/7840833001323.jpg,2026-08-22T21:20:04.000000Z
7898962407455,Rollo de Cocina Tom Premium x Uni.,8500,Tom,limpieza,rollo-de-cocina,https://static.app.biggie.com.py/images/products/7898962407455.jpg,2026-08-22T21:20:04.000000Z
7840003026163,Jabon en Polvo Kinder Antibac de 400 gr.,8000,KINDER,limpieza,jabones-de-ropa,https://static.app.biggie.com.py/images/products/7840003026163.jpg,2026-08-22T21:20:04.000000Z
7730187321157,Esponja Jaspe Anatominc colores x 3.,10750,JASPE,limpieza,esponjas-rejillas-franelas,https://static.app.biggie.com.py/images/products/7730187321157-27695469.jpg,2026-08-22T21:20:04.000000Z
7793253004231,Desodorante de Ambiente Poett Lavanda de 360 ml.,18900,Poett,limpieza,perfumadores-de-ambiente,https://static.app.biggie.com.py/images/products/7793253004231-32930338.jpg,2026-08-22T21:20:04.000000Z
7840001004330,Desodorante para Piso Pinoleche Primavera de 950 ml.,11950,Pinoleche,limpieza,perfumadores-de-ambiente,https://static.app.biggie.com.py/images/products/7840001004330.jpg,2026-08-22T21:20:04.000000Z
7792023000022,Desinfectante de Ambiente Manchester fluido lata de 350 gr.,28700,Manchester,limpieza,desinfectante-de-ambiente,https://static.app.biggie.com.py/images/products/7792023000022-32606064.jpg,2026-08-22T21:20:04.000000Z
7790520028419,Limpiador Lysoform Liquido Para Piso Lavanda de 900 ml.,16900,Lysoform,limpieza,limpiadores,https://static.app.biggie.com.py/images/products/7790520028419.jpg,2026-08-22T21:20:04.000000Z
7840001004309,Desinfectante Aerosol Pinoleche Lavanda de 400 ml.,22950,Pinoleche,limpieza,desinfectante-de-ambiente,https://static.app.biggie.com.py/images/products/7840001004309-32608740.jpg,2026-08-22T21:20:04.000000Z
7840001003005,Desodorante para piso Pinoleche pino de 1.000 ml.,11950,Pinoleche,limpieza,perfumadores-de-ambiente,https://static.app.biggie.com.py/images/products/7840001003005.jpg,2026-08-22T21:20:04.000000Z
7840001005467,Desodorante de Piso Pinoleche Antibacterial Brisa de Lavanda 950 ml,12750,Pinoleche,limpieza,desinfectante-de-ambiente,https://static.app.biggie.com.py/images/products/7840001005467-32610123.jpg,2026-08-22T21:20:04.000000Z
7840045034553,Bolsa para Residuos Lavamas de 200 l.,7000,Lavamas,limpieza,bolsas,,2026-08-22T21:20:04.000000Z
7509546683393,Jabon Palmolive Barra Tripack  Frambuesa y Mora de 90 gr x 3 Uni.,13800,PALMOLIVE,limpieza,jabones,https://static.app.biggie.com.py/images/products/7509546683393.jpg,2026-08-22T21:20:04.000000Z
7840118222023,Suavizante Tropical Original de 800 ml.,11800,Tropical,limpieza,suavizantes,https://static.app.biggie.com.py/images/products/7840118222023.jpg,2026-08-22T21:20:04.000000Z
7790520005939,Limpiador Pato Adhesivo Cleaner Citrus de 24.6 gr.,14900,Pato,limpieza,pastilla-de-inodoro,https://static.app.biggie.com.py/images/products/7790520005939.jpg,2026-08-22T21:20:04.000000Z
7840154103867,Desodorante para piso Base Base citronella de 900 ml.,12950,Base Base,limpieza,perfumadores-de-ambiente,https://static.app.biggie.com.py/images/products/7840154103867-32604745.jpg,2026-08-22T21:20:04.000000Z
7840096338259,Detergente Amita Ultra Concentrado de 950 ml.,9950,Amita,limpieza,lavavajillas-y-detergentes,,2026-08-22T21:20:04.000000Z
7805040003942,Aromatizante Arom Frambuesa en Gel de 190 gr.,13400,Arom,limpieza,perfumadores-de-ambiente,https://static.app.biggie.com.py/images/products/7805040003942.jpg,2026-08-22T21:20:04.000000Z
7790520989956,Bolsa Ziploc Conserva Mediana x 12 Uni.,34900,ZIPLOC,limpieza,bolsas,,2026-08-22T21:20:04.000000Z
7794440005505,Esponja Virulana Paño x 1 Uni.,14000,VIRULANA,limpieza,esponjas-rejillas-franelas,https://static.app.biggie.com.py/images/products/7794440005505.jpg,2026-08-22T21:20:04.000000Z
7840833002931,Detergente Activo 100 Arranca Grasa Neutro de 750 ml.,11900,Activo 100,limpieza,lavavajillas-y-detergentes,https://static.app.biggie.com.py/images/products/7840833002931.jpg,2026-08-22T21:20:04.000000Z
7840001150174,Desinfectante Aerosol Pinoleche Bebe de 400 ml.,22950,Pinoleche,limpieza,desinfectante-de-ambiente,https://static.app.biggie.com.py/images/products/7840001150174.jpg,2026-08-22T21:20:04.000000Z
7790520019868,Aromatizante para auto Glade mini gel Lemon 70 gr.,15900,Glade,limpieza,perfumadores-de-ambiente,https://static.app.biggie.com.py/images/products/7790520019868.jpg,2026-08-22T21:20:04.000000Z
7840001003265,Pastilla para Inodoro Pinoleche lavanda de 40 gr.,4900,Pinoleche,limpieza,pastilla-de-inodoro,https://static.app.biggie.com.py/images/products/7840001003265.jpg,2026-08-22T21:20:04.000000Z
7500435196291,Suavizante Para Ropa Downy Intense Amanecer de 730 ml.,24500,Downy,limpieza,suavizantes,https://static.app.biggie.com.py/images/products/7500435196291.jpg,2026-08-22T21:20:04.000000Z
7840001154028,Jabon en Polvo Maravilla Fragancia Floral de 400 gr.,6500,Maravilla,limpieza,jabones-de-ropa,,2026-08-22T21:20:04.000000Z
7896026801508,Toalla de Cocina Stylus Maxim 20 x 20 m.,9200,Maxim,limpieza,rollo-de-cocina,https://static.app.biggie.com.py/images/products/7896026801508.jpg,2026-08-22T21:20:04.000000Z
7793253001667,Pastilla para Inodoro Poett Lavanda de 25 gr.,9950,Poett,limpieza,pastilla-de-inodoro,https://static.app.biggie.com.py/images/products/7793253001667.jpg,2026-08-22T21:20:04.000000Z
7840001002695,Detergente Lavavajillas Zitron Fresh de 750 ml.,8750,Zitron,limpieza,lavavajillas-y-detergentes,https://static.app.biggie.com.py/images/products/7840001002695.jpg,2026-08-22T21:20:04.000000Z
7840154100637,Trapo Franela Base Base x Unidad.,8000,Base Base,limpieza,limpiadores,https://static.app.biggie.com.py/images/products/7840154100637.jpg,2026-08-22T21:20:04.000000Z
7790520989963,Bolsa Ziploc Conserva Grandes x 10 Uni.,39900,ZIPLOC,limpieza,bolsas,https://static.app.biggie.com.py/images/products/7790520989963.jpg,2026-08-22T21:20:04.000000Z
7896030622403,Mopa Bella Quick de 180 gr.,30700,BELLA,limpieza,limpiadores,,2026-08-22T21:20:04.000000Z
7840001005917,Tabletas Matiris matamosquitos relax x 12 unidades.,9250,Matiris,limpieza,insecticidas,https://static.app.biggie.com.py/images/products/7840001005917.jpg,2026-08-22T21:20:04.000000Z
7793253003579,Limpiador Poett Solo Para Ti Desinfectante de 900 ml.,15500,Poett,limpieza,limpiadores,https://static.app.biggie.com.py/images/products/7793253003579-32930990.jpg,2026-08-22T21:20:04.000000Z
7840001007263,Limpia Parrillas Zitron Aerosol de 400 ml.,32500,Zitron,limpieza,articulos-de-limpieza,https://static.app.biggie.com.py/images/products/7840001007263-32610418.jpg,2026-08-22T21:20:04.000000Z
7791828000626,Rollo de Cocina Cartabella x 3 Uni.,10000,Cartabella,limpieza,rollo-de-cocina,,2026-08-22T21:20:04.000000Z
7841745000343,Papel de Cocina Snap Doble Hoja x Uni.,6900,Snap,limpieza,rollo-de-cocina,,2026-08-22T21:20:04.000000Z
7840833000531,Detergente Activo 100 glicerina de 750 ml.,9100,Activo 100,limpieza,lavavajillas-y-detergentes,https://static.app.biggie.com.py/images/products/7840833000531.jpg,2026-08-22T21:20:04.000000Z
7840154102051,Pastilla para Inodoro Base Base Lavanda de 40 gr.,4750,Base Base,limpieza,pastilla-de-inodoro,https://static.app.biggie.com.py/images/products/7840154102051.jpg,2026-08-22T21:20:04.000000Z
7500435198493,Suavizante Para Ropa Downy Floral de 80 ml.,3100,Downy,limpieza,suavizantes,https://static.app.biggie.com.py/images/products/7500435198493.jpg,2026-08-22T21:20:04.000000Z
7805040001658,Betun en Liquido Virginia Negro de 60 ml.,14400,Virginia,limpieza,cuidado-de-calzado,https://static.app.biggie.com.py/images/products/7805040001658.jpg,2026-08-22T21:20:04.000000Z
7794440001729,Lana de Acero Virulana Rollitos 6 unidades.,4300,VIRULANA,limpieza,esponjas-rejillas-franelas,https://static.app.biggie.com.py/images/products/7794440001729.jpg,2026-08-22T21:20:04.000000Z
7840096330000,Trapo de Piso Amita 45 x 55.,9600,Amita,limpieza,limpiadores,https://static.app.biggie.com.py/images/products/7840096330000-32610713.jpg,2026-08-22T21:20:04.000000Z
7840001008673,Espirales Matiris Mellizas Las Lilas x Uni.,8250,Matiris,limpieza,espirales,https://static.app.biggie.com.py/images/products/7840001008673.jpg,2026-08-22T21:20:04.000000Z
7848000070103,Trapo de Piso Multimax G x Uni.,7200,Multimax,limpieza,limpiadores,https://static.app.biggie.com.py/images/products/7848000070103.jpg,2026-08-22T21:20:04.000000Z
7793253001674,Pastilla para Inodoro Poett Primavera/Brisa de 25 gr.,9950,Poett,limpieza,pastilla-de-inodoro,https://static.app.biggie.com.py/images/products/7793253001674-32614899.jpg,2026-08-22T21:20:04.000000Z
7840096332004,Trapo Franela Amita x Unidad.,9800,Amita,limpieza,limpiadores,https://static.app.biggie.com.py/images/products/7840096332004.jpg,2026-08-22T21:20:04.000000Z
7790520026170,Pastilla para Inodoro Glade campos de lavanda de 25 gr.,9700,Glade,limpieza,pastilla-de-inodoro,https://static.app.biggie.com.py/images/products/7790520026170.jpg,2026-08-22T21:20:04.000000Z
7840833000197,Detergente Activo 100 aloe vera de 500 ml.,6700,Activo 100,limpieza,lavavajillas-y-detergentes,https://static.app.biggie.com.py/images/products/7840833000197.jpg,2026-08-22T21:20:04.000000Z
7840494000024,Trapo de Pisoc-Hidrofila grasa 50x70 cm.,7550,HIDROFILA,limpieza,limpiadores,https://static.app.biggie.com.py/images/products/7840494000024.jpg,2026-08-22T21:20:04.000000Z
7840118214844,Jabon en Pan Guaira Deluxe Indiv. Blanco de 130 gr.,4200,Cavallaro,limpieza,jabones-de-ropa,,2026-08-22T21:20:04.000000Z
7840154100101,Bolsa Base Base pequeña para baño.,3300,Base Base,limpieza,bolsas,https://static.app.biggie.com.py/images/products/7840154100101.jpg,2026-08-22T21:20:04.000000Z
7790927812932,Trapo de Piso Media Naranja Blanco Reforzado M (Clasico)60 cm.,11500,Media Naranja,limpieza,limpiadores,https://static.app.biggie.com.py/images/products/7790927812932.jpg,2026-08-22T21:20:04.000000Z
2259889799002,Bolsa para Residuos Family de 150 lts.,9300,Salemma,limpieza,bolsas,https://static.app.biggie.com.py/images/products/2259889799002.jpg,2026-08-22T21:20:04.000000Z
7840001005634,Tabletas matamosquitos Matiris 12 unidades.,9250,Matiris,limpieza,insecticidas,https://static.app.biggie.com.py/images/products/7840001005634.jpg,2026-08-22T21:20:04.000000Z
7840033003585,Jabon para Lavar ropa Pacholi Tradicional de 1.000 ml.,28300,Incabril,limpieza,jabones-de-ropa,https://static.app.biggie.com.py/images/products/7840033003585-32611958.jpg,2026-08-22T21:20:04.000000Z
7840154101726,Cera Base Base para piso neutra Furia 750 cc.,11250,Base Base,limpieza,limpiadores,https://static.app.biggie.com.py/images/products/7840154101726-32596175.jpg,2026-08-22T21:20:04.000000Z
7805040003959,Aromatizante Arom Vainilla Coco en Gel de 190 gr.,13400,Arom,limpieza,perfumadores-de-ambiente,https://static.app.biggie.com.py/images/products/7805040003959.jpg,2026-08-22T21:20:04.000000Z
7840003024862,Espiral Mapex Trillizas con Lavanda la Provenza x 12 Uni.,8200,Mapex,limpieza,espirales,https://static.app.biggie.com.py/images/products/7840003024862.jpg,2026-08-22T21:20:04.000000Z
7891024176719,Jabon Protex Crema Contra Bacterias Tamaño Familiar de 125 gr.,9500,Protex,limpieza,jabones,https://static.app.biggie.com.py/images/products/7891024176719.jpg,2026-08-22T21:20:04.000000Z
7798136921735,Trapo de Piso Media Naranja Trama Compacto Gris 60 cm.,9200,Media Naranja,limpieza,limpiadores,https://static.app.biggie.com.py/images/products/7798136921735.jpg,2026-08-22T21:20:04.000000Z
7840833002900,Detergente Activo 100 Arranca Grasa Limon de 500 ml.,8000,Activo 100,limpieza,lavavajillas-y-detergentes,https://static.app.biggie.com.py/images/products/7840833002900.jpg,2026-08-22T21:20:04.000000Z
7794440003303,Esponja Virulana Cuadraditos x 1 Uni.,4950,VIRULANA,limpieza,esponjas-rejillas-franelas,https://static.app.biggie.com.py/images/products/7794440003303.jpg,2026-08-22T21:20:04.000000Z
7840096110336,Desodorante para Piso Lavanda Amita de 1.000 ml.,8750,Amita,limpieza,desinfectante-de-ambiente,https://static.app.biggie.com.py/images/products/7840096110336.jpg,2026-08-22T21:20:04.000000Z
7840154101733,Cera para Piso Roja Furia Base Base de 750 ml.,11250,Base Base,limpieza,limpiadores,https://static.app.biggie.com.py/images/products/7840154101733.jpg,2026-08-22T21:20:04.000000Z
7840096321008,Bolsa para Baño Mediano Amita.,3900,Amita,limpieza,bolsas,https://static.app.biggie.com.py/images/products/7840096321008-32605037.jpg,2026-08-22T21:20:04.000000Z
7840045038544,Alambrillo Inoxidable Lavamas por Unidad.,4000,Lavamas,limpieza,esponjas-rejillas-franelas,https://static.app.biggie.com.py/images/products/7840045038544.jpg,2026-08-22T21:20:04.000000Z
7840833000524,Detergente Activo 100 glicerina de 500 ml.,6700,Activo 100,limpieza,lavavajillas-y-detergentes,https://static.app.biggie.com.py/images/products/7840833000524.jpg,2026-08-22T21:20:04.000000Z
7794440003341,Esponja Virulana lisa extra delgada x 1 Uni.,3600,VIRULANA,limpieza,esponjas-rejillas-franelas,https://static.app.biggie.com.py/images/products/7794440003341.jpg,2026-08-22T21:20:04.000000Z
7896404600563,Detergente Girando Sol manzana de 500 ml.,4250,GIRA SOL,limpieza,lavavajillas-y-detergentes,https://static.app.biggie.com.py/images/products/7896404600563.jpg,2026-08-22T21:20:04.000000Z
076171101556,Aromatizante Little Trees Pinito Black Ice x Uni.,11000,LITTLE TREES,limpieza,perfumadores-de-ambiente,,2026-08-22T21:20:04.000000Z
7840494002806,Trapo De Piso Pañolin Especial 45 x 70.,8950,HIDROFILA,limpieza,limpiadores,https://static.app.biggie.com.py/images/products/7840494002806.jpg,2026-08-22T21:20:04.000000Z
7891040075478,Paño Scotch Brite 3M 37x40 x 2 Uni.,17850,SCOTCH BRITE,limpieza,esponjas-rejillas-franelas,https://static.app.biggie.com.py/images/products/7891040075478.jpg,2026-08-22T21:20:04.000000Z
7840003025920,Desinfectante Liquido Mafresh Reino Lavanda de 900 ml.,13700,Mafresh,limpieza,desinfectante-de-ambiente,https://static.app.biggie.com.py/images/products/7840003025920.jpg,2026-08-22T21:20:04.000000Z
7840154102068,Pastilla para Inodoro Base Base Floral de 40 gr.,4750,Base Base,limpieza,pastilla-de-inodoro,https://static.app.biggie.com.py/images/products/7840154102068.jpg,2026-08-22T21:20:04.000000Z
7840003001764,Insecticida Mapex Liquido de 800 ml.,10500,Mapex,limpieza,insecticidas,https://static.app.biggie.com.py/images/products/7840003001764-32613626.jpg,2026-08-22T21:20:04.000000Z
7840154100873,Desodorante para Piso Base Base Lavanda de 750 ml.,5800,Base Base,limpieza,desinfectante-de-ambiente,,2026-08-22T21:20:04.000000Z
7840001154011,Jabon en Polvo Maravilla Fragancia Floral de 200 gr.,4000,Maravilla,limpieza,jabones-de-ropa,,2026-08-22T21:20:04.000000Z
7840033003295,Jabon Liquido Pacholi triple accion de 450 ml.,13500,Incabril,limpieza,jabones-de-ropa,https://static.app.biggie.com.py/images/products/7840033003295-32626362.jpg,2026-08-22T21:20:04.000000Z
7840118214813,Jabon de Coco Cavallaro Guaira Deluxe Blanqueador Individual de 230 gr.,8100,Cavallaro,limpieza,jabones,https://static.app.biggie.com.py/images/products/7840118214813-32611092.jpg,2026-08-22T21:20:04.000000Z
7840833002924,Detergente Activo 100 Arranca Grasa Neutro de 500 ml.,8000,Activo 100,limpieza,lavavajillas-y-detergentes,https://static.app.biggie.com.py/images/products/7840833002924.jpg,2026-08-22T21:20:04.000000Z
7840001001025,Espirales Matris Trillizas Sobre x 12 Uni.,5500,Matiris,limpieza,espirales,https://static.app.biggie.com.py/images/products/7840001001025-32621582.jpg,2026-08-22T21:20:04.000000Z
7848000070097,Trapo de Piso Multimax M x Uni.,6750,Multimax,limpieza,limpiadores,,2026-08-22T21:20:04.000000Z
7891055111604,Cepillo Condor para Lavar Ropa Amarillo x Uni.,5500,CONDOR,limpieza,limpiadores,https://static.app.biggie.com.py/images/products/7891055111604.jpg,2026-08-22T21:20:04.000000Z
7840096322005,Bolsa multiuso Amita.,3700,Amita,limpieza,bolsas,https://static.app.biggie.com.py/images/products/7840096322005-32632212.jpg,2026-08-22T21:20:04.000000Z
7840001005689,Espirales Matiris Mellizas Perfumadas Citronela x 12 Uni.,8250,Matiris,limpieza,espirales,https://static.app.biggie.com.py/images/products/7840001005689.jpg,2026-08-22T21:20:04.000000Z
7891040299614,Esponja Scotch Brite 3M Pague 3 Lleve 4.,9250,SCOTCH BRITE,limpieza,esponjas-rejillas-franelas,https://static.app.biggie.com.py/images/products/7891040299614.jpg,2026-08-22T21:20:04.000000Z
7840033006098,Jabon Liquido Pacholi bebe rosado de 450 cc.,14400,Incabril,limpieza,jabones-de-ropa,https://static.app.biggie.com.py/images/products/7840033006098-32608633.jpg,2026-08-22T21:20:04.000000Z
7898253663362,Cepillo Sanitario Victoria con Soporte x Uni.,10550,Victoria,limpieza,limpiadores,,2026-08-22T21:20:04.000000Z
7898917588383,Lana de Acero Brilhaco Paquete de 8 Uni.,3900,Brilhaco,limpieza,esponjas-rejillas-franelas,,2026-08-22T21:20:04.000000Z
7898976656078,Jabon en Polvo Apyce Multiaccion de 400 gr.,6700,Apyce,limpieza,jabones-de-ropa,,2026-08-22T21:20:04.000000Z
7840833001361,Detergente Ganador limon de 450 ml.,2650,GANADOR,limpieza,lavavajillas-y-detergentes,https://static.app.biggie.com.py/images/products/7840833001361.jpg,2026-08-22T21:20:04.000000Z
7840001003241,Pastilla para Inodoro Pinoleche Floral de 40 gr.,4900,Pinoleche,limpieza,pastilla-de-inodoro,https://static.app.biggie.com.py/images/products/7840001003241.jpg,2026-08-22T21:20:04.000000Z
7840154100583,Bolsa para Residuos Base Base 70 l x 10 unidades.,4850,Base Base,limpieza,bolsas,https://static.app.biggie.com.py/images/products/7840154100583.jpg,2026-08-22T21:20:04.000000Z
7840033001123,Jabon para Lavar ropa Pacholi Tradicional de 450 ml.,11800,Incabril,limpieza,jabones-de-ropa,https://static.app.biggie.com.py/images/products/7840033001123-32609476.jpg,2026-08-22T21:20:04.000000Z
7840003020963,Jabon en Pan Moroti Blanco Flowpack de 120 gr.,4800,Moroti,limpieza,jabones,https://static.app.biggie.com.py/images/products/7840003020963.jpg,2026-08-22T21:20:04.000000Z
7791274088780,Limpia Vidrios Vais con Gatillo de 500 ml.,18600,VAIS,limpieza,limpiadores,https://static.app.biggie.com.py/images/products/7791274088780.jpg,2026-08-22T21:20:04.000000Z
2259889798999,Bolsa para Residuos Family de 100 l.,6450,Salemma,limpieza,bolsas,,2026-08-22T21:20:04.000000Z
7840118212628,Jabon de Tocador C2 pink (rosado) de 85 gr.,4350,Cavallaro,limpieza,jabones,https://static.app.biggie.com.py/images/products/7840118212628.jpg,2026-08-22T21:20:04.000000Z
7840833002504,Limpiador Activo 100 Flores de Jardin de 900 ml.,11400,Activo 100,limpieza,limpiadores,https://static.app.biggie.com.py/images/products/7840833002504.jpg,2026-08-22T21:20:04.000000Z
7791130681391,Limpiador para Baño Harpic Power Plus de 500 ml.,42500,HARPIC,limpieza,limpiadores,https://static.app.biggie.com.py/images/products/7791130681391-32602682.jpg,2026-08-22T21:20:04.000000Z
7840001150167,Desodorante de Ambiente Pinoleche Citronella de 950 ml.,12750,Pinoleche,limpieza,desinfectante-de-ambiente,https://static.app.biggie.com.py/images/products/7840001150167-27292122.jpg,2026-08-22T21:20:04.000000Z
7840001008857,Tabletas Matiris Mata Mosquito en Sobre x 8 Uni.,5950,Matiris,limpieza,insecticidas,https://static.app.biggie.com.py/images/products/7840001008857.jpg,2026-08-22T21:20:04.000000Z
7840003008787,Jabon en Pan Moroti Ocre de 200 gr.,6700,Moroti,limpieza,jabones-de-ropa,https://static.app.biggie.com.py/images/products/7840003008787-32614280.jpg,2026-08-22T21:20:04.000000Z
7840001003258,Pastilla para inodoros Pinoleche pino de 40 gr.,4900,Pinoleche,limpieza,pastilla-de-inodoro,https://static.app.biggie.com.py/images/products/7840001003258.jpg,2026-08-22T21:20:04.000000Z
7891040001316,Esponja Scotch Brite 3M Multiuso Tradicional x Uni.,3900,SCOTCH BRITE,limpieza,articulos-de-limpieza,,2026-08-22T21:20:04.000000Z
7840096338242,Detergente Amita Ultra Concentrado de 480 ml.,6250,Amita,limpieza,lavavajillas-y-detergentes,,2026-08-22T21:20:04.000000Z
7791290796157,Jabon en Polvo Sun máquina lavavajilla de 1.000 gr.,70200,SUN,limpieza,jabones-de-ropa,https://static.app.biggie.com.py/images/products/7791290796157.jpg,2026-08-22T21:20:04.000000Z
7840096122025,Detergente Amita de Limon de 500 ml.,5400,Amita,limpieza,lavavajillas-y-detergentes,https://static.app.biggie.com.py/images/products/7840096122025.jpg,2026-08-22T21:20:04.000000Z
7840001151744,Bolsas Maravillas Para Baño Mediano.,3100,Maravilla,limpieza,bolsas,https://static.app.biggie.com.py/images/products/7840001151744.jpg,2026-08-22T21:20:04.000000Z
7794440002238,Lana de Acero Virulana Rulo Bronce 1 unidad.,5150,VIRULANA,limpieza,esponjas-rejillas-franelas,https://static.app.biggie.com.py/images/products/7794440002238-32623524.jpg,2026-08-22T21:20:04.000000Z
7840833000258,Detergente Ganador Plus Manzana de 500 ml.,3700,GANADOR,limpieza,lavavajillas-y-detergentes,https://static.app.biggie.com.py/images/products/7840833000258.jpg,2026-08-22T21:20:04.000000Z
7840003022462,Espirales Mapex Trillizas Flow x 12 Uni.,5500,Mapex,limpieza,espirales,https://static.app.biggie.com.py/images/products/7840003022462-32628603.jpg,2026-08-22T21:20:04.000000Z
076171101051,Aromatizante Little Trees Pinito Vainillaroma x Uni.,11000,LITTLE TREES,limpieza,perfumadores-de-ambiente,,2026-08-22T21:20:04.000000Z
7840096335241,Lavandina Amita Lia de 500 ml.,3500,Amita,limpieza,lavandinas-y-quitamanchas,https://static.app.biggie.com.py/images/products/7840096335241.jpg,2026-08-22T21:20:04.000000Z
7840118221347,Detergente Cavallaro Insuperable Limon de 480 ml.,5000,Cavallaro,limpieza,lavavajillas-y-detergentes,,2026-08-22T21:20:04.000000Z
7794440101702,Lana de Acero Virulana Rollitos 10 Unidades.,5400,VIRULANA,limpieza,esponjas-rejillas-franelas,https://static.app.biggie.com.py/images/products/7794440101702.jpg,2026-08-22T21:20:04.000000Z
7840118212604,Jabon de tocador C2 Fresh Azul de 85 gr.,4350,Cavallaro,limpieza,jabones,https://static.app.biggie.com.py/images/products/7840118212604.jpg,2026-08-22T21:20:04.000000Z
7840001006747,Espiral Matris Trillizas Citrinella x 12 Uni.,8250,Matiris,limpieza,espirales,https://static.app.biggie.com.py/images/products/7840001006747.jpg,2026-08-22T21:20:04.000000Z
7794440003440,Esponja Virulana Cuida Uñas x 1 Uni.,4600,VIRULANA,limpieza,esponjas-rejillas-franelas,https://static.app.biggie.com.py/images/products/7794440003440.jpg,2026-08-22T21:20:04.000000Z
7891055789605,Escurridor para Piso Limpaki de 40 cm,18500,LIMPAKI,limpieza,escobas-escurridores-palitas,https://static.app.biggie.com.py/images/products/7891055789605.jpg,2026-08-22T21:20:04.000000Z
7840003005489,Cebo Mapex Raticida en Granos de 40 gr.,11700,Mapex,limpieza,insecticidas,https://static.app.biggie.com.py/images/products/7840003005489-32623544.jpg,2026-08-22T21:20:04.000000Z
7840118221361,Detergente Cavallaro Insuperable Manzana de 480 ml.,5000,Cavallaro,limpieza,lavavajillas-y-detergentes,https://static.app.biggie.com.py/images/products/7840118221361.jpg,2026-08-22T21:20:04.000000Z
7840001003272,Pastilla para Inodoros Pinoleche frutal 40 gr.,4900,Pinoleche,limpieza,pastilla-de-inodoro,https://static.app.biggie.com.py/images/products/7840001003272.jpg,2026-08-22T21:20:04.000000Z
7840001001575,Tableta Matiris Relax en Sobre de 8 Uni.,5950,Matiris,limpieza,insecticidas,https://static.app.biggie.com.py/images/products/7840001001575.jpg,2026-08-22T21:20:04.000000Z
7840154100323,Desodorante para Piso Base Base Pino de 750 ml.,5800,Base Base,limpieza,desinfectante-de-ambiente,,2026-08-22T21:20:04.000000Z
076171101891,Aromatizante Little Trees Pinito New Car x Uni.,11000,LITTLE TREES,limpieza,perfumadores-de-ambiente,,2026-08-22T21:20:04.000000Z
7840118212635,Jabon de Tocador C2 white (blanco) de 85 gr.,4350,Cavallaro,limpieza,jabones,https://static.app.biggie.com.py/images/products/7840118212635.jpg,2026-08-22T21:20:04.000000Z
7840001001568,Tabletas Matiris Brisa del Campo en Sobre x 8 Uni.,5950,Matiris,limpieza,insecticidas,https://static.app.biggie.com.py/images/products/7840001001568-32626456.jpg,2026-08-22T21:20:04.000000Z
7891055228401,Esponja Condor Multiuso x Uni.,3000,CONDOR,limpieza,esponjas-rejillas-franelas,https://static.app.biggie.com.py/images/products/7891055228401.jpg,2026-08-22T21:20:04.000000Z
6001298008123,Bolsa Ziploc Multipack x 9 Uni.,29900,ZIPLOC,limpieza,bolsas,,2026-08-22T21:20:04.000000Z
7840154100552,Bolsa para Residuos Base Base economica de 70 l.,3050,Base Base,limpieza,bolsas,https://static.app.biggie.com.py/images/products/7840154100552.jpg,2026-08-22T21:20:04.000000Z
7891055596609,Esponja Condor Multi Salva Uñas x Uni.,4250,CONDOR,limpieza,esponjas-rejillas-franelas,https://static.app.biggie.com.py/images/products/7891055596609.jpg,2026-08-22T21:20:04.000000Z
7891040142712,Esponja Scotch Brite 3M Cero Rayas Naranja x Uni.,6000,SCOTCH BRITE,limpieza,esponjas-rejillas-franelas,https://static.app.biggie.com.py/images/products/7891040142712.jpg,2026-08-22T21:20:04.000000Z
7898253663331,Escurridor Multimax 40cm con Palo x Uni.,11700,Victoria,limpieza,escobas-escurridores-palitas,https://static.app.biggie.com.py/images/products/7898253663331.jpg,2026-08-22T21:20:04.000000Z
076171103123,Aromatizante Little Trees Pinito Strawberry x Uni.,11000,LITTLE TREES,limpieza,perfumadores-de-ambiente,,2026-08-22T21:20:04.000000Z
7891040128082,Esponja Scotch Brite Multiuso Tinindo x Uni.,2300,SCOTCH BRITE,limpieza,esponjas-rejillas-franelas,https://static.app.biggie.com.py/images/products/7891040128082.jpg,2026-08-22T21:20:04.000000Z
7793350000402,Betun Liquido Wassington de 60 ml.,17950,WASSINGTON,limpieza,cuidado-de-calzado,https://static.app.biggie.com.py/images/products/7793350000402-32599736.jpg,2026-08-22T21:20:04.000000Z
0025700712008,Bolsa Ziploc Sandwich x 14 Uni.,19900,ZIPLOC,limpieza,bolsas,,2026-08-22T21:20:04.000000Z
7891055795507,Esponja Multiuso Limpaki x uni,2500,LIMPAKI,limpieza,esponjas-rejillas-franelas,https://static.app.biggie.com.py/images/products/7891055795507.jpg,2026-08-22T21:20:04.000000Z
7840154100378,Lavandina Base Base Sachet de 250 ml.,1200,Base Base,limpieza,lavandinas-y-quitamanchas,https://static.app.biggie.com.py/images/products/7840154100378.jpg,2026-08-22T21:20:04.000000Z
7840003023018,Espiral Matra Trillizas x 12 Uni.,5900,Matra,limpieza,espirales,https://static.app.biggie.com.py/images/products/7840003023018.jpg,2026-08-22T21:20:04.000000Z
7840096122032,Detergente Amita Neutro de 500 ml.,5400,Amita,limpieza,lavavajillas-y-detergentes,https://static.app.biggie.com.py/images/products/7840096122032-32618266.jpg,2026-08-22T21:20:04.000000Z
7840045034546,Bolsa para Residuos Lavamas baño mediano 10 unidades.,2900,Lavamas,limpieza,bolsas,,2026-08-22T21:20:04.000000Z
7840033000577,Detergente Incabril Limon de 500 ml.,4600,Incabril,limpieza,lavavajillas-y-detergentes,https://static.app.biggie.com.py/images/products/7840033000577-32600953.jpg,2026-08-22T21:20:04.000000Z
7793350000419,Pomada Liquido Wassintong Marron de 60 gr.,17950,WASSINGTON,limpieza,limpiadores,https://static.app.biggie.com.py/images/products/7793350000419.jpg,2026-08-22T21:20:04.000000Z
7805040312143,Pastilla Arom para Inodoro Lavanda de 40 gr.,4950,Arom,limpieza,pastilla-de-inodoro,https://static.app.biggie.com.py/images/products/7805040312143.jpg,2026-08-22T21:20:04.000000Z
7896540902019,Jabon en Polvo Gota Limpa Armonia de 500 gr.,7900,gota limpa,limpieza,jabones-de-ropa,https://static.app.biggie.com.py/images/products/7896540902019.jpg,2026-08-22T21:20:04.000000Z
7840045037431,Rejilla Blanca Lavamas x Unidad.,4900,Lavamas,limpieza,esponjas-rejillas-franelas,https://static.app.biggie.com.py/images/products/7840045037431.jpg,2026-08-22T21:20:04.000000Z
7730187304358,Esponja Natural Pyramide x Uni,7500,JASPE,limpieza,esponjas-rejillas-franelas,,2026-08-22T21:20:04.000000Z
7840033000027,Detergente Incabril Manzana de 500 ml.,4600,Incabril,limpieza,lavavajillas-y-detergentes,https://static.app.biggie.com.py/images/products/7840033000027-32599830.jpg,2026-08-22T21:20:04.000000Z
7790106000006,Naftalina Bio Disolvent x 50 Uni.,6850,Bio Disolvent,limpieza,limpiadores,https://static.app.biggie.com.py/images/products/7790106000006.jpg,2026-08-22T21:20:04.000000Z
7841846001515,Cepillo Miakasa Limpia Tenis x Uni.,13600,Miakasa,limpieza,limpiadores,,2026-08-22T21:20:04.000000Z
7805040313003,Lustra Muebles Virginia Tradicional de 250 ml.,29000,Virginia,limpieza,limpiadores,https://static.app.biggie.com.py/images/products/7805040313003.jpg,2026-08-22T21:20:04.000000Z
7805040312167,Pastilla Arom de Inodoro W.C. Potpourri de 40 gr.,4950,Arom,limpieza,pastilla-de-inodoro,https://static.app.biggie.com.py/images/products/7805040312167.jpg,2026-08-22T21:20:04.000000Z
7891055610404,Cepillo Condor Para Inodoro con Mango x Uni.,11500,CONDOR,limpieza,limpiadores,https://static.app.biggie.com.py/images/products/7891055610404.jpg,2026-08-22T21:20:04.000000Z
7805040313027,Lustra Muebles Virginia Lavanda de 250 ml.,29000,Virginia,limpieza,limpiadores,https://static.app.biggie.com.py/images/products/7805040313027-32640198.jpg,2026-08-22T21:20:04.000000Z
7898253663348,Cepillo Victoria Para Ropas de Madera x Uni.,3250,Victoria,limpieza,limpiadores,https://static.app.biggie.com.py/images/products/7898253663348.jpg,2026-08-22T21:20:04.000000Z
7840001000790,Papel Insecticida Matiris x 12 Unidades.,5750,Matiris,limpieza,insecticidas,https://static.app.biggie.com.py/images/products/7840001000790-32628414.jpg,2026-08-22T21:20:04.000000Z
7841846001508,Cepillo Miakasa Oval Plastico x Uni.,8600,Miakasa,limpieza,limpiadores,,2026-08-22T21:20:04.000000Z
7840888000258,Bolsas Lelys de Hielo 10x35 cm x100 x Uni.,5650,Lelys,limpieza,bolsas,https://static.app.biggie.com.py/images/products/7840888000258.jpg,2026-08-22T21:20:04.000000Z
8410325002191,Bolsa de Basura Saplex para Basura Eco Maxi 70x75 x Uni.,15900,Saplex,limpieza,bolsas,https://static.app.biggie.com.py/images/products/8410325002191.jpg,2026-08-22T21:20:04.000000Z
8410325002184,Bolsa de Basura Saplex para Basura Eco Mini 45x47 x Uni.,10900,Saplex,limpieza,bolsas,https://static.app.biggie.com.py/images/products/8410325002184.jpg,2026-08-22T21:20:04.000000Z
7840791000321,Trampa X-Zone Moscas Plus Adhesivo.,6500,x-zone,limpieza,insecticidas,,2026-08-22T21:20:04.000000Z
8410325000944,Bolsa de Basura Saplex Basic 100 Litros Saco x 10 Uni.,47250,Saplex,limpieza,bolsas,https://static.app.biggie.com.py/images/products/8410325000944.jpg,2026-08-22T21:20:04.000000Z
7702626103167,Limpiador Crema para Metales Brasso 70 ml.,52600,BRASSO,limpieza,cuidado-de-piso,https://static.app.biggie.com.py/images/products/7702626103167.jpg,2026-08-22T21:20:04.000000Z
8410325001415,Bolsa de Basura Saplex para Basura Plastico Negro 55x55 x Uni.,17550,Saplex,limpieza,bolsas,https://static.app.biggie.com.py/images/products/8410325001415.jpg,2026-08-22T21:20:04.000000Z
7840001153373,Aparato Matiris Electrico Repuesto + Liquido de 27 ml.,58500,Matiris,limpieza,insecticidas,https://static.app.biggie.com.py/images/products/7840001153373.jpg,2026-08-22T21:20:04.000000Z
660100,Diario ABC Color por Unidad.,10000,ABC Color,limpieza,papeles,https://static.app.biggie.com.py/images/products/660100.jpg,2026-08-22T21:20:04.000000Z
07898976656214,Jabon en Polvo Apyce Multiaccion Rosa 800 gr,12500,Apyce,limpieza,jabones-de-ropa,https://static.app.biggie.com.py/images/products/07898976656214.jpg,2026-08-22T21:20:04.000000Z
7840154104291,Lavavajilla Base Base de 1.000 gr.,61500,Base Base,limpieza,lavavajillas-y-detergentes,https://static.app.biggie.com.py/images/products/7840154104291.jpg,2026-08-22T21:20:04.000000Z
7790117062161,Bolsa para Residuo Cierra Facil de 100 Lt. x Uni.,15900,Asurin,limpieza,bolsas,,2026-08-22T21:20:04.000000Z
7840003022691,Calentador Mapex Electrico 60 Noches Doble Uso x Uni.,64700,Mapex,limpieza,insecticidas,https://static.app.biggie.com.py/images/products/7840003022691.jpg,2026-08-22T21:20:04.000000Z
7790520025630,Insecticida Raid Sin Olor de 420 ml.,32900,RAID,limpieza,insecticidas,https://static.app.biggie.com.py/images/products/7790520025630.jpg,2026-08-22T21:20:04.000000Z
7896001026025,Guantes de Baño Lanossi Exfoliante 1 Par.,28000,Lanossi,limpieza,guantes,https://static.app.biggie.com.py/images/products/7896001026025.jpg,2026-08-22T21:20:04.000000Z
7841722000762,Detergente Insecticida Inesfly Em House Floor Clea (lavanda) de 1.000 ml.,35000,INESFLY,limpieza,insecticidas,,2026-08-22T21:20:04.000000Z
8410325000135,Bolsa de Basura Saplex Ecosaco 100 litros (82x110 ) Saco x 10 Uni.,42450,Saplex,limpieza,bolsas,https://static.app.biggie.com.py/images/products/8410325000135.jpg,2026-08-22T21:20:04.000000Z
7793253003500,Limpiador Poett Lavanda Desinfectante de 900 ml.,15500,Poett,limpieza,limpiadores,https://static.app.biggie.com.py/images/products/7793253003500-32930896.jpg,2026-08-22T21:20:04.000000Z
8410325000869,Bolsa de Basura Saplex Ecosaco 100 Litros (82x105 ) Saco x 10 Uni.,42450,Saplex,limpieza,bolsas,https://static.app.biggie.com.py/images/products/8410325000869.jpg,2026-08-22T21:20:04.000000Z
784574,Bolson Michelob + 3 Packs Michelob Botella de 275 ml (12uni).,320000,Michelob,limpieza,bolsas,,2026-08-22T21:20:04.000000Z
8410325000166,Bolsa de Basura Saplex Jardin 100 litros Saco x 10 Uni.,47150,Saplex,limpieza,bolsas,https://static.app.biggie.com.py/images/products/8410325000166.jpg,2026-08-22T21:20:04.000000Z
8410325002399,Bolsa de Basura Saplex Profesional 100 Litros Saco x 20 Uni.,46500,Saplex,limpieza,bolsas,https://static.app.biggie.com.py/images/products/8410325002399.jpg,2026-08-22T21:20:04.000000Z
51515,Toalla En Rollo Estandard.,11250,Sin Marca,limpieza,rollo-de-cocina,,2026-08-22T21:20:04.000000Z
7840687000336,Trapo de piso Amancay chico 45 x 45 cm.,3400,Sin Marca,limpieza,limpiadores,,2026-08-22T21:20:04.000000Z
8445290594587,Alimento para Perro Dog Chow Razas Medianas y Grandes de 1.500 gr.,45800,Dog Chow,mascotas,perros,https://static.app.biggie.com.py/images/products/8445290594587.jpg,2026-08-22T21:20:04.000000Z
8445290595447,Alimento para Perro Dog Chow Razas Pequeñas Adultos de 1.500 gr.,45800,Dog Chow,mascotas,perros,https://static.app.biggie.com.py/images/products/8445290595447.jpg,2026-08-22T21:20:04.000000Z
7798120730053,Sanitario Mineral Nic Gatos de 2.000 gr.,26700,Nic,mascotas,gatos,,2026-08-22T21:20:04.000000Z
7797453001564,Alimento para Perro Pedigree Adulto Razas pequeñas de 1.500 gr.,40950,Pedigree,mascotas,perros,https://static.app.biggie.com.py/images/products/7797453001564.jpg,2026-08-22T21:20:04.000000Z
7797453001502,Alimento para Perro Pedigree Cachorro de 1.500 gr.,51900,Pedigree,mascotas,perros,https://static.app.biggie.com.py/images/products/7797453001502.jpg,2026-08-22T21:20:04.000000Z
7840023000990,Alimento Para Perro Pronto Dog Adultos de 2.700 gr.,30500,Pronto Dog,mascotas,perros,https://static.app.biggie.com.py/images/products/7840023000990.jpg,2026-08-22T21:20:04.000000Z
7797453973090,Alimento Para Gato Whiskas Castrados Mix Carnes de 1.000 gr.,47250,Whiskas,mascotas,gatos,https://static.app.biggie.com.py/images/products/7797453973090.jpg,2026-08-22T21:20:04.000000Z
8445290944801,Alimento para Perro Dog Chow Cachorro Razas Pequeñas de 1.500 gr.,51000,Dog Chow,mascotas,perros,https://static.app.biggie.com.py/images/products/8445290944801.jpg,2026-08-22T21:20:04.000000Z
8445290944184,Alimento para Perro Dog Chow Cachorro Razas Medianas y Grandes de 1.500 gr.,51000,Dog Chow,mascotas,perros,https://static.app.biggie.com.py/images/products/8445290944184.jpg,2026-08-22T21:20:04.000000Z
7840023000983,Alimento Para Perro Pronto Dog Adultos de 1.500 gr.,19300,Pronto Dog,mascotas,perros,https://static.app.biggie.com.py/images/products/7840023000983.jpg,2026-08-22T21:20:04.000000Z
7797453972291,Alimento para Gato Whiskas Adulto Pescado de 1.000 gr.,45000,Whiskas,mascotas,gatos,https://static.app.biggie.com.py/images/products/7797453972291.jpg,2026-08-22T21:20:04.000000Z
7840023000907,Alimento Para Perro Pronto Dog Cachorros de 1.500 gr.,23300,Pronto Dog,mascotas,perros,https://static.app.biggie.com.py/images/products/7840023000907.jpg,2026-08-22T21:20:04.000000Z
7840023001706,Alimento para Gato Pronto Cat Balanceado Castrados de 2.700 gr.,66150,Pronto Cat,mascotas,gatos,https://static.app.biggie.com.py/images/products/7840023001706.jpg,2026-08-22T21:20:04.000000Z
7840023000914,Alimento Para Perro Pronto Dog Cachorros de 2.700 gr.,37700,Pronto Dog,mascotas,perros,https://static.app.biggie.com.py/images/products/7840023000914.jpg,2026-08-22T21:20:04.000000Z
8445290069313,"Alimento Para Gato Cat Chow Pescado, Carne y Vegetales de 1.000 gr.",47500,Cat Chow,mascotas,gatos,https://static.app.biggie.com.py/images/products/8445290069313.jpg,2026-08-22T21:20:04.000000Z
7840023001508,Alimento Para Perro Pronto Dog Razas Pequeñas de 1.500 gr.,21900,Pronto Dog,mascotas,perros,https://static.app.biggie.com.py/images/products/7840023001508.jpg,2026-08-22T21:20:04.000000Z
7840023001515,Alimento Para Perro Pronto Dog Razas Pequeñas de 2.700 gr.,38100,Pronto Dog,mascotas,perros,https://static.app.biggie.com.py/images/products/7840023001515.png,2026-08-22T21:20:04.000000Z
7891000244036,Alimento Para Gato Cat Chow Esterilizados Pescado de 85 gr.,7450,Cat Chow,mascotas,gatos,https://static.app.biggie.com.py/images/products/7891000244036.jpg,2026-08-22T21:20:04.000000Z
7797453000796,Alimento para Perro Pedigree Adulto Carne Sachet de 100 gr.,7500,Pedigree,mascotas,perros,https://static.app.biggie.com.py/images/products/7797453000796.jpg,2026-08-22T21:20:04.000000Z
7840185787050,Alimento Para Perro Patitas Cachorro de 1.000 gr.,24000,Patitas,mascotas,perros,https://static.app.biggie.com.py/images/products/7840185787050.jpg,2026-08-22T21:20:04.000000Z
7613287613356,Alimento para Perro Dogui Recetas Caseras de 1.500 gr.,34800,Dogui,mascotas,perros,https://static.app.biggie.com.py/images/products/7613287613356.jpg,2026-08-22T21:20:04.000000Z
7840023000952,Alimento Para Perro Pronto Dog Crecimiento de 2.700 gr.,33700,Pronto Dog,mascotas,perros,https://static.app.biggie.com.py/images/products/7840023000952.jpg,2026-08-22T21:20:04.000000Z
7797453972284,Alimento para Gato Whiskas Adulto Pescado de 500 gr.,24500,Whiskas,mascotas,gatos,https://static.app.biggie.com.py/images/products/7797453972284.jpg,2026-08-22T21:20:04.000000Z
7797453000468,Alimento para Perro Pedigree Cachorro Carne Sachet de 85 gr.,7500,Pedigree,mascotas,perros,https://static.app.biggie.com.py/images/products/7797453000468.jpg,2026-08-22T21:20:04.000000Z
7797453000475,Alimento para Perro Pedigree Razas Pequeñas Carne Sachet de 85 gr.,7500,Pedigree,mascotas,perros,https://static.app.biggie.com.py/images/products/7797453000475.jpg,2026-08-22T21:20:04.000000Z
7797453001526,Alimento para Perro Pedigree Carne Adulto de 1.500 gr.,45500,Pedigree,mascotas,perros,https://static.app.biggie.com.py/images/products/7797453001526.jpg,2026-08-22T21:20:04.000000Z
7891000120774,Alimento Para Gato Felix Sensaciones de Atun en Salsa de 85 gr.,6600,Felix,mascotas,gatos,https://static.app.biggie.com.py/images/products/7891000120774.jpg,2026-08-22T21:20:04.000000Z
7840023000945,Alimento Para Perro Pronto Dog Crecimiento 1.500 gr.,21300,Pronto Dog,mascotas,perros,https://static.app.biggie.com.py/images/products/7840023000945.jpg,2026-08-22T21:20:04.000000Z
7797453000550,Alimento para Gato Whiskas Adulto Sachet Sabor Pollo de 85 gr.,7500,Whiskas,mascotas,gatos,https://static.app.biggie.com.py/images/products/7797453000550.jpg,2026-08-22T21:20:04.000000Z
8445290068682,Alimento para Gato Cat Chow Adulto Carne Pollo de 1.000 gr.,45000,Cat Chow,mascotas,gatos,https://static.app.biggie.com.py/images/products/8445290068682.jpg,2026-08-22T21:20:04.000000Z
7797453001519,Alimento para Perro Pedigree Cachorro de 3.000 gr.,98500,Pedigree,mascotas,perros,https://static.app.biggie.com.py/images/products/7797453001519.jpg,2026-08-22T21:20:04.000000Z
7797453000802,Alimento para Perro Pedigree Adulto Pollo Sachet de 100 gr.,7500,Pedigree,mascotas,perros,https://static.app.biggie.com.py/images/products/7797453000802.jpg,2026-08-22T21:20:04.000000Z
7797453000482,Alimento para Perro Pedigree Adulto Razas Pequeñas Sachet Pollo de 85 gr.,7500,Pedigree,mascotas,perros,https://static.app.biggie.com.py/images/products/7797453000482.jpg,2026-08-22T21:20:04.000000Z
7840023001027,Alimento Para Gato Pronto Cat Adulto Crecimiento de 1.000 gr.,20000,Pronto Cat,mascotas,gatos,https://static.app.biggie.com.py/images/products/7840023001027.jpg,2026-08-22T21:20:04.000000Z
7840185787005,Alimento Para Perro Patitas Adulto de 1.000 gr.,21500,Patitas,mascotas,perros,https://static.app.biggie.com.py/images/products/7840185787005.jpg,2026-08-22T21:20:04.000000Z
7840023001683,Alimento para Gato Pronto Cat Balanceado Castrados de 500 gr.,14850,Pronto Cat,mascotas,gatos,https://static.app.biggie.com.py/images/products/7840023001683.jpg,2026-08-22T21:20:04.000000Z
7797453001533,Alimento para Perro Pedigree Carne Adulto de 3.000 gr.,87800,Pedigree,mascotas,perros,https://static.app.biggie.com.py/images/products/7797453001533.jpg,2026-08-22T21:20:04.000000Z
7797453972253,Alimento Para Gato Whiskas Cachorro Carne con Leche de 500 gr.,25500,Whiskas,mascotas,gatos,https://static.app.biggie.com.py/images/products/7797453972253.jpg,2026-08-22T21:20:04.000000Z
7797453001540,Alimento para Perro Pedigree Carne y Vegetal de 1.500 gr.,45500,Pedigree,mascotas,perros,https://static.app.biggie.com.py/images/products/7797453001540.jpg,2026-08-22T21:20:04.000000Z
7797453001571,Alimento para Perro Pedigree Adulto Razas Pequeñas de 3.000 gr.,87800,Pedigree,mascotas,perros,https://static.app.biggie.com.py/images/products/7797453001571.jpg,2026-08-22T21:20:04.000000Z
8445290057433,Alimento para Gato Cat Chow Adulto Pescado Pollo de 1.000 gr.,45000,Cat Chow,mascotas,gatos,https://static.app.biggie.com.py/images/products/8445290057433.jpg,2026-08-22T21:20:04.000000Z
7891000241080,Alimento Para Gato Felix de Salmon en Salsa de 85 gr.,6600,Felix,mascotas,gatos,https://static.app.biggie.com.py/images/products/7891000241080.jpg,2026-08-22T21:20:04.000000Z
7797453000543,Alimento para Gato Whiskas Adulto Sachet Sabor Sardina de 85 gr.,7500,Whiskas,mascotas,gatos,https://static.app.biggie.com.py/images/products/7797453000543.jpg,2026-08-22T21:20:04.000000Z
7797453972260,Alimento Para Gato Whiskas Cachorro Carne y Leche de 1.000 gr.,47000,Whiskas,mascotas,gatos,https://static.app.biggie.com.py/images/products/7797453972260.jpg,2026-08-22T21:20:04.000000Z
7891000244012,Alimentos Para Gato Cat Chow Pollo de 85 gr.,7450,Cat Chow,mascotas,gatos,https://static.app.biggie.com.py/images/products/7891000244012.jpg,2026-08-22T21:20:04.000000Z
7891000240625,Alimento Para Gato Felix Classic Carne de 85 gr.,6500,Felix,mascotas,gatos,https://static.app.biggie.com.py/images/products/7891000240625.jpg,2026-08-22T21:20:04.000000Z
7797453001557,Alimento para Perro Pedigree Carne y Vegetal de 3.000 gr.,87800,Pedigree,mascotas,perros,https://static.app.biggie.com.py/images/products/7797453001557.jpg,2026-08-22T21:20:04.000000Z
7797453972383,Alimento para Gato Whiskas Adulto Pollo y Leche de 500 gr.,24500,Whiskas,mascotas,gatos,https://static.app.biggie.com.py/images/products/7797453972383.jpg,2026-08-22T21:20:04.000000Z
7891000244661,Alimento Para Gato Cat Chow Adulto Pescado de 85 gr.,7450,Cat Chow,mascotas,gatos,https://static.app.biggie.com.py/images/products/7891000244661.jpg,2026-08-22T21:20:04.000000Z
7797453000413,Alimento para Gato Whiskas Adulto Sachet Salmon de 85 gr.,7500,Whiskas,mascotas,gatos,https://static.app.biggie.com.py/images/products/7797453000413.jpg,2026-08-22T21:20:04.000000Z
7797453000420,Alimento para Gato Whiskas Adulto Sabor Carne Sachet de 85 gr.,7500,Whiskas,mascotas,gatos,https://static.app.biggie.com.py/images/products/7797453000420.jpg,2026-08-22T21:20:04.000000Z
7797453000406,Alimento para Gato Whiskas Cachorro Sachet Gatitos Sabor Carne de 85 gr.,7500,Whiskas,mascotas,gatos,https://static.app.biggie.com.py/images/products/7797453000406.jpg,2026-08-22T21:20:04.000000Z
8445290068507,Alimento para Gato Cat Chow Adulto Carne de 500 gr.,24700,Cat Chow,mascotas,gatos,https://static.app.biggie.com.py/images/products/8445290068507.jpg,2026-08-22T21:20:04.000000Z
7797453972345,Alimento para Gato Whiskas Carne de 1.000 gr.,45000,Whiskas,mascotas,gatos,https://static.app.biggie.com.py/images/products/7797453972345.jpg,2026-08-22T21:20:04.000000Z
7797453972390,Alimento para Gato Whiskas Adulto Pollo y Leche 1.000 gr.,45000,Whiskas,mascotas,gatos,https://static.app.biggie.com.py/images/products/7797453972390.jpg,2026-08-22T21:20:04.000000Z
7840185787104,Alimento Para Gato Patitas Adulto de 1.000 gr.,30500,Patitas,mascotas,gatos,https://static.app.biggie.com.py/images/products/7840185787104.jpg,2026-08-22T21:20:04.000000Z
8445290057365,Alimento para Gato Cat Chow Adulto Pescados y Pollo de 500 gr.,24700,Cat Chow,mascotas,gatos,https://static.app.biggie.com.py/images/products/8445290057365.jpg,2026-08-22T21:20:04.000000Z
7797453973083,Alimento Para Gato Whiskas Castrados Mix Carnes de 500 gr.,26100,Whiskas,mascotas,gatos,https://static.app.biggie.com.py/images/products/7797453973083.jpg,2026-08-22T21:20:04.000000Z
7797453971706,Alimento para Perro Pedigree Adulto Carne en Lata de 340 gr.,22650,Pedigree,mascotas,perros,https://static.app.biggie.com.py/images/products/7797453971706.jpg,2026-08-22T21:20:04.000000Z
7797453973472,Alimento para Perro Pedigree High Protein Carne y Pollo de 1.300 gr.,43300,Pedigree,mascotas,perros,https://static.app.biggie.com.py/images/products/7797453973472.jpg,2026-08-22T21:20:04.000000Z
7840023001553,Alimento Para Gato Pronto Cat Crecimiento y Adulto de 500 gr.,11400,Pronto Cat,mascotas,gatos,https://static.app.biggie.com.py/images/products/7840023001553.png,2026-08-22T21:20:04.000000Z
7802575533951,Alimento para Perro Master Dog Cachorro de 1.000 gr.,31650,Master Dog,mascotas,perros,https://static.app.biggie.com.py/images/products/7802575533951.jpg,2026-08-22T21:20:04.000000Z
7801920000070,Alimento para Perro Master Dog Adulto Pollo de 1.000 gr.,26950,Master Dog,mascotas,perros,https://static.app.biggie.com.py/images/products/7801920000070.jpg,2026-08-22T21:20:04.000000Z
7840185787135,Alimento Para Gato Patitas Adulto de 500 gr.,14900,Patitas,mascotas,gatos,https://static.app.biggie.com.py/images/products/7840185787135.jpg,2026-08-22T21:20:04.000000Z
7797453971690,Alimento Para Perro Pedigree Cachorro Carne en Lata de 340 gr.,22650,Pedigree,mascotas,perros,https://static.app.biggie.com.py/images/products/7797453971690.jpg,2026-08-22T21:20:04.000000Z
7801920000117,Alimento para Perro Master Dog Cachorro de 3.000 gr.,91900,Master Dog,mascotas,perros,https://static.app.biggie.com.py/images/products/7801920000117.jpg,2026-08-22T21:20:04.000000Z
7797453972307,Alimento para Gato Whiskas Sabor Pescado de 3.000 gr.,119000,Whiskas,mascotas,gatos,https://static.app.biggie.com.py/images/products/7797453972307.jpg,2026-08-22T21:20:04.000000Z
7797453973106,Alimento Para Gato Whiskas Castrados Mix Carnes de 3.000 gr.,126700,Whiskas,mascotas,gatos,https://static.app.biggie.com.py/images/products/7797453973106.jpg,2026-08-22T21:20:04.000000Z
7797453971713,Alimento para Perro Pedigree Adulto Pollo en Lata de 340 gr.,22650,Pedigree,mascotas,perros,https://static.app.biggie.com.py/images/products/7797453971713.jpg,2026-08-22T21:20:04.000000Z
7840226020399,Arena Sanitaria Animal´s para gato de 2.000 gr.,30150,ANIMALS,mascotas,gatos,https://static.app.biggie.com.py/images/products/7840226020399-25933369.jpg,2026-08-22T21:20:04.000000Z
7797453001472,Alimento para Gato Whiskas Carne Souffle de 85 gr.,7500,Whiskas,mascotas,gatos,https://static.app.biggie.com.py/images/products/7797453001472.jpg,2026-08-22T21:20:04.000000Z
7891000098240,Alimento para Perro Doguitos Tira Asada de 65 gr.,12000,Doguitos,mascotas,perros,https://static.app.biggie.com.py/images/products/7891000098240.jpg,2026-08-22T21:20:04.000000Z
7801920001374,Alimento para Gato Master Cat Salmon Sardina de 1.000 gr.,39950,Master Cat,mascotas,gatos,https://static.app.biggie.com.py/images/products/7801920001374.jpg,2026-08-22T21:20:04.000000Z
7840185787012,Alimento para Perro Adulto Patitas de 3 kg.,60000,Patitas,mascotas,gatos,,2026-08-22T21:20:04.000000Z
7848003120089,Hueso Digerible Vitalipets Palitos Blancos x 12 Uni.,19250,Vitalipets,mascotas,perros,https://static.app.biggie.com.py/images/products/7848003120089.jpg,2026-08-22T21:20:04.000000Z
7802575531742,Galleta para Gato Master Cat Trocitos Jugosos de Salmon de 85 gr.,7450,Master Cat,mascotas,gatos,https://static.app.biggie.com.py/images/products/7802575531742.jpg,2026-08-22T21:20:04.000000Z
7802575531735,Galleta para Gato Master Cat Trocitos Jugosos Carne de 85 gr.,7450,Master Cat,mascotas,gatos,https://static.app.biggie.com.py/images/products/7802575531735.jpg,2026-08-22T21:20:04.000000Z
7802575532664,Alimento para Perro Petfood Cachorro Trocitos Jugosos de 85 gr.,7450,Master Dog,mascotas,perros,https://static.app.biggie.com.py/images/products/7802575532664-27220128.jpg,2026-08-22T21:20:04.000000Z
7802575531759,Alimento para Perro Master Dog Adulto Trocitos Carne de 100 gr.,7450,Master Dog,mascotas,perros,https://static.app.biggie.com.py/images/products/7802575531759.jpg,2026-08-22T21:20:04.000000Z
7801920001404,Alimento para Gato Master Cat Salmon Sardina de 3.000 gr.,114900,Master Cat,mascotas,gatos,https://static.app.biggie.com.py/images/products/7801920001404.jpg,2026-08-22T21:20:04.000000Z
7848003120034,Hueso Digerible Vitalipets Palitos de Colores x 5 Uni.,10700,Vitalipets,mascotas,perros,,2026-08-22T21:20:04.000000Z
7840001006204,Shampoo Pulguicida Kerkus x 250 ml.,17950,KERKUS,mascotas,perros,https://static.app.biggie.com.py/images/products/7840001006204.jpg,2026-08-22T21:20:04.000000Z
7891000423325,"Alimento Para Perro Dog Chow Adulto Alta Proteina Carne, Pollo y Cerdo de 85gr",7450,Dog Chow,mascotas,perros,,2026-08-22T21:20:04.000000Z
7891000423271,Alimento Para Perro Dog Chow Adulto Nutricion Reforzada Carne en filetes con arroz de 85gr,7450,Dog Chow,mascotas,perros,,2026-08-22T21:20:04.000000Z
7891000423288,"Alimento Para Perro Dog Chow Gran Comienzo Pollo, banana, zanahoria y leche de 85gr.",7450,Dog Chow,mascotas,perros,,2026-08-22T21:20:04.000000Z
7730911981305,Pan Baguette Pagnifique x Uni,9700,Pagnifique,panaderia,panes-frescos,https://static.app.biggie.com.py/images/products/7730911981305.jpg,2026-08-22T21:20:04.000000Z
7840047000013,Chipá Pirú Hijas de Feliciana de Fariña de 250 gr.,18000,Hijas de Feliciana de Fariña,panaderia,chipas,https://static.app.biggie.com.py/images/products/7840047000013-33769490.jpg,2026-08-22T21:20:04.000000Z
7840581040346,Galleta Milagros El Germano de 750 gr.,19900,EL GERMANO,panaderia,panes-envasados,https://static.app.biggie.com.py/images/products/7840581040346.jpg,2026-08-22T21:20:04.000000Z
7898067340091,Pan de Ajo Tradicional Santa Massa de 400 gr.,29900,Santa Massa,panaderia,panes-de-ajo,https://static.app.biggie.com.py/images/products/7898067340091.jpg,2026-08-22T21:20:04.000000Z
7840581040360,Pan Felipe El Germano de 500 gr.,10800,EL GERMANO,panaderia,panes-envasados,https://static.app.biggie.com.py/images/products/7840581040360.jpg,2026-08-22T21:20:04.000000Z
7891962064055,Pan Integral Bauducco de 390 gr.,11500,Bauducco,panaderia,panes-envasados,https://static.app.biggie.com.py/images/products/7891962064055.jpg,2026-08-22T21:20:04.000000Z
7840131003067,Rapiditas Bimbo Light de 310 gr.,14400,Bimbo,panaderia,panes-envasados,https://static.app.biggie.com.py/images/products/7840131003067.jpg,2026-08-22T21:20:04.000000Z
7840131000028,Pan para Sanwich Pantodos de 420 gr.,10400,PANTODOS,panaderia,panes-envasados,https://static.app.biggie.com.py/images/products/7840131000028.jpg,2026-08-22T21:20:04.000000Z
7898337980248,Pan de Ajo Zinho Tradicional con Queso de 300 gr.,19950,Zinho,panaderia,panes-de-ajo,https://static.app.biggie.com.py/images/products/7898337980248.jpeg,2026-08-22T21:20:04.000000Z
7840131003807,Pan de Sandwich Bimbo 3 Semillas de 400 gr.,13100,Bimbo,panaderia,panes-envasados,https://static.app.biggie.com.py/images/products/7840131003807.jpg,2026-08-22T21:20:04.000000Z
7840581040179,Galleta El Germano Especiale de 750 gr.,16900,EL GERMANO,panaderia,panes-envasados,https://static.app.biggie.com.py/images/products/7840581040179.jpg,2026-08-22T21:20:04.000000Z
7840075040050,Pan para Pancho La Palmera 12 Unidades.,10200,LA PALMERA,panaderia,panes-envasados,https://static.app.biggie.com.py/images/products/7840075040050.jpg,2026-08-22T21:20:04.000000Z
7840131000714,Pan para Sandwich Pantodos Lacteado de 400 gr.,9100,PANTODOS,panaderia,panes-envasados,https://static.app.biggie.com.py/images/products/7840131000714.jpg,2026-08-22T21:20:04.000000Z
7840047000020,Chipá Pirú Hijas de Feliciana de Fariña de 125 gr.,9000,Hijas de Feliciana de Fariña,panaderia,chipas,https://static.app.biggie.com.py/images/products/7840047000020-33769411.jpg,2026-08-22T21:20:04.000000Z
7840581102242,Pan Brioche El Germano de 350 gr.,15700,EL GERMANO,panaderia,panes-envasados,https://static.app.biggie.com.py/images/products/7840581102242.jpg,2026-08-22T21:20:04.000000Z
7840699001628,Pan de Ajo Guarani Tradicional de 400 gr.,26800,Guaraní,panaderia,panes-de-ajo,https://static.app.biggie.com.py/images/products/7840699001628.jpg,2026-08-22T21:20:04.000000Z
7898067340077,Pan de Ajo Tradicional Santa Massa de 240 gr.,19900,Santa Massa,panaderia,panes-de-ajo,https://static.app.biggie.com.py/images/products/7898067340077.jpg,2026-08-22T21:20:04.000000Z
7891962064048,Pan Bauducco Blanco de 390 gr.,10500,Bauducco,panaderia,panes-envasados,https://static.app.biggie.com.py/images/products/7891962064048.jpg,2026-08-22T21:20:04.000000Z
7840131000066,Pan para Sandwich Pantodos Salvado 440 gr.,11100,PANTODOS,panaderia,panes-envasados,https://static.app.biggie.com.py/images/products/7840131000066.jpg,2026-08-22T21:20:04.000000Z
7840131003050,Rapiditas Bimbo Clasicas de 310 gr.,12400,Bimbo,panaderia,panes-envasados,https://static.app.biggie.com.py/images/products/7840131003050.jpg,2026-08-22T21:20:04.000000Z
7840581040209,Pan El Germano para Pancho de 480 gr.,11900,EL GERMANO,panaderia,panes-envasados,https://static.app.biggie.com.py/images/products/7840581040209.jpg,2026-08-22T21:20:04.000000Z
7840131000035,Pan para Pancho Pantodos de 420 gr.,11200,Bimbo,panaderia,panes-envasados,https://static.app.biggie.com.py/images/products/7840131000035.jpg,2026-08-22T21:20:04.000000Z
7840131000011,Pan para Sandwich Pantodos de 850 gr.,18400,PANTODOS,panaderia,panes-envasados,https://static.app.biggie.com.py/images/products/7840131000011.jpg,2026-08-22T21:20:04.000000Z
7840131002459,Pan Bimbo Para lomito de 450 gr.,13100,Bimbo,panaderia,panes-envasados,https://static.app.biggie.com.py/images/products/7840131002459.jpg,2026-08-22T21:20:04.000000Z
7898337980262,Pan de Ajo Zinho Picante con Queso de 300 gr.,19950,Zinho,panaderia,panes-de-ajo,https://static.app.biggie.com.py/images/products/7898337980262.jpg,2026-08-22T21:20:04.000000Z
7840131000738,Pan Hamburguesa PanTodos con semilla 6p de 340 gr.,10100,PANTODOS,panaderia,panes-envasados,https://static.app.biggie.com.py/images/products/7840131000738.jpg,2026-08-22T21:20:04.000000Z
7840131002350,Madalenas Bimbo vainilla 80 gr x 2 unidades.,5900,Bimbo,panaderia,panes-envasados,https://static.app.biggie.com.py/images/products/7840131002350.jpg,2026-08-22T21:20:04.000000Z
7840131003463,Pre Pizza tradicional Pantodos de 200 gr.,8100,PANTODOS,panaderia,panes-envasados,https://static.app.biggie.com.py/images/products/7840131003463.jpg,2026-08-22T21:20:04.000000Z
7891962067278,Pan Bauducco Multigranos de 390 gr.,12950,Bauducco,panaderia,panes-envasados,https://static.app.biggie.com.py/images/products/7891962067278.jpg,2026-08-22T21:20:04.000000Z
7840131001216,Pan Bimbo Oroweart Semillas Oro Paquete de 600 gr.,23400,Bimbo,panaderia,panes-envasados,https://static.app.biggie.com.py/images/products/7840131001216.jpg,2026-08-22T21:20:04.000000Z
7840131003500,Pan Bimbo Sandwich Semillas de 650 gr.,19400,Bimbo,panaderia,panes-envasados,https://static.app.biggie.com.py/images/products/7840131003500.jpg,2026-08-22T21:20:04.000000Z
7840131004279,Pan Bimbo Para Hamburguesa de 380 gr.,12100,Bimbo,panaderia,panes-envasados,https://static.app.biggie.com.py/images/products/7840131004279.jpg,2026-08-22T21:20:04.000000Z
7840131004156,Madalenas Bimbo Chips Chocolate de 80 gr.,5900,Bimbo,panaderia,panes-envasados,https://static.app.biggie.com.py/images/products/7840131004156.jpg,2026-08-22T21:20:04.000000Z
7840581002528,Pan Integral El Germano de 400 gr.,18700,EL GERMANO,panaderia,panes-envasados,https://static.app.biggie.com.py/images/products/7840581002528.jpg,2026-08-22T21:20:04.000000Z
7840581040230,Pan El Germano para Hamburguesa Blanco de 350 gr.,10500,EL GERMANO,panaderia,panes-envasados,https://static.app.biggie.com.py/images/products/7840581040230.jpg,2026-08-22T21:20:04.000000Z
7840131004446,Pan Bimbo Oroweat Multigrano 1p Bolsa Oro de 560 gr.,23400,Bimbo,panaderia,panes-envasados,https://static.app.biggie.com.py/images/products/7840131004446.jpg,2026-08-22T21:20:04.000000Z
7840581002108,Pan de Gluten El Germano con 3 Semillas de 300 gr.,23500,EL GERMANO,panaderia,panes-envasados,https://static.app.biggie.com.py/images/products/7840581002108.jpg,2026-08-22T21:20:04.000000Z
7840581002542,Pan Integral El Germano con Avena de 400 gr. .,16500,EL GERMANO,panaderia,panes-envasados,https://static.app.biggie.com.py/images/products/7840581002542.jpg,2026-08-22T21:20:04.000000Z
7840131000707,Pan para Sandwich Pantodos Lacteado de 600 gr.,13500,PANTODOS,panaderia,panes-envasados,https://static.app.biggie.com.py/images/products/7840131000707.jpg,2026-08-22T21:20:04.000000Z
7840225020086,Pancito Edward de Viena de 450 gr.,8900,Edward,panaderia,panes-envasados,https://static.app.biggie.com.py/images/products/7840225020086.jpg,2026-08-22T21:20:04.000000Z
7840225020031,Pan Edward Miga Blanco de 500 gr.,9100,Edward,panaderia,panes-envasados,https://static.app.biggie.com.py/images/products/7840225020031.jpg,2026-08-22T21:20:04.000000Z
7840581002009,Pan Aleman de 3 Semillas y Centeno 600 gr.,29100,EL GERMANO,panaderia,panes-envasados,https://static.app.biggie.com.py/images/products/7840581002009.jpg,2026-08-22T21:20:04.000000Z
7840131003333,Rapiditas Bimbo XXL de 420 gr.,15000,Bimbo,panaderia,panes-envasados,https://static.app.biggie.com.py/images/products/7840131003333.jpg,2026-08-22T21:20:04.000000Z
7840075000214,Pan La Palmera Super Hamburguesa x 6 Uni.,10800,LA PALMERA,panaderia,panes-envasados,https://static.app.biggie.com.py/images/products/7840075000214.jpg,2026-08-22T21:20:04.000000Z
7840581002535,Pan para sandwich Integral  El Germano de 700 gr.,23800,EL GERMANO,panaderia,panes-envasados,https://static.app.biggie.com.py/images/products/7840581002535.jpg,2026-08-22T21:20:04.000000Z
7840131004132,Pan Para Hamburguesa Bimbo Artesano Brioche de 340 gr.,13100,Bimbo,panaderia,panes-envasados,https://static.app.biggie.com.py/images/products/7840131004132.jpg,2026-08-22T21:20:04.000000Z
7841282000042,Chipa Piru Ña Eustaquia de 250 gr.,13300,Ña Eustaquia,panaderia,chipas,https://static.app.biggie.com.py/images/products/7841282000042.jpg,2026-08-22T21:20:04.000000Z
7840225030634,Pan Edward Miga Integral de 500 gr.,8600,Edward,panaderia,panes-envasados,,2026-08-22T21:20:04.000000Z
7840045050515,Chipitas Primicia de 200 gr.,12550,Primicia,panaderia,chipas,https://static.app.biggie.com.py/images/products/7840045050515.jpg,2026-08-22T21:20:04.000000Z
7840131001209,Pan Bimbo Blanco Paquete de 400 gr.,12100,Bimbo,panaderia,panes-envasados,https://static.app.biggie.com.py/images/products/7840131001209.jpg,2026-08-22T21:20:04.000000Z
7840075040029,Pan para Hamburguesa La Palmera 6 Unidades.,9950,LA PALMERA,panaderia,panes-envasados,https://static.app.biggie.com.py/images/products/7840075040029.jpg,2026-08-22T21:20:04.000000Z
7841503001551,Chipa Piru La Linda de 200 gr.,11150,La Linda,panaderia,chipas,https://static.app.biggie.com.py/images/products/7841503001551.jpg,2026-08-22T21:20:04.000000Z
7840131004316,Madalenas Bimbo Choco Chips 2p de 80 gr.,5900,Bimbo,panaderia,panes-envasados,https://static.app.biggie.com.py/images/products/7840131004316.jpg,2026-08-22T21:20:04.000000Z
7840699001970,Pan de Ajo Guarani Picante de 400 gr.,26800,Guaraní,panaderia,panes-de-ajo,https://static.app.biggie.com.py/images/products/7840699001970.jpg,2026-08-22T21:20:04.000000Z
7891962074122,Pancitos Bauducco de 260 gr.,10000,Bauducco,panaderia,panes-envasados,https://static.app.biggie.com.py/images/products/7891962074122.jpg,2026-08-22T21:20:04.000000Z
7840131003456,Rapiditas integral Bimbo de 310 gr.,14400,Bimbo,panaderia,panes-envasados,https://static.app.biggie.com.py/images/products/7840131003456.jpg,2026-08-22T21:20:04.000000Z
7840131003166,Pan Hamburguesa Bimbo Artesano 4p de 300 gr.,12100,Bimbo,panaderia,panes-envasados,https://static.app.biggie.com.py/images/products/7840131003166.jpg,2026-08-22T21:20:04.000000Z
7840131002886,Pan Artesano Bimbo de 500 gr.,17600,Bimbo,panaderia,panes-envasados,https://static.app.biggie.com.py/images/products/7840131002886.jpg,2026-08-22T21:20:04.000000Z
7840131004361,Pan Artesano Bimbo Integral 1p de 500 gr.,19600,Bimbo,panaderia,panes-envasados,https://static.app.biggie.com.py/images/products/7840131004361.jpg,2026-08-22T21:20:04.000000Z
7898067340060,Pan de Ajo picante Santa Massa de 240 gr.,19900,Santa Massa,panaderia,panes-de-ajo,,2026-08-22T21:20:04.000000Z
7840581040056,Pre Pizza Blanca El Germano de 120 gr.,9900,EL GERMANO,panaderia,panes-envasados,https://static.app.biggie.com.py/images/products/7840581040056.jpg,2026-08-22T21:20:04.000000Z
7840131004309,Pan de Sandwich Pantodos Salvado 1p de 850 gr.,19900,PANTODOS,panaderia,panes-envasados,https://static.app.biggie.com.py/images/products/7840131004309.jpg,2026-08-22T21:20:04.000000Z
7840225020093,Pan para Hamburguesa Edward x Uni.,8900,Edward,panaderia,panes-envasados,https://static.app.biggie.com.py/images/products/7840225020093.jpg,2026-08-22T21:20:04.000000Z
7840131003470,Pan Integral Bimbo para Sandwich de 420 gr.,12400,Bimbo,panaderia,panes-envasados,https://static.app.biggie.com.py/images/products/7840131003470.jpg,2026-08-22T21:20:04.000000Z
7841503001087,Tortillas Harina Finitas Light Be Fit 10 Uni. de 370 gr.,12500,MAZZEI,panaderia,panes-envasados,https://static.app.biggie.com.py/images/products/7841503001087.jpg,2026-08-22T21:20:04.000000Z
7840581001019,Galleta de Avena El Germano de 210 gr.,25200,EL GERMANO,panaderia,panes-envasados,https://static.app.biggie.com.py/images/products/7840581001019.jpg,2026-08-22T21:20:04.000000Z
7840581003020,Palito Integral El Germano de 400 gr.,20900,EL GERMANO,panaderia,productos-secos,https://static.app.biggie.com.py/images/products/7840581003020.jpg,2026-08-22T21:20:04.000000Z
7793890258936,Madalenas Bimbo Rellenas Dulce de Leche de 190 gr.,16100,Bimbo,panaderia,panes-envasados,https://static.app.biggie.com.py/images/products/7793890258936.jpg,2026-08-22T21:20:04.000000Z
7840131002374,Pan Blanco Bimbo paquete 700 gr.,17600,Bimbo,panaderia,panes-envasados,https://static.app.biggie.com.py/images/products/7840131002374.jpg,2026-08-22T21:20:04.000000Z
7840581040223,Pan El Germano Blanco de 400 gr.,11500,EL GERMANO,panaderia,panes-envasados,,2026-08-22T21:20:04.000000Z
813114020044,Pan de Queso Forno de Minas congelado brasileño de 400 gr.,33900,FORNO DE MINAS,panaderia,panes-envasados,https://static.app.biggie.com.py/images/products/813114020044.jpg,2026-08-22T21:20:04.000000Z
7840131002688,Pan Integral Bimbo para Sandwich de 650 gr.,18900,Bimbo,panaderia,panes-envasados,https://static.app.biggie.com.py/images/products/7840131002688.jpg,2026-08-22T21:20:04.000000Z
7848004640111,Pancitos Viena Trigolitos x 12 Uni.,8900,Trigolitos,panaderia,panes-envasados,,2026-08-22T21:20:04.000000Z
7840225020116,Prepizza Edward x unidad.,6200,Edward,panaderia,panes-envasados,https://static.app.biggie.com.py/images/products/7840225020116.jpg,2026-08-22T21:20:04.000000Z
949105,Francesitos Bendito Pan de 500 gr.,9250,Bendito Pan,panaderia,panes-envasados,,2026-08-22T21:20:04.000000Z
7730117008066,Rapiditas Bimbo Lino Chia 8p de 250 gr.,14400,Bimbo,panaderia,panes-envasados,https://static.app.biggie.com.py/images/products/7730117008066.jpg,2026-08-22T21:20:04.000000Z
7848004640173,Pan Sobado Trigolitos x Uni.,7400,Trigolitos,panaderia,panes-envasados,,2026-08-22T21:20:04.000000Z
7803403004131,Galletas Salmas Sanissimo Horneadas Clasicas de 108 gr.,16400,Bimbo,panaderia,panes-envasados,https://static.app.biggie.com.py/images/products/7803403004131.jpg,2026-08-22T21:20:04.000000Z
949104,Cañoncitos Bendito Pan de 500 gr.,10000,Bendito Pan,panaderia,panes-envasados,,2026-08-22T21:20:04.000000Z
949120,Brioche Lacteado Bendito Pan sin Semillas Paq x 6 Uni.,10000,Bendito Pan,panaderia,panes-envasados,https://static.app.biggie.com.py/images/products/949120.jpg,2026-08-22T21:20:04.000000Z
60200,Pan Felipe La Palmera Pre Cocido x Kg.,6900,LA PALMERA,panaderia,panes-frescos,https://static.app.biggie.com.py/images/products/60200.jpg,2026-08-22T21:20:04.000000Z
949103,Galleta Criolla Bendito Pan de 500 gr.,10000,Bendito Pan,panaderia,panes-envasados,,2026-08-22T21:20:04.000000Z
7840047000068,Chipa Hijas de Feliciana Piru Tradicional Sin Gluten de 60 gr.,5100,Hijas de Feliciana de Fariña,panaderia,chipas,https://static.app.biggie.com.py/images/products/7840047000068.jpg,2026-08-22T21:20:04.000000Z
949112,Pancitos Viena Bendito Pan Paq x 12 de 480 gr.,9400,Bendito Pan,panaderia,panes-envasados,,2026-08-22T21:20:04.000000Z
7840225020130,Palitos integral/blanco Edward de 400 gr.,9300,Edward,panaderia,productos-secos,https://static.app.biggie.com.py/images/products/7840225020130.jpg,2026-08-22T21:20:04.000000Z
7841503001940,Tostadas de Arroz Mazzei sin Gluten de 110 gr.,11000,MAZZEI,panaderia,panes-envasados,https://static.app.biggie.com.py/images/products/7841503001940-33778247.jpg,2026-08-22T21:20:04.000000Z
7841854000203,Pan de Ajo Jakaru de 400 gr.,28950,Nutriplan,panaderia,panes-de-ajo,https://static.app.biggie.com.py/images/products/7841854000203.jpg,2026-08-22T21:20:04.000000Z
949119,Pan Lomito Bendito Pan sin Semillas Paq x 6 de 450 gr.,9300,Bendito Pan,panaderia,panes-envasados,,2026-08-22T21:20:04.000000Z
7793890258950,Madalenas Bimbo Marmoladas de 200 gr.,16100,Bimbo,panaderia,panes-envasados,https://static.app.biggie.com.py/images/products/7793890258950.jpg,2026-08-22T21:20:04.000000Z
7848004640159,Galleta Criolla Trigolitos Mediana de 500 gr.,9400,Trigolitos,panaderia,panes-envasados,,2026-08-22T21:20:04.000000Z
7841854000463,Pan con Ajo Jakaru de 240 gr.,18300,Jakaru,panaderia,panes-de-ajo,https://static.app.biggie.com.py/images/products/7841854000463.jpg,2026-08-22T21:20:04.000000Z
7898067340084,Pan de Ajo Picante Santa Massa de 400 gr.,29900,Santa Massa,panaderia,panes-de-ajo,https://static.app.biggie.com.py/images/products/7898067340084.png,2026-08-22T21:20:04.000000Z
949121,Pan de Mesa Bendito Pan Paq x 12 de 320 gr.,7500,Bendito Pan,panaderia,panes-envasados,,2026-08-22T21:20:04.000000Z
949118,Pan Hamburguesa Bendito Pan sin Semillas Paq x 6 de 360 gr.,9000,Bendito Pan,panaderia,panes-envasados,,2026-08-22T21:20:04.000000Z
7840581102259,Palito El Germano Blanco de 400 gr.,17700,EL GERMANO,panaderia,productos-secos,,2026-08-22T21:20:04.000000Z
7840581040278,Pan Chip El Germano de 350 gr.,13100,EL GERMANO,panaderia,panes-envasados,https://static.app.biggie.com.py/images/products/7840581040278.jpg,2026-08-22T21:20:04.000000Z
7841282000011,Chipa Piru Ña Eustaquia de 100 gr.,6850,Ña Eustaquia,panaderia,chipas,https://static.app.biggie.com.py/images/products/7841282000011.jpg,2026-08-22T21:20:04.000000Z
7840131004330,Madalenas Bimbo con Chips de Chocolate de 240 gr.,16100,Bimbo,panaderia,panes-envasados,https://static.app.biggie.com.py/images/products/7840131004330.jpg,2026-08-22T21:20:04.000000Z
7840801000891,Rosquita Gaia Premium de 250 gr.,6000,GAIA,panaderia,productos-secos,https://static.app.biggie.com.py/images/products/7840801000891.jpg,2026-08-22T21:20:04.000000Z
7840045050508,Chipitas Primicia de 100 gr.,6950,Primicia,panaderia,chipas,https://static.app.biggie.com.py/images/products/7840045050508.jpg,2026-08-22T21:20:04.000000Z
7840100401221,Chipitas Mickey de 200 gr.,13800,MICKEY,panaderia,chipas,https://static.app.biggie.com.py/images/products/7840100401221.jpg,2026-08-22T21:20:04.000000Z
813114020112,Pan de Queso Forno asado y congelado tradicional de 240 gr.,29900,FORNO DE MINAS,panaderia,panes-envasados,https://static.app.biggie.com.py/images/products/813114020112.jpg,2026-08-22T21:20:04.000000Z
7840196000131,Chipitas Las Primas paq. de 200 gr.,12900,Las Primas,panaderia,chipas,https://static.app.biggie.com.py/images/products/7840196000131.jpg,2026-08-22T21:20:04.000000Z
7840125000010,Pan Arabe Panaderia 2000 Grande x 6 Unidades.,11900,PANADERIA 2000,panaderia,panes-envasados,https://static.app.biggie.com.py/images/products/7840125000010.jpg,2026-08-22T21:20:04.000000Z
7848004530122,Rosquita San Antonio de 400 gr.,11000,San Antonio,panaderia,productos-secos,https://static.app.biggie.com.py/images/products/7848004530122.jpg,2026-08-22T21:20:04.000000Z
7841854000579,Pan de Ajo Jakaru Tipo Brasilero de 400 gr.,27950,Jakaru,panaderia,panes-de-ajo,,2026-08-22T21:20:04.000000Z
7841503003043,Tostadas Clasicas Mazzei de 120 gr.,7800,MAZZEI,panaderia,panes-envasados,https://static.app.biggie.com.py/images/products/7841503003043.jpg,2026-08-22T21:20:04.000000Z
7840075010039,Pan para Sandwich Blanco La Palmera 450 gr.,10200,LA PALMERA,panaderia,panes-envasados,https://static.app.biggie.com.py/images/products/7840075010039.jpg,2026-08-22T21:20:04.000000Z
7840075030020,Palito La Palmera de 500 gr.,12600,LA PALMERA,panaderia,productos-secos,https://static.app.biggie.com.py/images/products/7840075030020.jpg,2026-08-22T21:20:04.000000Z
7841503003029,Tostadas Mazzei Light de 142 gr.,7800,MAZZEI,panaderia,panes-envasados,https://static.app.biggie.com.py/images/products/7841503003029.jpg,2026-08-22T21:20:04.000000Z
7841854000449,Pan con Queso a las Finas Hierbas Jakaru de 240 gr.,18900,Jakaru,panaderia,panes-de-ajo,https://static.app.biggie.com.py/images/products/7841854000449.jpg,2026-08-22T21:20:04.000000Z
949100,Rosquita Bendito Pan de 300 gr.,9500,Bendito Pan,panaderia,productos-secos,,2026-08-22T21:20:04.000000Z
7840225030498,Palitos Edward Integrales de 400 gr.,9300,Edward,panaderia,productos-secos,https://static.app.biggie.com.py/images/products/7840225030498.jpg,2026-08-22T21:20:04.000000Z
7891962077826,Pan para Hamburguesa Bauducco de 200 gr.,7500,Bauducco,panaderia,panes-envasados,https://static.app.biggie.com.py/images/products/7891962077826.jpg,2026-08-22T21:20:04.000000Z
7840595008769,Chipa Piru Arcoiris de 110 gr.,8250,Arcoiris,panaderia,chipas,,2026-08-22T21:20:04.000000Z
7841503003012,Tostadas Mazzei Integral de 142 gr.,7800,MAZZEI,panaderia,panes-envasados,https://static.app.biggie.com.py/images/products/7841503003012.jpg,2026-08-22T21:20:04.000000Z
7841503001568,Chipa Piru La Linda de 80 gr.,6000,La Linda,panaderia,chipas,https://static.app.biggie.com.py/images/products/7841503001568.jpg,2026-08-22T21:20:04.000000Z
7840225030276,Kokitin Edward de 400 gr.,14200,Edward,panaderia,productos-secos,https://static.app.biggie.com.py/images/products/7840225030276.jpg,2026-08-22T21:20:04.000000Z
60201,Galleta familiar La Palmera Pre Cocido x kg.,18950,LA PALMERA,panaderia,panes-frescos,https://static.app.biggie.com.py/images/products/60201.jpg,2026-08-22T21:20:04.000000Z
7840821001632,Chipita Bon Gusto de 200 gr.,9400,Bon Gusto,panaderia,chipas,https://static.app.biggie.com.py/images/products/7840821001632.jpg,2026-08-22T21:20:04.000000Z
7891962077819,Pan Bauducco de Viena de 200 gr.,7500,Bauducco,panaderia,panes-envasados,https://static.app.biggie.com.py/images/products/7891962077819.jpg,2026-08-22T21:20:04.000000Z
7840131002909,Tortillas tia Rosa 8 piezas.,11100,Bimbo,panaderia,panes-envasados,https://static.app.biggie.com.py/images/products/7840131002909-32639072.jpg,2026-08-22T21:20:04.000000Z
7840581040148,Palito El Germano Integral Fit con Semilla de 200 gr.,13500,EL GERMANO,panaderia,panes-envasados,https://static.app.biggie.com.py/images/products/7840581040148.jpg,2026-08-22T21:20:04.000000Z
7848004640098,Pan de Hamburguesa Trigolitos Redondo x 6 Uni.,8850,Trigolitos,panaderia,panes-envasados,,2026-08-22T21:20:04.000000Z
7840125000041,Pan Arabe Panaderia 2000 Extra Grande Light x 6 Unidades.,13000,PANADERIA 2000,panaderia,panes-envasados,https://static.app.biggie.com.py/images/products/7840125000041-27086393.jpg,2026-08-22T21:20:04.000000Z
941126,Coquitin Bendito Pan Mantecado de 300 gr.,9500,Bendito Pan,panaderia,productos-secos,,2026-08-22T21:20:04.000000Z
7840075010022,Pan para Sandwich Integral La Palmera 450 gr.,10600,LA PALMERA,panaderia,panes-envasados,https://static.app.biggie.com.py/images/products/7840075010022.jpg,2026-08-22T21:20:04.000000Z
7848002740035,Chipita Piru Andresa de 250 gr.,22000,Andresa,panaderia,chipas,https://static.app.biggie.com.py/images/products/7848002740035.jpg,2026-08-22T21:20:04.000000Z
941125,Palitin Bendito Pan Mantecado de 300 gr.,9500,Bendito Pan,panaderia,productos-secos,,2026-08-22T21:20:04.000000Z
7896003739343,Tostadas Marilan Integral Magic Toast de 110 gr.,11500,MARILAN,panaderia,panes-envasados,https://static.app.biggie.com.py/images/products/7896003739343.jpg,2026-08-22T21:20:04.000000Z
7803525001810,Galletas Salmas Sanissimo horneadas Camote y Zanahoria de 108 gr.,17000,Bimbo,panaderia,panes-envasados,https://static.app.biggie.com.py/images/products/7803525001810.jpg,2026-08-22T21:20:04.000000Z
941124,Pan Bendito Pan de Miga de 450 gr.,9600,Bendito Pan,panaderia,panes-envasados,,2026-08-22T21:20:04.000000Z
7793890258943,Madalenas Bimbo Vainilla de 200 gr.,16100,Bimbo,panaderia,panes-envasados,https://static.app.biggie.com.py/images/products/7793890258943.jpg,2026-08-22T21:20:04.000000Z
7840699002359,Pan de Queso Guarani de 500 gr.,20900,Guaraní,panaderia,panes-envasados,https://static.app.biggie.com.py/images/products/7840699002359.jpg,2026-08-22T21:20:04.000000Z
7840196000032,Chipitas Las Primas paq. de 100 gr.,6600,Las Primas,panaderia,chipas,https://static.app.biggie.com.py/images/products/7840196000032.jpg,2026-08-22T21:20:04.000000Z
7840125000027,Pan Arabe Panaderia 2000 Chico x 6 Unidades.,10600,PANADERIA 2000,panaderia,panes-envasados,https://static.app.biggie.com.py/images/products/7840125000027.jpg,2026-08-22T21:20:04.000000Z
7848004530221,Pancitos San Antonio x 12 Uni.,9000,San Antonio,panaderia,panes-envasados,,2026-08-22T21:20:04.000000Z
7848004640135,Pan de Miga Trigolitos Blanco de 500 gr.,8950,Trigolitos,panaderia,panes-envasados,,2026-08-22T21:20:04.000000Z
7848004640104,Pan Lomito Trigolitos Cuadrado x 6 Uni.,9100,Trigolitos,panaderia,panes-envasados,,2026-08-22T21:20:04.000000Z
7840100401207,Chipitas Mickey de 100 gr.,6850,MICKEY,panaderia,chipas,https://static.app.biggie.com.py/images/products/7840100401207.jpg,2026-08-22T21:20:04.000000Z
7840045050492,Chipitas Primicia de 40 gr.,3200,Primicia,panaderia,chipas,https://static.app.biggie.com.py/images/products/7840045050492.jpg,2026-08-22T21:20:04.000000Z
7896003739336,Tostadas Marilan Magic Toast de 110 gr.,11500,MARILAN,panaderia,panes-envasados,https://static.app.biggie.com.py/images/products/7896003739336.jpg,2026-08-22T21:20:04.000000Z
7840125000065,Pan Arabe Panaderia 2000 Integral Grande x 6 Unidades.,12400,PANADERIA 2000,panaderia,panes-envasados,https://static.app.biggie.com.py/images/products/7840125000065-32621038.jpg,2026-08-22T21:20:04.000000Z
7840821001649,Chipita Bon Gusto de 80 gr.,4700,Bon Gusto,panaderia,chipas,https://static.app.biggie.com.py/images/products/7840821001649.jpg,2026-08-22T21:20:04.000000Z
7848004530238,Pan de Hamburguesa San Antonio x 6 Uni.,9000,San Antonio,panaderia,panes-envasados,,2026-08-22T21:20:04.000000Z
7848004530177,Galleta San Antonio Especial de 500 gr.,10000,San Antonio,panaderia,panes-envasados,https://static.app.biggie.com.py/images/products/7848004530177.jpg,2026-08-22T21:20:04.000000Z
7840131004514,Budin Bimbo Vainilla x Uni.,13500,Bimbo,panaderia,panes-envasados,https://static.app.biggie.com.py/images/products/7840131004514.jpg,2026-08-22T21:20:04.000000Z
7896003727463,Tostadas Marilan Magic Multi Cereales de 110 gr.,11500,MARILAN,panaderia,panes-envasados,,2026-08-22T21:20:04.000000Z
7841503001957,Chipa Piru La Linda de 30 gr.,2000,La Linda,panaderia,chipas,https://static.app.biggie.com.py/images/products/7841503001957.jpg,2026-08-22T21:20:04.000000Z
7840131004491,Budin Bimbo Vainilla con Chip de Chocolate x Uni.,13500,Bimbo,panaderia,panes-envasados,https://static.app.biggie.com.py/images/products/7840131004491.jpg,2026-08-22T21:20:04.000000Z
7840075130348,Rosquita La Palmera Integral de 500 gr.,13000,LA PALMERA,panaderia,productos-secos,,2026-08-22T21:20:04.000000Z
7848004530139,Rosquita San Antonio Integral de 400 gr.,11000,San Antonio,panaderia,productos-secos,,2026-08-22T21:20:04.000000Z
7803525001834,Galletas Salmas Sanissimo horneadas Lino Chia de 108 gr.,17000,Salmas,panaderia,panes-envasados,,2026-08-22T21:20:04.000000Z
7840075090017,Panificado Bollitos La Palmera x 500 gr.,10600,LA PALMERA,panaderia,panes-envasados,https://static.app.biggie.com.py/images/products/7840075090017.jpg,2026-08-22T21:20:04.000000Z
7848002740028,Chipita Andresa de Avena de 125 gr.,12100,Andresa,panaderia,chipas,,2026-08-22T21:20:04.000000Z
7848004640128,Pancito Trigolitos Para Super Pancho x 6 Uni.,9200,Trigolitos,panaderia,panes-envasados,,2026-08-22T21:20:04.000000Z
7840131004507,Budin Bimbo Vainilla con Frutas Abrillantadas x Uni.,13500,Bimbo,panaderia,panes-envasados,https://static.app.biggie.com.py/images/products/7840131004507.jpg,2026-08-22T21:20:04.000000Z
7848000270084,Rosquita Tamara y Daripan Blanco de 340 gr.,7800,Tamara y Daripan,panaderia,productos-secos,,2026-08-22T21:20:04.000000Z
7848004530061,Coquito San Antonio de 400 gr.,11000,San Antonio,panaderia,productos-secos,https://static.app.biggie.com.py/images/products/7848004530061.jpg,2026-08-22T21:20:04.000000Z
7840581040094,Palito Integral El Germano de 100 gr .,8800,EL GERMANO,panaderia,panes-envasados,,2026-08-22T21:20:04.000000Z
7848000270114,Pan Tamara y Daripan de Viena x 12 Uni.,6500,Tamara y Daripan,panaderia,panes-envasados,,2026-08-22T21:20:04.000000Z
7848004640029,Coquito Novapan Especial Mantecado de 300 gr.,9000,Novapan,panaderia,productos-secos,,2026-08-22T21:20:04.000000Z
7840240001039,Pan para sandwich La Negrita descortezado Blanco.,13500,La Negrita,panaderia,panes-envasados,https://static.app.biggie.com.py/images/products/7840240001039.jpg,2026-08-22T21:20:04.000000Z
7840196000025,Chipitas Las Primas de 50 gr.,2800,Las Primas,panaderia,chipas,,2026-08-22T21:20:04.000000Z
941127,Pan Chips Bendito Pan x 12 unidades.,11400,Bendito Pan,panaderia,panes-envasados,,2026-08-22T21:20:04.000000Z
7840240001022,Pan para sandwich La Negrita descortezado.,13500,La Negrita,panaderia,panes-envasados,https://static.app.biggie.com.py/images/products/7840240001022.jpg,2026-08-22T21:20:04.000000Z
7840225020048,Pan Edward Miga Blanco de 1.000 gr.,18100,Edward,panaderia,panes-envasados,,2026-08-22T21:20:04.000000Z
7841282000493,Chipita Ña Eustaquia de 45 gr.,3150,Ña Eustaquia,panaderia,chipas,https://static.app.biggie.com.py/images/products/7841282000493.jpg,2026-08-22T21:20:04.000000Z
7840240001008,Pan para Sandwich Integral La Negrita de 450 gr.,9000,La Negrita,panaderia,panes-envasados,https://static.app.biggie.com.py/images/products/7840240001008.jpg,2026-08-22T21:20:04.000000Z
7840240000568,Grissines a la Manteca La Negrita de 250 gr.,9050,La Negrita,panaderia,panes-envasados,https://static.app.biggie.com.py/images/products/7840240000568.jpg,2026-08-22T21:20:04.000000Z
7840240000247,Grissines a la Manteca La Negrita de 450 gr.,16200,La Negrita,panaderia,panes-envasados,https://static.app.biggie.com.py/images/products/7840240000247.jpg,2026-08-22T21:20:04.000000Z
0725765132000,Galleta Heraldo Espacial de 500 gr.,8850,Heraldo,panaderia,productos-secos,,2026-08-22T21:20:04.000000Z
7840240000216,Grissines a la Manteca Blanca La Negrita 250 de gr.,9050,La Negrita,panaderia,panes-envasados,https://static.app.biggie.com.py/images/products/7840240000216-32592595.jpg,2026-08-22T21:20:04.000000Z
600805,Pan de Hamburguesa Honey Tipo Brioche x 6 Uni.,15600,Honey,panaderia,panes-envasados,,2026-08-22T21:20:04.000000Z
7840240000148,Pan Integral especial La Negrita de 350 gr.,7650,La Negrita,panaderia,panes-envasados,https://static.app.biggie.com.py/images/products/7840240000148.jpg,2026-08-22T21:20:04.000000Z
895670,Rosquita Abbiocco a la Manteca con Anis de 300 gr.,8600,Abbiocco,panaderia,productos-secos,,2026-08-22T21:20:04.000000Z
0725765131898,Pan Heraldo de Hamburguesa Clasica x 6 Uni.,8850,Heraldo,panaderia,panes-envasados,,2026-08-22T21:20:04.000000Z
7840240000254,Grissines a la Manteca Blanca la Negrita de 450 gr.,16200,La Negrita,panaderia,panes-envasados,https://static.app.biggie.com.py/images/products/7840240000254-32630426.jpg,2026-08-22T21:20:04.000000Z
0725765131959,Pan Chip Heraldo x 12 Uni.,8850,Heraldo,panaderia,panes-envasados,,2026-08-22T21:20:04.000000Z
600804,Pan para Pancho Honey x 10 Uni.,16900,Honey,panaderia,panes-envasados,,2026-08-22T21:20:04.000000Z
7841282000059,Chipa Piru Ña Eustaquia fiestero de 1.000 gr.,47950,Ña Eustaquia,panaderia,chipas,https://static.app.biggie.com.py/images/products/7841282000059.jpg,2026-08-22T21:20:04.000000Z
0725765131805,Rosquita Heraldo de 500 gr.,14300,Heraldo,panaderia,productos-secos,,2026-08-22T21:20:04.000000Z
0725765131980,Pre Pizza Heraldo de 220 gr.,5350,Heraldo,panaderia,panes-envasados,,2026-08-22T21:20:04.000000Z
7848002880151,Chipita Tana Valinoti Piru Keto de 50 gr.,16400,TANA VALINOTI,panaderia,chipas,https://static.app.biggie.com.py/images/products/7848002880151.jpg,2026-08-22T21:20:04.000000Z
7840240000094,Pan Integral redondo La Negrita x 12 Uni.,6550,La Negrita,panaderia,panes-envasados,https://static.app.biggie.com.py/images/products/7840240000094.jpg,2026-08-22T21:20:04.000000Z
7848002880120,Palito Tana Valinoti de Almendras con Semillas de 50 gr.,16400,TANA VALINOTI,panaderia,panes-envasados,,2026-08-22T21:20:04.000000Z
0725765131843,Palito Heraldo Torneado de 500 gr.,14300,Heraldo,panaderia,productos-secos,,2026-08-22T21:20:04.000000Z
0725765131997,Pan Chip Heraldo Integral x 12 Uni.,8850,Heraldo,panaderia,panes-envasados,,2026-08-22T21:20:04.000000Z
0725765131829,Coquito Heraldo Coquitin y Palitin de 500 gr.,13400,Heraldo,panaderia,productos-secos,,2026-08-22T21:20:04.000000Z
7848990012909,Pan Arabe Abbas Libano de 700 gr.,16250,Abbas Libano,panaderia,panes-envasados,,2026-08-22T21:20:04.000000Z
7840075130331,Palito Integral La Palmera de 500 gr.,12000,LA PALMERA,panaderia,panes-frescos,,2026-08-22T21:20:04.000000Z
7841407000063,Chipa Piru Leticia Tipo Palito de 200 gr.,13250,Leticia,panaderia,chipas,https://static.app.biggie.com.py/images/products/7841407000063.jpg,2026-08-22T21:20:04.000000Z
600800,Palito Honey Blanco de 500 gr.,25800,Honey,panaderia,productos-secos,https://static.app.biggie.com.py/images/products/600800.jpg,2026-08-22T21:20:04.000000Z
600803,Rosquita Honey Blanca de 500 gr.,25800,Honey,panaderia,productos-secos,,2026-08-22T21:20:04.000000Z
7841407000056,Chipa Piru Leticia Tipo Palito de 75 gr.,6200,Leticia,panaderia,chipas,https://static.app.biggie.com.py/images/products/7841407000056.jpg,2026-08-22T21:20:04.000000Z
7841416000023,Pan Arabe Monte Libano por 10 uni. de 700 gr.,15900,MONTE LIBANO,panaderia,panes-envasados,https://static.app.biggie.com.py/images/products/7841416000023-32605055.jpg,2026-08-22T21:20:04.000000Z
7840306000051,Grissines Crocantes La Negrita de 500 gr.,15800,La Negrita,panaderia,productos-secos,https://static.app.biggie.com.py/images/products/7840306000051-32606880.jpg,2026-08-22T21:20:04.000000Z
722028,Rosquita El Panadero Especial de 300 gr.,8250,El Panadero,panaderia,productos-secos,,2026-08-22T21:20:04.000000Z
600820,Palito Honey Integral de 500 gr.,25800,Honey,panaderia,productos-secos,https://static.app.biggie.com.py/images/products/600820.jpg,2026-08-22T21:20:04.000000Z
7840321000227,Pancito Pastas del Este x Paq.,9100,Pastas del Este,panaderia,panes-envasados,,2026-08-22T21:20:04.000000Z
7841416000016,Pan Arabe Monte Libano por 6 uni. de 420 gr.,10000,MONTE LIBANO,panaderia,panes-envasados,https://static.app.biggie.com.py/images/products/7841416000016.jpg,2026-08-22T21:20:04.000000Z
7848001750042,Pan de Viena Vita Pan Paq. de 12 Uni.,10500,Vita Pan,panaderia,panes-envasados,,2026-08-22T21:20:04.000000Z
7848001750011,Pan Pebete Vita Pan Paq. de 6 Uni.,9500,Vita Pan,panaderia,panes-envasados,,2026-08-22T21:20:04.000000Z
410100,Pan Oveja Negra 100% Integral Harina de Trigo de 850 gr.,25000,OVEJA NEGRA,panaderia,panes-envasados,https://static.app.biggie.com.py/images/products/410100.jpg,2026-08-22T21:20:04.000000Z
410102,Pan Lactal Oveja Negra de Molde de 500 gr.,25000,OVEJA NEGRA,panaderia,panes-envasados,https://static.app.biggie.com.py/images/products/410102.jpg,2026-08-22T21:20:04.000000Z
7840321000180,Pan Pastas del Este De Sandwich Chico x Uni.,9100,Pastas del Este,panaderia,panes-envasados,,2026-08-22T21:20:04.000000Z
7842654000035,Pan de Queso Don Frances de 20 gr.,36250,Don Francés,panaderia,panes-envasados,https://static.app.biggie.com.py/images/products/7842654000035.jpg,2026-08-22T21:20:04.000000Z
7840321000173,Pan Pastas del Este de Sandwich Grande x Uni.,18200,Pastas del Este,panaderia,panes-envasados,,2026-08-22T21:20:04.000000Z
7848001750059,Pan para Hamburguesa Vita Pan Paq. de 6 Uni.,8500,Vita Pan,panaderia,panes-envasados,,2026-08-22T21:20:04.000000Z
7848001750066,Pan Pebete Vita Pan con Salvado de Trigo Paq. de 6 Uni.,9500,Vita Pan,panaderia,panes-envasados,,2026-08-22T21:20:04.000000Z
7848001750196,Palitin Vita Pan de Manteca de 400 gr.,17000,Vita Pan,panaderia,panes-envasados,,2026-08-22T21:20:04.000000Z
410104,Pan Oveja Negra Tres Semillas de 650 gr.,25000,OVEJA NEGRA,panaderia,panes-envasados,https://static.app.biggie.com.py/images/products/410104.jpg,2026-08-22T21:20:04.000000Z
7842654000042,Pan de Queso Don Frances de 65 gr.,37700,Don Francés,panaderia,panes-envasados,,2026-08-22T21:20:04.000000Z
7848003010045,Palito Madre del Pan con Harina Integral de 250 gr.,11750,Madre del Pan,panaderia,productos-secos,,2026-08-22T21:20:04.000000Z
7848003010014,Palito Madre del Pan con Anis de 250 gr.,11750,Madre del Pan,panaderia,productos-secos,https://static.app.biggie.com.py/images/products/7848003010014.jpg,2026-08-22T21:20:04.000000Z
410101,Pan Lactal Oveja Negra Pebete de 500 gr.,25000,OVEJA NEGRA,panaderia,panes-envasados,https://static.app.biggie.com.py/images/products/410101.jpg,2026-08-22T21:20:04.000000Z
7840987000012,Seco Mantecado Joana Pan x Uni.,17500,Joana Pan,panaderia,productos-secos,,2026-08-22T21:20:04.000000Z
7848003010090,Palito Madre del Pan con Queso de 250 gr.,13650,Madre del Pan,panaderia,productos-secos,,2026-08-22T21:20:04.000000Z
742201,Rosquitas El Molino de 400 gr.,11400,El Molino,panaderia,productos-secos,,2026-08-22T21:20:04.000000Z
7842654000189,Pan Baguette Don Frances de Ajo de 500 gr.,26000,Don Francés,panaderia,panes-de-ajo,,2026-08-22T21:20:04.000000Z
7842654000165,Pan Don Frances Hamburguesa Classica de 420 gr.,15950,Don Francés,panaderia,panes-envasados,,2026-08-22T21:20:04.000000Z
7842654000233,Pan Baguette Don Frances de Ajo Picante de 500 gr.,26000,Don Francés,panaderia,panes-de-ajo,,2026-08-22T21:20:04.000000Z
7842654000219,Pan Don Frances Hamburguesa Frances de 420 gr.,18550,Don Francés,panaderia,panes-envasados,,2026-08-22T21:20:04.000000Z
7842654000226,Pan Don Frances Hamburguesa Pretzel de 420 gr.,21050,Don Francés,panaderia,panes-envasados,,2026-08-22T21:20:04.000000Z
0725765131935,Pan Heraldo de Viena para Pancho x 12 Uni.,8850,Heraldo,panaderia,panes-envasados,,2026-08-22T21:20:04.000000Z
7848004640166,Prepizza Trigolitos x Uni.,6100,Trigolitos,panaderia,panes-envasados,,2026-08-22T21:20:04.000000Z
7848004640067,Crotones Novapan con Especias de 180 gr.,14400,Novapan,panaderia,panes-envasados,,2026-08-22T21:20:04.000000Z
7840419000016,Pan de Mesa Fatecha de 12 unidades.,4250,Panaderia Fatecha,panaderia,panes-envasados,,2026-08-22T21:20:04.000000Z
7100009102224,Chipa Tradicional La Nutry x 6 Unidades.,24000,La Nutry,panaderia,chipas,,2026-08-22T21:20:04.000000Z
7100009102217,Chipa Vegana La Nutry x 6 Unidades.,24000,La Nutry,panaderia,chipas,,2026-08-22T21:20:04.000000Z
908210,Pan de Maíz Emporio Aleman de 460 gr.,17000,Emporio Aleman,panaderia,panes-envasados,,2026-08-22T21:20:04.000000Z
0725765131973,Pan Heraldo Lacteado de 460 gr.,11550,Heraldo,panaderia,panes-envasados,,2026-08-22T21:20:04.000000Z
908209,Pan Integral Emporio Aleman con 3 Semillas de 440 gr.,12000,Emporio Aleman,panaderia,panes-envasados,,2026-08-22T21:20:04.000000Z
310202,Rosquita Blanca Smuchi con Anis de 250 gr.,9500,SMUCHI,panaderia,productos-secos,,2026-08-22T21:20:04.000000Z
310203,Rosquita Blanca Smuchi con Anis de 500 gr.,19000,SMUCHI,panaderia,productos-secos,,2026-08-22T21:20:04.000000Z
7896004006277,Papas Fritas Pringles Original de 104 gr.,21800,PRINGLES,snacks,papas-fritas,https://static.app.biggie.com.py/images/products/7896004006277.jpg,2026-08-22T21:20:04.000000Z
7790310986851,Papas Fritas Lays clasica de 30 gr.,5000,LAYS,snacks,papas-fritas,https://static.app.biggie.com.py/images/products/7790310986851.jpg,2026-08-22T21:20:04.000000Z
7802000013607,Papas Fritas Lays Stax Original de 134 gr.,24000,LAYS,snacks,papas-fritas,https://static.app.biggie.com.py/images/products/7802000013607-32818892.jpg,2026-08-22T21:20:04.000000Z
7802000016813,Snack Cheese Doritos Queso de 150 gr.,20000,DORITOS,snacks,snacks-aperitivos,https://static.app.biggie.com.py/images/products/7802000016813.jpg,2026-08-22T21:20:04.000000Z
7802000018862,Snack Doritos Dinamita 100 gramos,12000,DORITOS,snacks,papas-fritas,https://static.app.biggie.com.py/images/products/7802000018862.jpg,2026-08-22T21:20:04.000000Z
7802000013621,Papas Fritas Lays Stax Crema Cebolla de 134 gr.,24000,LAYS,snacks,papas-fritas,https://static.app.biggie.com.py/images/products/7802000013621.jpg,2026-08-22T21:20:04.000000Z
757528050719,Takis Barcel Fuego Flow Bar 1p 200 gr.,18000,Barcel,snacks,snacks-aperitivos,https://static.app.biggie.com.py/images/products/757528050719.jpg,2026-08-22T21:20:04.000000Z
7896004009612,Papas Fritas Pringles Original de 37 gr.,11000,PRINGLES,snacks,papas-fritas,https://static.app.biggie.com.py/images/products/7896004009612.jpg,2026-08-22T21:20:04.000000Z
7802000013614,Papas Fritas Lays Stax Cheddar de 134 gr.,24000,LAYS,snacks,papas-fritas,https://static.app.biggie.com.py/images/products/7802000013614.jpg,2026-08-22T21:20:04.000000Z
7840032104252,Mani Guazu de 250 gr.,16500,Guazú,snacks,snacks-aperitivos,https://static.app.biggie.com.py/images/products/7840032104252.jpg,2026-08-22T21:20:04.000000Z
7802000016882,Palitos Cheetos Extra Queso de 110 gr.,12000,CHEETOS,snacks,snacks-aperitivos,https://static.app.biggie.com.py/images/products/7802000016882.jpg,2026-08-22T21:20:04.000000Z
7896058599848,Mani Pettiz Croc Dori Pimienta Roja de 120 gr.,9400,DORI,snacks,snacks-aperitivos,https://static.app.biggie.com.py/images/products/7896058599848.jpg,2026-08-22T21:20:04.000000Z
7790580697303,Snack Saladix Pizza caja de 100 gr.,7500,Arcor,snacks,snacks-aperitivos,https://static.app.biggie.com.py/images/products/7790580697303.jpg,2026-08-22T21:20:04.000000Z
7790310988411,Papas Fritas Lays clasicas de 200 gr.,24500,LAYS,snacks,papas-fritas,https://static.app.biggie.com.py/images/products/7790310988411.jpg,2026-08-22T21:20:04.000000Z
757528050702,Takis Barcel Original Flow Bar 1p de 200 gr.,18000,Barcel,snacks,snacks-aperitivos,https://static.app.biggie.com.py/images/products/757528050702.jpg,2026-08-22T21:20:04.000000Z
7842415000052,Mix de Frutos Secos Go Nuts de 200 gr.,34000,GO NUTS,snacks,frutos-secos,,2026-08-22T21:20:04.000000Z
7896058599831,Mani Pettiz Crocante Dori Natural de 120 gr.,9400,DORI,snacks,snacks-aperitivos,https://static.app.biggie.com.py/images/products/7896058599831.jpg,2026-08-22T21:20:04.000000Z
757528050696,Takis Barcel Original Flow Bar 1p de 56 gr.,7000,Barcel,snacks,snacks-aperitivos,https://static.app.biggie.com.py/images/products/757528050696.jpg,2026-08-22T21:20:04.000000Z
7790310988374,Papas Fritas Lays Clasicas de 133 gr.,20000,LAYS,snacks,papas-fritas,https://static.app.biggie.com.py/images/products/7790310988374.jpg,2026-08-22T21:20:04.000000Z
757528050665,Takis Barcel Fuego Flow Bar 1p 56 gr.,7000,Barcel,snacks,snacks-aperitivos,https://static.app.biggie.com.py/images/products/757528050665.jpg,2026-08-22T21:20:04.000000Z
7840032104153,Mani Guazu de 150 gr.,10500,Guazú,snacks,snacks-aperitivos,https://static.app.biggie.com.py/images/products/7840032104153.jpg,2026-08-22T21:20:04.000000Z
7896004009605,Papas Fritas Pringles Queso de 109 gr.,21800,PRINGLES,snacks,papas-fritas,https://static.app.biggie.com.py/images/products/7896004009605.jpg,2026-08-22T21:20:04.000000Z
7842415000069,Nuez Go Nuts Chocolate de 200 gr.,36000,GO NUTS,snacks,frutos-secos,,2026-08-22T21:20:04.000000Z
7842595000064,Nachos La Mexicana de 300 gr.,19950,La Mexicana,snacks,nachos,https://static.app.biggie.com.py/images/products/7842595000064.jpg,2026-08-22T21:20:04.000000Z
7840151000039,Nachos Taco Villa de 300 gr.,19750,TACO VILLA,snacks,nachos,https://static.app.biggie.com.py/images/products/7840151000039.jpg,2026-08-22T21:20:04.000000Z
7842415000014,Almendras Go Nuts de 180 gr.,47000,GO NUTS,snacks,frutos-secos,https://static.app.biggie.com.py/images/products/7842415000014.jpg,2026-08-22T21:20:04.000000Z
7802000022081,Snack Cheese Doritos Queso de 201 gr.,24500,DORITOS,snacks,snacks-aperitivos,,2026-08-22T21:20:04.000000Z
7802000022098,Snack Cheese Doritos Queso de 90 gr.,12000,DORITOS,snacks,snacks-aperitivos,,2026-08-22T21:20:04.000000Z
7802000020940,Nachos Tostitos Original de 165 gr.,20000,Tostitos,snacks,nachos,,2026-08-22T21:20:04.000000Z
7840032104108,Mani Guazu de 100 gr.,7500,Guazú,snacks,snacks-aperitivos,https://static.app.biggie.com.py/images/products/7840032104108.jpg,2026-08-22T21:20:04.000000Z
7841503001995,Chips de Vegetales Mazzei de 100 gr.,22500,MAZZEI,snacks,snacks-aperitivos,https://static.app.biggie.com.py/images/products/7841503001995.jpg,2026-08-22T21:20:04.000000Z
7842415000076,Castaña de Caju Go Nuts de 180 gr.,49000,GO NUTS,snacks,frutos-secos,https://static.app.biggie.com.py/images/products/7842415000076.jpg,2026-08-22T21:20:04.000000Z
7842525000041,Papas Fritas Capitan Cuac sabor crema y cebolla de 140 gr.,15300,Capitan Cuac,snacks,papas-fritas,https://static.app.biggie.com.py/images/products/7842525000041.jpg,2026-08-22T21:20:04.000000Z
038000138973,Papas Fritas Pringles Cheddar & Sour Cream de 158 gr.,29650,PRINGLES,snacks,papas-fritas,https://static.app.biggie.com.py/images/products/038000138973.jpg,2026-08-22T21:20:04.000000Z
7790310988381,Papas Fritas Lays clasicas de 84 gr.,12000,LAYS,snacks,papas-fritas,https://static.app.biggie.com.py/images/products/7790310988381.jpg,2026-08-22T21:20:04.000000Z
7840032104207,Mani Sin Sal Guazu de 150 gr.,10500,Guazú,snacks,snacks-aperitivos,https://static.app.biggie.com.py/images/products/7840032104207.jpg,2026-08-22T21:20:04.000000Z
7842415000021,Nuez Mariposa Go Nuts de 150 gr.,44500,GO NUTS,snacks,frutos-secos,,2026-08-22T21:20:04.000000Z
7896004006406,Papas Fritas Pringles Churrasco de 104 gr.,21800,PRINGLES,snacks,papas-fritas,https://static.app.biggie.com.py/images/products/7896004006406.jpg,2026-08-22T21:20:04.000000Z
7896183908324,Papa Frita Zaeli Tradicional de 140 gr.,17650,Zaeli,snacks,papas-fritas,https://static.app.biggie.com.py/images/products/7896183908324.jpg,2026-08-22T21:20:04.000000Z
7896004009193,Papas Fritas Pringles cebolla de 40 gr.,11000,PRINGLES,snacks,papas-fritas,https://static.app.biggie.com.py/images/products/7896004009193.jpg,2026-08-22T21:20:04.000000Z
7790040374607,Snack Saladix Duo Caja de 80 gr.,7650,Arcor,snacks,snacks-aperitivos,https://static.app.biggie.com.py/images/products/7790040374607.jpg,2026-08-22T21:20:04.000000Z
7798130190021,Almendras Peladas Zyma 18 de 150 gr.,41400,ZYMA,snacks,frutos-secos,https://static.app.biggie.com.py/images/products/7798130190021.jpg,2026-08-22T21:20:04.000000Z
7896183907327,Papas Fritas Zaeli Rallada de 80 gr.,10700,Zaeli,snacks,papas-fritas,https://static.app.biggie.com.py/images/products/7896183907327.jpg,2026-08-22T21:20:04.000000Z
7840045056326,Bocadito de Mani Primicia Picante de 100 gr.,7350,Primicia,snacks,snacks-aperitivos,,2026-08-22T21:20:04.000000Z
038000284458,Papas Fritas Pringles Enchilada Adobada de 158 gr.,29650,PRINGLES,snacks,papas-fritas,https://static.app.biggie.com.py/images/products/038000284458.jpg,2026-08-22T21:20:04.000000Z
7841503002169,Papas Fritas Sensei Sabor Original de 140 gr.,18000,SENSEI,snacks,papas-fritas,https://static.app.biggie.com.py/images/products/7841503002169.jpg,2026-08-22T21:20:04.000000Z
3800205875109,"Tostaditas Maretti Snack Tomate, Oliva y Oregano de 70 gr.",9900,Maretti,snacks,snacks-aperitivos,https://static.app.biggie.com.py/images/products/3800205875109.jpg,2026-08-22T21:20:04.000000Z
7790310988404,Papas Fritas Lays Clasicas de 50 gr.,8000,LAYS,snacks,papas-fritas,,2026-08-22T21:20:04.000000Z
757528050672,Takis Barcel Xplosion Flow Bar 1p de 56 gr.,7000,Barcel,snacks,snacks-aperitivos,https://static.app.biggie.com.py/images/products/757528050672.jpg,2026-08-22T21:20:04.000000Z
7798130190847,Mezcla de Frutos Secos Zyma 18 x 150 gr.,29600,ZYMA,snacks,frutos-secos,https://static.app.biggie.com.py/images/products/7798130190847.jpg,2026-08-22T21:20:04.000000Z
7840045056340,Bocadito de Mani Primicia Salado de 100 gr.,7250,Primicia,snacks,snacks-aperitivos,,2026-08-22T21:20:04.000000Z
7841503031312,Buenachos Mazzei Sabor Original de 250 gr.,16900,MAZZEI,snacks,snacks-aperitivos,https://static.app.biggie.com.py/images/products/7841503031312.jpg,2026-08-22T21:20:04.000000Z
7841503002176,Papas Fritas Sensei Crema y Cebolla de 140 gr.,18000,SENSEI,snacks,papas-fritas,https://static.app.biggie.com.py/images/products/7841503002176.jpg,2026-08-22T21:20:04.000000Z
7841503031343,Cranchis Mazzei Sabor Queso de 250 gr.,21500,MAZZEI,snacks,snacks-aperitivos,https://static.app.biggie.com.py/images/products/7841503031343.jpg,2026-08-22T21:20:04.000000Z
7896004008998,Papa Frita Pringles Cheddar y Bacon de 105 gr.,21800,PRINGLES,snacks,papas-fritas,https://static.app.biggie.com.py/images/products/7896004008998.jpg,2026-08-22T21:20:04.000000Z
3800205873358,Tostadas Maretti Sabor Pepperoni de 70 gr.,9900,Maretti,snacks,snacks-aperitivos,https://static.app.biggie.com.py/images/products/3800205873358.jpg,2026-08-22T21:20:04.000000Z
7842525000065,Papas Fritas Capitan Cuac sabor queso cheddar de 140 gr.,15300,Capitan Cuac,snacks,papas-fritas,https://static.app.biggie.com.py/images/products/7842525000065.jpg,2026-08-22T21:20:04.000000Z
7841503031817,Papas Fritas Mazzei Sensei Pellet Crema y Cebolla de 60 gr.,7500,MAZZEI,snacks,papas-fritas,https://static.app.biggie.com.py/images/products/7841503031817.jpg,2026-08-22T21:20:04.000000Z
7842525000027,Papas Fritas Capitan Cuac sabor original de 140 gr.,15300,Capitan Cuac,snacks,papas-fritas,https://static.app.biggie.com.py/images/products/7842525000027.jpg,2026-08-22T21:20:04.000000Z
3800205875307,Tostaditas Maretti Snack Vegetales Mediterraneos de 70 gr.,9900,Maretti,snacks,snacks-aperitivos,https://static.app.biggie.com.py/images/products/3800205875307.jpg,2026-08-22T21:20:04.000000Z
7842595000156,Nachos La Mexicana Totopos Picantes de 300 gr.,21250,La Mexicana,snacks,nachos,https://static.app.biggie.com.py/images/products/7842595000156.jpg,2026-08-22T21:20:04.000000Z
7840151000084,Nachos Taco Villa con Queso de 300 gr.,19750,TACO VILLA,snacks,nachos,https://static.app.biggie.com.py/images/products/7840151000084.jpg,2026-08-22T21:20:04.000000Z
7841503031336,Bocadito de Maiz Mazzei Dino Sabor Queso de 100 gr.,4500,MAZZEI,snacks,snacks-aperitivos,https://static.app.biggie.com.py/images/products/7841503031336.jpg,2026-08-22T21:20:04.000000Z
7841503031374,Cranchis Mazzei Sabor Limon Picante de 100 gr.,10900,MAZZEI,snacks,snacks-aperitivos,https://static.app.biggie.com.py/images/products/7841503031374.jpg,2026-08-22T21:20:04.000000Z
7841503031800,Papas Fritas Mazzei Sensei Pellet Sabor Original de 60 gr.,7500,MAZZEI,snacks,papas-fritas,,2026-08-22T21:20:04.000000Z
7840032104313,Mani Picante Guazu de 120 gr.,11500,Guazú,snacks,snacks-aperitivos,https://static.app.biggie.com.py/images/products/7840032104313.jpg,2026-08-22T21:20:04.000000Z
7841503031329,Bocadito de Maiz Mazzei Dino Sabor Presunto de 100 gr.,4500,MAZZEI,snacks,snacks-aperitivos,https://static.app.biggie.com.py/images/products/7841503031329.jpg,2026-08-22T21:20:04.000000Z
7840581040049,Granola Fit el Germano de 300 gr.,28100,EL GERMANO,snacks,frutos-secos,https://static.app.biggie.com.py/images/products/7840581040049.jpg,2026-08-22T21:20:04.000000Z
7798130190854,Mezcla de Frutos Secos Zyma Tostados y Salados de 150 gr.,29600,ZYMA,snacks,frutos-secos,https://static.app.biggie.com.py/images/products/7798130190854.jpg,2026-08-22T21:20:04.000000Z
7840045055954,Pororo Primicia para Microondas Natural de 90 gr.,8350,Primicia,snacks,pororo,https://static.app.biggie.com.py/images/products/7840045055954.jpg,2026-08-22T21:20:04.000000Z
7841503002770,Finitas Sensei Clasicas de 370 gr.,11500,SENSEI,snacks,snacks-aperitivos,https://static.app.biggie.com.py/images/products/7841503002770.jpg,2026-08-22T21:20:04.000000Z
7840785021202,Mani 21 Mani GarrapiÏado x 300gr,21300,MANI 21,snacks,snacks-aperitivos,https://static.app.biggie.com.py/images/products/7840785021202.jpg,2026-08-22T21:20:04.000000Z
3800205870517,Snack Maretti Tostadas sabor Ajos Asados de 70 gr.,9900,Maretti,snacks,snacks-aperitivos,https://static.app.biggie.com.py/images/products/3800205870517-26539937.jpg,2026-08-22T21:20:04.000000Z
7842525000072,Papa Frita Capitan Cuac Barbacoa de 140 gr.,15300,Capitan Cuac,snacks,papas-fritas,https://static.app.biggie.com.py/images/products/7842525000072.jpg,2026-08-22T21:20:04.000000Z
7841503031398,Snacks Mazzei Puffs Queso de  90 gr.,8000,MAZZEI,snacks,snacks-aperitivos,https://static.app.biggie.com.py/images/products/7841503031398.jpg,2026-08-22T21:20:04.000000Z
7840045032009,Pororo Primicia de 800 gr.,13500,Primicia,snacks,pororo,https://static.app.biggie.com.py/images/products/7840045032009.jpg,2026-08-22T21:20:04.000000Z
7891095002207,Pipoca Yoki micro natural con sal de 100 gr.,11650,Yoki,snacks,pororo,https://static.app.biggie.com.py/images/products/7891095002207.jpg,2026-08-22T21:20:04.000000Z
7891095100934,Pipoca Yoki para microondas manteca de 100 gr.,11650,Yoki,snacks,pororo,https://static.app.biggie.com.py/images/products/7891095100934.jpg,2026-08-22T21:20:04.000000Z
7500810026670,Takis Barcel Xplosion Flow Bar 1p de 200 gr.,18000,Barcel,snacks,snacks-aperitivos,https://static.app.biggie.com.py/images/products/7500810026670.jpg,2026-08-22T21:20:04.000000Z
7798130190328,Mezcla de Frutos secos Mix Tropical Zyma 18 x 150 gr.,29600,ZYMA,snacks,frutos-secos,https://static.app.biggie.com.py/images/products/7798130190328.jpg,2026-08-22T21:20:04.000000Z
7842415000083,Pistachos Go Nuts con Cascaras de 160 gr.,54000,GO NUTS,snacks,frutos-secos,https://static.app.biggie.com.py/images/products/7842415000083.jpg,2026-08-22T21:20:04.000000Z
7790580716806,Snack Saladix Calabresa caja de 100 gr.,7500,Arcor,snacks,snacks-aperitivos,https://static.app.biggie.com.py/images/products/7790580716806.jpg,2026-08-22T21:20:04.000000Z
7896004006239,Papas Fritas Pringles con Cebolla de 109 gr.,21800,PRINGLES,snacks,papas-fritas,https://static.app.biggie.com.py/images/products/7896004006239.jpg,2026-08-22T21:20:04.000000Z
7896183901714,Pororo Zaeli para microonda natural.,7000,Zaeli,snacks,pororo,https://static.app.biggie.com.py/images/products/7896183901714.jpg,2026-08-22T21:20:04.000000Z
7842415000045,Ciruelas Pasas Go Nuts de 250 gr.,22500,GO NUTS,snacks,frutos-secos,,2026-08-22T21:20:04.000000Z
7840837000551,Mani Salado Sesami de 200 gr.,13350,SESAMI,snacks,snacks-aperitivos,https://static.app.biggie.com.py/images/products/7840837000551.jpg,2026-08-22T21:20:04.000000Z
7840032515515,Papas Fritas Guazu lisas de 50 gr.,8900,Guazú,snacks,papas-fritas,https://static.app.biggie.com.py/images/products/7840032515515.jpg,2026-08-22T21:20:04.000000Z
7840045055947,Pororo Primicia para Microondas Manteca de 90 gr.,8350,Primicia,snacks,pororo,https://static.app.biggie.com.py/images/products/7840045055947.jpg,2026-08-22T21:20:04.000000Z
7840595000220,Maiz Arcoiris Para Pororo de 400 gr.,7050,Arcoiris,snacks,pororo,https://static.app.biggie.com.py/images/products/7840595000220.jpg,2026-08-22T21:20:04.000000Z
7841503002183,Papas Fritas Sensei Sabor Barbacoa de 140 gr.,18000,SENSEI,snacks,papas-fritas,https://static.app.biggie.com.py/images/products/7841503002183.jpg,2026-08-22T21:20:04.000000Z
7790040152021,Snack Saladix Pizza de 30 gr.,2800,Arcor,snacks,snacks-aperitivos,https://static.app.biggie.com.py/images/products/7790040152021.jpg,2026-08-22T21:20:04.000000Z
7790580716707,Snack Saladix Jamon caja de 100 gr.,7500,Arcor,snacks,snacks-aperitivos,https://static.app.biggie.com.py/images/products/7790580716707.jpg,2026-08-22T21:20:04.000000Z
7840151000077,Nachos Taco Villa Cebolla de 300 gr.,19750,TACO VILLA,snacks,nachos,https://static.app.biggie.com.py/images/products/7840151000077.jpg,2026-08-22T21:20:04.000000Z
7840837000384,Mani Sin sal Sesami de 200 gr.,13000,SESAMI,snacks,snacks-aperitivos,https://static.app.biggie.com.py/images/products/7840837000384.jpg,2026-08-22T21:20:04.000000Z
7840595000237,Maiz para Pororo Arcoiris de 800 gr.,14500,Arcoiris,snacks,pororo,https://static.app.biggie.com.py/images/products/7840595000237.jpg,2026-08-22T21:20:04.000000Z
7840531000598,Palito Salado Dul-Cesar de 100 gr.,5000,Dulcesar,snacks,snacks-aperitivos,https://static.app.biggie.com.py/images/products/7840531000598-32626848.jpg,2026-08-22T21:20:04.000000Z
3800205871255,Snack Maretti Tostadas sabor Pizza de 70 gr.,9900,Maretti,snacks,snacks-aperitivos,https://static.app.biggie.com.py/images/products/3800205871255.jpg,2026-08-22T21:20:04.000000Z
7841503002206,Papas Fritas Sensei Sabor Pizza de 140 gr.,18000,SENSEI,snacks,papas-fritas,https://static.app.biggie.com.py/images/products/7841503002206.jpg,2026-08-22T21:20:04.000000Z
7896183901813,Pororo Zaeli para Microonda Manteca de 100 gr.,7000,Zaeli,snacks,pororo,https://static.app.biggie.com.py/images/products/7896183901813.jpg,2026-08-22T21:20:04.000000Z
7798130190014,Nueces Peladas Desecadas Zyma 18 x 90 gr.,26400,ZYMA,snacks,frutos-secos,https://static.app.biggie.com.py/images/products/7798130190014.jpg,2026-08-22T21:20:04.000000Z
7841503031350,Cranchis Mazzei Sabor Queso de 100 gr.,10900,MAZZEI,snacks,snacks-aperitivos,https://static.app.biggie.com.py/images/products/7841503031350.jpg,2026-08-22T21:20:04.000000Z
7840379000392,Bocadito Jet sabor asado de 250 gr.,6300,Jet,snacks,snacks-aperitivos,https://static.app.biggie.com.py/images/products/7840379000392.jpg,2026-08-22T21:20:04.000000Z
7891095031115,Papas Fritas Yoki Palha de 105 gr.,20600,Yoki,snacks,papas-fritas,https://static.app.biggie.com.py/images/products/7891095031115-30865570.jpg,2026-08-22T21:20:04.000000Z
7841204000273,Mani Kelwa Recubierto con Chocolate de 100 gr.,14100,KELWA,snacks,snacks-aperitivos,https://static.app.biggie.com.py/images/products/7841204000273.jpg,2026-08-22T21:20:04.000000Z
7840699002427,Nachos Taco Villa Original de 70 gr.,6400,TACO VILLA,snacks,nachos,,2026-08-22T21:20:04.000000Z
7841503031381,Cranchis Mazzei Barbacoa de 100 gr.,10900,MAZZEI,snacks,snacks-aperitivos,https://static.app.biggie.com.py/images/products/7841503031381.jpg,2026-08-22T21:20:04.000000Z
7840100411206,Palito Salado Mickey de 100 gr.,6250,MICKEY,snacks,snacks-aperitivos,https://static.app.biggie.com.py/images/products/7840100411206.jpg,2026-08-22T21:20:04.000000Z
7841503002190,Papas Fritas Sensei Sabor Sriracha de 140 gr.,18000,SENSEI,snacks,papas-fritas,https://static.app.biggie.com.py/images/products/7841503002190.jpg,2026-08-22T21:20:04.000000Z
28274131,Nachos Taco Villa con Aji Picante de 300 gr.,19750,TACO VILLA,snacks,nachos,https://static.app.biggie.com.py/images/products/28274131.jpg,2026-08-22T21:20:04.000000Z
7840032515546,Papas Fritas Guazu onduladas de 50 gr.,10500,Guazú,snacks,papas-fritas,https://static.app.biggie.com.py/images/products/7840032515546.jpg,2026-08-22T21:20:04.000000Z
7841503002589,Papas Fritas Sensei Sabor Picante Furioso de 140 gr.,18000,SENSEI,snacks,papas-fritas,https://static.app.biggie.com.py/images/products/7841503002589.jpg,2026-08-22T21:20:04.000000Z
7841503031305,Buenachos Mazzei Sabor Original de 100 gr.,9900,MAZZEI,snacks,snacks-aperitivos,https://static.app.biggie.com.py/images/products/7841503031305.jpg,2026-08-22T21:20:04.000000Z
7840785002188,Mani GarrapiÏado 21 de 100 gr.,6150,MANI 21,snacks,snacks-aperitivos,https://static.app.biggie.com.py/images/products/7840785002188.jpg,2026-08-22T21:20:04.000000Z
7840379000422,Bocadito Jet Requeson de 250 gr.,6300,Jet,snacks,snacks-aperitivos,https://static.app.biggie.com.py/images/products/7840379000422.jpg,2026-08-22T21:20:04.000000Z
7840379001610,Papas Fritas Recreo Sabor Original de 90 gr.,10500,Recreo,snacks,papas-fritas,https://static.app.biggie.com.py/images/products/7840379001610.jpg,2026-08-22T21:20:04.000000Z
7840379001764,Bocadito Jet Pepe By Kracos Presunto de 100 gr.,3850,Jet,snacks,snacks-aperitivos,,2026-08-22T21:20:04.000000Z
7840100291266,Pororo Mickey de 400 gr.,8650,MICKEY,snacks,pororo,https://static.app.biggie.com.py/images/products/7840100291266.jpg,2026-08-22T21:20:04.000000Z
7840043100571,Bocadito de maiz Yes Yes Queso de 150 gr.,3650,YES YES,snacks,snacks-aperitivos,https://static.app.biggie.com.py/images/products/7840043100571-32617560.jpg,2026-08-22T21:20:04.000000Z
7841503031442,Papa Sensei Pellet Sabor Original de 30 gr.,3900,SENSEI,snacks,papas-fritas,https://static.app.biggie.com.py/images/products/7841503031442.jpg,2026-08-22T21:20:04.000000Z
7841503031527,Snack Mazzei Sensei Pellet Crema y Cebolla de 30 gr.,3900,MAZZEI,snacks,snacks-aperitivos,https://static.app.biggie.com.py/images/products/7841503031527.jpg,2026-08-22T21:20:04.000000Z
7840379000385,Bocadito Jet sabor asado de 100 gr.,3500,Jet,snacks,snacks-aperitivos,https://static.app.biggie.com.py/images/products/7840379000385.jpg,2026-08-22T21:20:04.000000Z
7840045032986,Pororo Primicia de 200 gr.,4000,Primicia,snacks,pororo,https://static.app.biggie.com.py/images/products/7840045032986.jpg,2026-08-22T21:20:04.000000Z
7841204000440,Mani Kelwa Jalapeño de 100 gr.,8450,KELWA,snacks,snacks-aperitivos,https://static.app.biggie.com.py/images/products/7841204000440.jpg,2026-08-22T21:20:04.000000Z
7896183909123,Pororo Zaeli Americana de 500 gr.,9500,Zaeli,snacks,pororo,https://static.app.biggie.com.py/images/products/7896183909123.jpg,2026-08-22T21:20:04.000000Z
7500810049372,Snack Takis Intense Nacho de 150 gr.,15900,Takis,snacks,snacks-aperitivos,,2026-08-22T21:20:04.000000Z
7802420009310,Papas Fritas Murken Caseras de 110 gr.,12700,MURKEN,snacks,papas-fritas,https://static.app.biggie.com.py/images/products/7802420009310.png,2026-08-22T21:20:04.000000Z
7790040141254,Snack Saladix Picante Horneado de 100 gr.,7500,ARCOR,snacks,snacks-aperitivos,https://static.app.biggie.com.py/images/products/7790040141254.jpg,2026-08-22T21:20:04.000000Z
7842595000163,Totopos La Mexicana Original de 100 gr.,10750,La Mexicana,snacks,nachos,https://static.app.biggie.com.py/images/products/7842595000163.jpg,2026-08-22T21:20:04.000000Z
7840379000316,Papas Fritas Recreo Original de 60 gr.,7800,Recreo,snacks,papas-fritas,https://static.app.biggie.com.py/images/products/7840379000316.jpg,2026-08-22T21:20:04.000000Z
7842595000170,Totopos La Mexicana Picante de 100 gr.,11750,La Mexicana,snacks,nachos,,2026-08-22T21:20:04.000000Z
7841204000211,Mani Tostado Kelwa Cebolla y Perejil de 100 gr.,7650,KELWA,snacks,snacks-aperitivos,https://static.app.biggie.com.py/images/products/7841204000211-32833011.jpg,2026-08-22T21:20:04.000000Z
7841204000143,Mani Tostado Kelwa Salado de 100 gr.,6200,KELWA,snacks,snacks-aperitivos,https://static.app.biggie.com.py/images/products/7841204000143-27573989.jpg,2026-08-22T21:20:04.000000Z
7840100291228,Pororo Mickey de 200 gr.,4700,MICKEY,snacks,pororo,https://static.app.biggie.com.py/images/products/7840100291228-32604656.jpg,2026-08-22T21:20:04.000000Z
7841503031404,Snacks Mazzei Puffs Queso de  30 gr.,3000,MAZZEI,snacks,snacks-aperitivos,https://static.app.biggie.com.py/images/products/7841503031404.jpg,2026-08-22T21:20:04.000000Z
7802420009075,Papas Fritas Murken Rusticas Sal y Pimienta de 150 gr.,16800,MURKEN,snacks,papas-fritas,https://static.app.biggie.com.py/images/products/7802420009075.png,2026-08-22T21:20:04.000000Z
7840379000569,Papas Fritas Recreo Ketchup de 30 gr.,3900,Recreo,snacks,papas-fritas,https://static.app.biggie.com.py/images/products/7840379000569.jpg,2026-08-22T21:20:04.000000Z
7802420009051,Papas Fritas Murken Rusticas Sal de Mar De 150 gr.,16800,MURKEN,snacks,papas-fritas,https://static.app.biggie.com.py/images/products/7802420009051.png,2026-08-22T21:20:04.000000Z
7840379001757,Bocadito Jet Pepe By Kracos Queso de 100 gr.,3850,Jet,snacks,snacks-aperitivos,https://static.app.biggie.com.py/images/products/7840379001757.jpg,2026-08-22T21:20:04.000000Z
7803403004445,Snack Takis Intense Nacho de 49 gr.,7000,Takis,snacks,snacks-aperitivos,,2026-08-22T21:20:04.000000Z
7707699951318,Papa Monterojo Crema y Cebolla de 100 gr.,15300,Monterojo,snacks,snacks-aperitivos,https://static.app.biggie.com.py/images/products/7707699951318.jpg,2026-08-22T21:20:04.000000Z
7841503031435,Sensei Mazzei Pellet de Papa Sabor Original de 17 gr.,2500,MAZZEI,snacks,snacks-aperitivos,https://static.app.biggie.com.py/images/products/7841503031435.jpg,2026-08-22T21:20:04.000000Z
7840045055930,Pororo Primicia para Microondas Dulce de 90 gr.,8350,Primicia,snacks,pororo,https://static.app.biggie.com.py/images/products/7840045055930-25033029.jpg,2026-08-22T21:20:04.000000Z
7841503031367,Cranchis Mazzei Sabor Queso de 30 gr.,4500,MAZZEI,snacks,snacks-aperitivos,https://static.app.biggie.com.py/images/products/7841503031367.jpg,2026-08-22T21:20:04.000000Z
7707699959659,Papa Monterojo BBQ Dulce de 100 gr.,15300,Monterojo,snacks,snacks-aperitivos,https://static.app.biggie.com.py/images/products/7707699959659.jpg,2026-08-22T21:20:04.000000Z
7840379000552,Papas Fritas Recreo Clasico Ketchup de 17 gr.,2400,Recreo,snacks,papas-fritas,https://static.app.biggie.com.py/images/products/7840379000552.jpg,2026-08-22T21:20:04.000000Z
7840043100885,Bocadito de maiz Yes Yes Queso de 25 gr.,750,YES YES,snacks,snacks-aperitivos,https://static.app.biggie.com.py/images/products/7840043100885.jpg,2026-08-22T21:20:04.000000Z
7707699959123,Papa Monterojo Lima Limon de 100 gr.,15300,Monterojo,snacks,snacks-aperitivos,https://static.app.biggie.com.py/images/products/7707699959123.jpg,2026-08-22T21:20:04.000000Z
7840379000545,Papas Fritas Recreo Clasico de 30 gr.,3900,Recreo,snacks,papas-fritas,https://static.app.biggie.com.py/images/products/7840379000545.jpg,2026-08-22T21:20:04.000000Z
7500810048306,Snack Takis Intense Fuego de 49 gr.,7000,Takis,snacks,snacks-aperitivos,,2026-08-22T21:20:04.000000Z
7707699951936,Papa Monterojo Sal Rosa Himalaya de 100 gr.,15300,Monterojo,snacks,snacks-aperitivos,https://static.app.biggie.com.py/images/products/7707699951936.jpg,2026-08-22T21:20:04.000000Z
7840043100557,Bocadito de maiz Yes yes Queso de 70 gr.,1800,YES YES,snacks,snacks-aperitivos,https://static.app.biggie.com.py/images/products/7840043100557.jpg,2026-08-22T21:20:04.000000Z
7841731000074,Papas Fritas Hilagro Tradicional de 26 gr.,3900,Hilagro,snacks,papas-fritas,https://static.app.biggie.com.py/images/products/7841731000074.jpg,2026-08-22T21:20:04.000000Z
7840379000538,Papas Fritas Recreo Clasico de 17 gr.,2400,Recreo,snacks,papas-fritas,https://static.app.biggie.com.py/images/products/7840379000538.jpg,2026-08-22T21:20:04.000000Z
7707699950090,Platano Maduro Monterojo Sal Marina de 110 gr.,15300,Monterojo,snacks,snacks-aperitivos,https://static.app.biggie.com.py/images/products/7707699950090.jpg,2026-08-22T21:20:04.000000Z
7802420009013,Papas Fritas Murken Caseras de 38 gr.,4500,MURKEN,snacks,papas-fritas,https://static.app.biggie.com.py/images/products/7802420009013.png,2026-08-22T21:20:04.000000Z
7707699952995,Mezcla Andina Monterojo BBQ Dulce de 100 gr.,15300,Monterojo,snacks,snacks-aperitivos,https://static.app.biggie.com.py/images/products/7707699952995.jpg,2026-08-22T21:20:04.000000Z
7707699951059,Papa Monterojo Nuggets de Pollo con Miel de 100 gr.,15300,Monterojo,snacks,snacks-aperitivos,https://static.app.biggie.com.py/images/products/7707699951059.jpg,2026-08-22T21:20:04.000000Z
7896336016159,Mani Santa Helena Mendorato Japones de 90 gr.,5650,Santa Helena,snacks,snacks-aperitivos,https://static.app.biggie.com.py/images/products/7896336016159.jpg,2026-08-22T21:20:04.000000Z
7707699952421,Mezcla Andina Monterojo Lima Limon de 100 gr.,15300,Monterojo,snacks,snacks-aperitivos,https://static.app.biggie.com.py/images/products/7707699952421.jpg,2026-08-22T21:20:04.000000Z
7798036610586,Papas Fritas Craket Libre de Gluten Cebolla y Crema de 90 gr.,11000,Craket,snacks,papas-fritas,https://static.app.biggie.com.py/images/products/7798036610586.jpg,2026-08-22T21:20:04.000000Z
7896336016142,Mani Santa Helena Crokissimo Lev Sal de 24 gr.,2300,Santa Helena,snacks,snacks-aperitivos,,2026-08-22T21:20:04.000000Z
7798036610623,Papas Fritas Pay Craket de 90 gr.,11500,Craket,snacks,snacks-aperitivos,https://static.app.biggie.com.py/images/products/7798036610623.jpg,2026-08-22T21:20:04.000000Z
7840043100786,Bocadito de maiz Yes yes Asadito de 70 gr.,1800,YES YES,snacks,snacks-aperitivos,https://static.app.biggie.com.py/images/products/7840043100786.jpg,2026-08-22T21:20:04.000000Z
7798036610609,Papas Fritas Craket Libre de Gluten Barbacoa de 90 gr.,11000,Craket,snacks,papas-fritas,https://static.app.biggie.com.py/images/products/7798036610609.jpg,2026-08-22T21:20:04.000000Z
7848900061010,Pururuca Furuka Limon de 90 gr.,24000,furuka,snacks,snacks-aperitivos,,2026-08-22T21:20:04.000000Z
7798036610579,Papas Fritas Craket Libre de Gluten Acanaladas de 70 gr.,10000,Craket,snacks,papas-fritas,https://static.app.biggie.com.py/images/products/7798036610579.jpg,2026-08-22T21:20:04.000000Z
7798036610616,Papas Fritas Craket Libre de Gluten Cheddar de 90 gr.,11000,Craket,snacks,papas-fritas,https://static.app.biggie.com.py/images/products/7798036610616.jpg,2026-08-22T21:20:04.000000Z
7848003380025,Nachos Mexicanos Rancho Feliz de 300 gr.,17550,Rancho Feliz,snacks,nachos,,2026-08-22T21:20:04.000000Z
7848900061003,Pururuca Furuka Tradicional de 90 gr.,24000,furuka,snacks,snacks-aperitivos,https://static.app.biggie.com.py/images/products/7848900061003.jpg,2026-08-22T21:20:04.000000Z
7707699955033,Papa Monterojo Sal Marina y Vinagre de 100 gr.,15500,Monterojo,snacks,snacks-aperitivos,https://static.app.biggie.com.py/images/products/7707699955033.jpg,2026-08-22T21:20:04.000000Z
7798036610555,Papas Fritas Craket Libre de Gluten Españolas de 70 gr.,10000,Craket,snacks,papas-fritas,https://static.app.biggie.com.py/images/products/7798036610555.jpg,2026-08-22T21:20:04.000000Z
7798036610593,Papas Fritas Craket Libre de Gluten Jamon Serrano de 90 gr.,11000,Craket,snacks,papas-fritas,https://static.app.biggie.com.py/images/products/7798036610593.jpg,2026-08-22T21:20:04.000000Z
7842615000357,MixFit Nutrinuts 01 de 250 gr.,35500,Nutrinuts,snacks,frutos-secos,https://static.app.biggie.com.py/images/products/7842615000357.jpg,2026-08-22T21:20:04.000000Z
7707699959451,Papas Fritas Monterojo Chile y Limon de 100 gr.,15300,Monterojo,snacks,snacks-aperitivos,,2026-08-22T21:20:04.000000Z
7842615000081,Almendras Nutrinuts de 100 gr.,18500,Nutrinuts,snacks,frutos-secos,,2026-08-22T21:20:04.000000Z
7709304189208,Platano Verde Monterojo Lima Limon de 100 gr.,15300,Monterojo,snacks,snacks-aperitivos,,2026-08-22T21:20:04.000000Z
7842615000067,Nueces Nutrinuts de 100 gr.,22000,Nutrinuts,snacks,frutos-secos,,2026-08-22T21:20:04.000000Z
7842615000692,Pistacho Nutrinuts de 100 gr.,34000,Nutrinuts,snacks,frutos-secos,https://static.app.biggie.com.py/images/products/7842615000692.jpg,2026-08-22T21:20:04.000000Z
7707699953404,Papas Fritas Monterojo Miel y Mostaza de 100 gr.,15300,Monterojo,snacks,snacks-aperitivos,https://static.app.biggie.com.py/images/products/7707699953404.jpg,2026-08-22T21:20:04.000000Z
7707699955439,Platano Verde Monterojo Sal Marina de 110 gr.,15300,Monterojo,snacks,snacks-aperitivos,https://static.app.biggie.com.py/images/products/7707699955439.jpg,2026-08-22T21:20:04.000000Z
7798036610753,Mani Craket Pizza de 240 gr.,13000,Craket,snacks,snacks-aperitivos,https://static.app.biggie.com.py/images/products/7798036610753.jpg,2026-08-22T21:20:04.000000Z
7707699957921,Mezcla Andina Monterojo Sal Rosada Himalaya de 100 gr.,15300,Monterojo,snacks,snacks-aperitivos,,2026-08-22T21:20:04.000000Z
7707699956566,Yucas Monterojo Sal Marina de 100 gr.,15300,Monterojo,snacks,snacks-aperitivos,,2026-08-22T21:20:04.000000Z
7798036610760,Mani Craket Queso de 240 gr.,13000,Craket,snacks,snacks-aperitivos,https://static.app.biggie.com.py/images/products/7798036610760.jpg,2026-08-22T21:20:04.000000Z
7798036610777,Mani Craket Jamon Serrano de 240 gr.,13000,Craket,snacks,snacks-aperitivos,https://static.app.biggie.com.py/images/products/7798036610777.jpg,2026-08-22T21:20:04.000000Z
7848004740057,Pororo Yummy Pops Sabor Tradicional de 40 gr.,2500,Yummy Pops,snacks,snacks-aperitivos,,2026-08-22T21:20:04.000000Z
7848004740040,Pororo Yummy Pops Sabor Crispy Mix de 40 gr.,2500,Yummy Pops,snacks,snacks-aperitivos,,2026-08-22T21:20:04.000000Z
7848004740019,Pororo Yummy Pops Sabor Cacao de 40 gr.,2500,Yummy Pops,snacks,snacks-aperitivos,,2026-08-22T21:20:04.000000Z
7848004740033,Pororo Yummy Pops Sabor Picante de 40 gr.,2500,Yummy Pops,snacks,snacks-aperitivos,,2026-08-22T21:20:04.000000Z
7848004740026,Pororo Yummy Pops Sabor Vainilla de 40 gr.,2500,Yummy Pops,snacks,snacks-aperitivos,,2026-08-22T21:20:04.000000Z
7842615000951,Mix Nutrinuts Cervecero x Uni.,36800,Nutrinuts,snacks,frutos-secos,,2026-08-22T21:20:04.000000Z
7709377767068,Papa Monterojo Pimientas de 115 gr.,15500,Monterojo,snacks,snacks-aperitivos,https://static.app.biggie.com.py/images/products/7709377767068.jpg,2026-08-22T21:20:04.000000Z
38000279201,Papas Fritas Pringles Chili Cheese Fries de 158 gr.,29950,PRINGLES,snacks,papas-fritas,https://static.app.biggie.com.py/images/products/38000279201.jpg,2026-08-22T21:20:04.000000Z
7840045032993,Pororo Primicia de 400 gr.,7300,Primicia,snacks,pororo,https://static.app.biggie.com.py/images/products/7840045032993.jpg,2026-08-22T21:20:04.000000Z
685147,Galleta de Maiz Silo Foods de 160 gr.,13000,Silo Foods,snacks,snacks-aperitivos,,2026-08-22T21:20:04.000000Z
823601,Hielo Biggie de 3kg.,7000,Biggie,varios,hielo,https://static.app.biggie.com.py/images/products/823601.jpg,2026-08-22T21:20:04.000000Z
0798190151045,Tarjeta Mas Billetaje Electronico.,25000,TDP,varios,ferreteria,https://static.app.biggie.com.py/images/products/0798190151045.jpg,2026-08-22T21:20:04.000000Z
823600,Hielo Biggie de 1kg.,4000,Biggie,varios,hielo,https://static.app.biggie.com.py/images/products/823600.jpg,2026-08-22T21:20:04.000000Z
070330909229,Encendedor Bic Maxi J6 x Unidad.,5000,Bic,varios,encendedores,https://static.app.biggie.com.py/images/products/070330909229.jpg,2026-08-22T21:20:04.000000Z
041333666648,Pilas Duracell AAA x 8 Uni.,54950,DURACELL,varios,pilas-y-baterias,https://static.app.biggie.com.py/images/products/041333666648.jpg,2026-08-22T21:20:04.000000Z
77317186,Adhesivo instantaneo La gotita 2 ml.,11950,LA GOTITA ADHESIVO INSTANTANEO,varios,ferreteria,https://static.app.biggie.com.py/images/products/77317186.jpg,2026-08-22T21:20:04.000000Z
8412765008504,Encendedor Clipper Translucido Cd519.,5300,CLIPPER,varios,encendedores,https://static.app.biggie.com.py/images/products/8412765008504.jpg,2026-08-22T21:20:04.000000Z
779561,Arito Afrodita de Acero Argolla x Uni.,31050,Afrodita,varios,cotillon,https://static.app.biggie.com.py/images/products/779561.jpg,2026-08-22T21:20:04.000000Z
041333001029,Pilas Duracell Chica AA de 4 Uni.,35950,DURACELL,varios,pilas-y-baterias,https://static.app.biggie.com.py/images/products/041333001029.jpg,2026-08-22T21:20:04.000000Z
8412766111524,Encendedor Clipper D48 Strangers x uni,6250,CLIPPER,varios,encendedores,,2026-08-22T21:20:04.000000Z
012800185078,Pila Rayovac Alk-|AA|X4,25950,RAYOVAC,varios,pilas-y-baterias,https://static.app.biggie.com.py/images/products/012800185078.jpg,2026-08-22T21:20:04.000000Z
041333038216,Pila Duracell  2032 x 2 Uni.,19950,DURACELL,varios,pilas-y-baterias,https://static.app.biggie.com.py/images/products/041333038216.jpg,2026-08-22T21:20:04.000000Z
041333904481,Pilas Duracell AAA x 6 mini.,43950,DURACELL,varios,pilas-y-baterias,https://static.app.biggie.com.py/images/products/041333904481-32638062.jpg,2026-08-22T21:20:04.000000Z
779559,Hebilla Afrodita x Uni.,14850,Afrodita,varios,cotillon,,2026-08-22T21:20:04.000000Z
779553,Aro Afrodita + Collar Diferente Diseño x Uni.,40500,Afrodita,varios,cotillon,https://static.app.biggie.com.py/images/products/779553.jpg,2026-08-22T21:20:04.000000Z
7501843504678,Encendedor Bic Maxi j6 con Diseño Negro x Uni.,5000,Bic,varios,encendedores,,2026-08-22T21:20:04.000000Z
4014663525868,Encededor Atomic Emoticones.,5350,Atomic,varios,encendedores,,2026-08-22T21:20:04.000000Z
7840314000524,Juguete Sorpresa Sixsix Surtido Tamaño P x Uni.,15600,Sixsix,varios,juegos-y-juguetes,https://static.app.biggie.com.py/images/products/7840314000524.jpg,2026-08-22T21:20:04.000000Z
77326737,Adhesivo instantaneo La Gotita gel 3 ml.,14650,LA GOTITA ADHESIVO INSTANTANEO,varios,ferreteria,https://static.app.biggie.com.py/images/products/77326737.jpg,2026-08-22T21:20:04.000000Z
779552,Pulsera de Acero Afrodita x Uni.,33750,Afrodita,varios,cotillon,https://static.app.biggie.com.py/images/products/779552.jpg,2026-08-22T21:20:04.000000Z
012800478569,Pila Rayovac Alkalina Chica AAA de 6 uni.,32950,RAYOVAC,varios,pilas-y-baterias,https://static.app.biggie.com.py/images/products/012800478569.jpg,2026-08-22T21:20:04.000000Z
779556,Arito Afrodita Diferente Diseño x Uni.,20250,Afrodita,varios,cotillon,https://static.app.biggie.com.py/images/products/779556.jpg,2026-08-22T21:20:04.000000Z
7896067201398,Pila Panasonicc alkalina AAA palito 4 unidades.,31600,Panasonic,varios,pilas-y-baterias,https://static.app.biggie.com.py/images/products/7896067201398.jpg,2026-08-22T21:20:04.000000Z
041333900483,Pila Duracell AA Chica x 6 Uni.,43950,DURACELL,varios,pilas-y-baterias,https://static.app.biggie.com.py/images/products/041333900483-32635127.jpg,2026-08-22T21:20:04.000000Z
7896008960360,Naipe Español Copag 50 Unidades.,16350,COPAG,varios,naipes,https://static.app.biggie.com.py/images/products/7896008960360.jpg,2026-08-22T21:20:04.000000Z
7730219014576,Servilleta de Papel Elite Mesa Pague 80 lleve 100.,19900,ELITE,varios,servilletas,https://static.app.biggie.com.py/images/products/7730219014576.jpg,2026-08-22T21:20:04.000000Z
779554,Pulsera Afrodita Varios Colores x Uni.,16200,Afrodita,varios,cotillon,,2026-08-22T21:20:04.000000Z
779560,Goma Afrodita para Cabello x Uni.,14150,Afrodita,varios,cotillon,,2026-08-22T21:20:04.000000Z
7896067200186,Pila Panasonic alkalina AAA 2 unidades.,16200,Panasonic,varios,pilas-y-baterias,https://static.app.biggie.com.py/images/products/7896067200186.jpg,2026-08-22T21:20:04.000000Z
7840474000211,Chip Tigo x Uni.,15000,Tigo,varios,accesorios-p-celulares,https://static.app.biggie.com.py/images/products/7840474000211.jpg,2026-08-22T21:20:04.000000Z
7840413000906,Prolongador Eco con Zapatilla x3.,44200,Súper Útil,varios,ferreteria,https://static.app.biggie.com.py/images/products/7840413000906-32590625.jpg,2026-08-22T21:20:04.000000Z
7840413006977,Cinta ancha Super Util transparente 100 metros.,24600,Súper Útil,varios,ferreteria,https://static.app.biggie.com.py/images/products/7840413006977.jpg,2026-08-22T21:20:04.000000Z
041333016634,Pila Duracell AA por Unidad.,7350,DURACELL,varios,pilas-y-baterias,https://static.app.biggie.com.py/images/products/041333016634.jpg,2026-08-22T21:20:04.000000Z
4305615154374,Encendedor de Parrilla Bundes 800 w.,135000,BUNDES,varios,encendedores,https://static.app.biggie.com.py/images/products/4305615154374.jpg,2026-08-22T21:20:04.000000Z
779555,Tobillera Afrodita x Uni.,18900,Afrodita,varios,cotillon,https://static.app.biggie.com.py/images/products/779555.jpg,2026-08-22T21:20:04.000000Z
779558,Hebilla Afrodita Con Moño x Uni.,14850,Afrodita,varios,cotillon,https://static.app.biggie.com.py/images/products/779558.jpg,2026-08-22T21:20:04.000000Z
7896067200162,Pila Panasonic alkalina AA chica 2 unidades.,18500,Alkalina,varios,pilas-y-baterias,https://static.app.biggie.com.py/images/products/7896067200162.jpg,2026-08-22T21:20:04.000000Z
779557,Vincha Afrodita Diferente Colores x Uni.,14150,Afrodita,varios,cotillon,https://static.app.biggie.com.py/images/products/779557.jpg,2026-08-22T21:20:04.000000Z
7896008910211,Naipes Copag Poker 139 Grande.,39650,COPAG,varios,naipes,https://static.app.biggie.com.py/images/products/7896008910211.jpg,2026-08-22T21:20:04.000000Z
7908026000475,Vaso Bompack Plastico Transparente de 300 ml.,26750,Bompack,varios,cotillon,https://static.app.biggie.com.py/images/products/7908026000475.jpg,2026-08-22T21:20:04.000000Z
041333038209,Pila Duracell 2025 x 2 Uni.,19950,DURACELL,varios,pilas-y-baterias,,2026-08-22T21:20:04.000000Z
7730219014538,Servilleta de Papel Elite Una Hoja  50 Unidades.,11000,ELITE,varios,servilletas,https://static.app.biggie.com.py/images/products/7730219014538.jpg,2026-08-22T21:20:04.000000Z
012800489640,Pila Rayovac Alkalina Chica AA de 6 Uni.,32950,RAYOVAC,varios,pilas-y-baterias,https://static.app.biggie.com.py/images/products/012800489640.jpg,2026-08-22T21:20:04.000000Z
311023,Chip Claro x Uni.,10000,Claro,varios,accesorios-p-celulares,https://static.app.biggie.com.py/images/products/311023.jpg,2026-08-22T21:20:04.000000Z
041333001043,Pilas Duracell 9V de 1 unidad.,39950,DURACELL,varios,pilas-y-baterias,https://static.app.biggie.com.py/images/products/041333001043.jpg,2026-08-22T21:20:04.000000Z
070330609723,Encendedor Bic x Uni.,7000,Bic,varios,encendedores,https://static.app.biggie.com.py/images/products/070330609723.jpg,2026-08-22T21:20:04.000000Z
7730219014514,Servilleta dePapel Elite Hoja Simple 50 unidades.,6900,ELITE,varios,servilletas,https://static.app.biggie.com.py/images/products/7730219014514.jpg,2026-08-22T21:20:04.000000Z
78409804,Foco Super Util Led de 18W Bi-Volt Luz Fria 6500K,37700,Súper Útil,varios,ferreteria,https://static.app.biggie.com.py/images/products/78409804.jpg,2026-08-22T21:20:04.000000Z
4891305182722,Encendedor Ronson Colourlite Jeans x Uni.,2500,Ronson,varios,encendedores,,2026-08-22T21:20:04.000000Z
012800198443,Pila Rayovac alkalina mini AAa x 2 unidades.,13950,RAYOVAC,varios,pilas-y-baterias,https://static.app.biggie.com.py/images/products/012800198443.jpg,2026-08-22T21:20:04.000000Z
7848990001507,Juguete Tematics Dinosaurios Armables x Uni.,25000,Tematics,varios,juegos-y-juguetes,https://static.app.biggie.com.py/images/products/7848990001507.jpg,2026-08-22T21:20:04.000000Z
7840598000012,Chip Personal x Uni.,15000,PERSONAL,varios,accesorios-p-celulares,https://static.app.biggie.com.py/images/products/7840598000012.jpg,2026-08-22T21:20:04.000000Z
7840413006960,Cinta ancha Super Util transparente 60 metros.,18250,Súper Útil,varios,ferreteria,https://static.app.biggie.com.py/images/products/7840413006960.jpg,2026-08-22T21:20:04.000000Z
7840413030279,Bombilla inoxidable Corta silver Nature Super util.,19500,Súper Útil,varios,vajilleria,https://static.app.biggie.com.py/images/products/7840413030279.jpg,2026-08-22T21:20:04.000000Z
7840413000401,Candado Super Util bronce de 35 mm.,23200,Súper Útil,varios,ferreteria,https://static.app.biggie.com.py/images/products/7840413000401-32623108.jpg,2026-08-22T21:20:04.000000Z
78400207,Foco Super Util Led 15W Bi-Volt Luz Fria 6500K,29100,Súper Útil,varios,ferreteria,https://static.app.biggie.com.py/images/products/78400207.jpg,2026-08-22T21:20:04.000000Z
7501037607567,Pila Energizer Alcalina AAA Palito E92-BP6.,39950,ENERGIZER,varios,pilas-y-baterias,https://static.app.biggie.com.py/images/products/7501037607567.jpg,2026-08-22T21:20:04.000000Z
7840413000319,Cinta Aisladora Super Util 10 metros.,11300,Súper Útil,varios,ferreteria,https://static.app.biggie.com.py/images/products/7840413000319.jpg,2026-08-22T21:20:04.000000Z
7840413006953,Cinta Ancha Super Util Transparente 40 metros.,12650,Súper Útil,varios,ferreteria,https://static.app.biggie.com.py/images/products/7840413006953.jpg,2026-08-22T21:20:04.000000Z
7840413030422,Bombilla Super Util de Acero Inoxidable Silver Lisa para Mate.,11250,Súper Útil,varios,vajilleria,https://static.app.biggie.com.py/images/products/7840413030422.jpg,2026-08-22T21:20:04.000000Z
7840413030309,Bombilla inoxidable Larga Silver Super util.,26700,Súper Útil,varios,vajilleria,https://static.app.biggie.com.py/images/products/7840413030309-32590739.jpg,2026-08-22T21:20:04.000000Z
779565,Anillo Afrodita de Acero x Uni.,19500,Afrodita,varios,cotillon,,2026-08-22T21:20:04.000000Z
7896067200551,Bateria Panasonic Alkalina 12V x Uni.,30500,Panasonic,varios,pilas-y-baterias,https://static.app.biggie.com.py/images/products/7896067200551.jpg,2026-08-22T21:20:04.000000Z
7896110001531,Servilleta de Papel Snob Gala Doble Hoja 33 x 33 - 48.,18250,SNOB,varios,servilletas,https://static.app.biggie.com.py/images/products/7896110001531-32628827.jpg,2026-08-22T21:20:04.000000Z
7896110001524,Servilleta Gala Doble Hoja 24 x 24 - 64,11500,SANTHER,varios,servilletas,https://static.app.biggie.com.py/images/products/7896110001524.jpg,2026-08-22T21:20:04.000000Z
7840096128416,Cloro Liquido Tecnoclor Concentrado 5.000 ml.,31100,Tecnoclor,varios,ferreteria,https://static.app.biggie.com.py/images/products/7840096128416.jpg,2026-08-22T21:20:04.000000Z
7896104993637,Servilleta Mili Bistro 50 Uni.,6500,MILI,varios,servilletas,https://static.app.biggie.com.py/images/products/7896104993637.jpg,2026-08-22T21:20:04.000000Z
7840413030439,Bombilla Super Util de Acero Inoxidable Silver Lisa de 17.5 cm.,11500,Súper Útil,varios,vajilleria,https://static.app.biggie.com.py/images/products/7840413030439.jpg,2026-08-22T21:20:04.000000Z
8720169305465,Foco Philips EcoHome LedBuld 13W E27 6500KHV 1PF/20AR.,21000,PHILIPS FOCO,varios,ferreteria,https://static.app.biggie.com.py/images/products/8720169305465.jpg,2026-08-22T21:20:04.000000Z
8888021201475,Pila Alcalina Eveready AAA Pequeño x 4 Uni.,21500,Eveready,varios,pilas-y-baterias,https://static.app.biggie.com.py/images/products/8888021201475.jpg,2026-08-22T21:20:04.000000Z
7840413030361,Bombilla Super Util de Acero Inoxidable Silver Lisa de 19 cm.,12500,Súper Útil,varios,vajilleria,https://static.app.biggie.com.py/images/products/7840413030361.jpg,2026-08-22T21:20:04.000000Z
7896100901032,Velas Queluz N° 5 x 8 Unidades.,14800,QUELUZ,varios,ferreteria,https://static.app.biggie.com.py/images/products/7896100901032.jpg,2026-08-22T21:20:04.000000Z
7840413002870,Cinta Ancha Super Util Trasparente para Embalaje x Uni.,7450,Súper Útil,varios,ferreteria,https://static.app.biggie.com.py/images/products/7840413002870.jpg,2026-08-22T21:20:04.000000Z
7896100901193,Velas Foscasa Nro.5 8 Unidades.,13700,QUELUZ,varios,ferreteria,,2026-08-22T21:20:04.000000Z
7896110083254,Servilleta de Papel Santepel Chico 80 Unidades.,4950,SANTEPEL,varios,servilletas,https://static.app.biggie.com.py/images/products/7896110083254.jpg,2026-08-22T21:20:04.000000Z
7896104998823,Vela Residence Numero 5.,7900,Residence,varios,velas,,2026-08-22T21:20:04.000000Z
7896110081250,Servilleta de Papel Snob 24 x 22 50 Unidades.,5150,SNOB,varios,servilletas,https://static.app.biggie.com.py/images/products/7896110081250.jpg,2026-08-22T21:20:04.000000Z
7840413009817,Triple Tramontina x Unidad.,19500,TRAMONTINA,varios,ferreteria,,2026-08-22T21:20:04.000000Z
7805670178478,Velas Argos Adivina Cuantos Cumplo x 1.,28500,Argos,varios,cotillon,https://static.app.biggie.com.py/images/products/7805670178478.jpg,2026-08-22T21:20:04.000000Z
7896110081359,Servilleta de Papel Snob 33 x 30 50 Unidades.,7250,SNOB,varios,servilletas,https://static.app.biggie.com.py/images/products/7896110081359.jpg,2026-08-22T21:20:04.000000Z
7896104999905,Servilleta de Papel  Mili 22 cm 50 Unidades.,3000,MILI,varios,servilletas,https://static.app.biggie.com.py/images/products/7896104999905.jpg,2026-08-22T21:20:04.000000Z
7840413008452,Toma Super Util x 3 Pata Fina-Gruesa-Normal x Unidad.,15500,Súper Útil,varios,ferreteria,,2026-08-22T21:20:04.000000Z
7840413007172,Triple para Pata Gruesa Super Util x Unidad.,12900,Súper Útil,varios,ferreteria,https://static.app.biggie.com.py/images/products/7840413007172.jpg,2026-08-22T21:20:04.000000Z
7791274197840,Perfume para Ropa Vais Primaveral 250 ml.,21000,VAIS,varios,perfumes-de-ropa,https://static.app.biggie.com.py/images/products/7791274197840.jpg,2026-08-22T21:20:04.000000Z
7896110083353,Servilleta de Papel Santepel Grande  50 Unidades.,6900,SANTEPEL,varios,servilletas,https://static.app.biggie.com.py/images/products/7896110083353.jpg,2026-08-22T21:20:04.000000Z
7840096000019,Sulfato de Aluminio tecnoclor de 700 gr.,14500,LAB. TEC,varios,ferreteria,https://static.app.biggie.com.py/images/products/7840096000019.jpg,2026-08-22T21:20:04.000000Z
7840413000388,Candado Super Util bronce de 25 mm.,17800,Súper Útil,varios,ferreteria,https://static.app.biggie.com.py/images/products/7840413000388.jpg,2026-08-22T21:20:04.000000Z
041333048550,Pila Duracell 2016 x2 uni.,19950,DURACELL,varios,pilas-y-baterias,,2026-08-22T21:20:04.000000Z
7848002410372,Vela Vitoria Blanco N° 5 x Uni.,8500,Vitoria,varios,velas,,2026-08-22T21:20:04.000000Z
7896026850087,Servilletas de Papel Maxim 31 x 30 cm.,6300,Maxim,varios,servilletas,https://static.app.biggie.com.py/images/products/7896026850087.jpg,2026-08-22T21:20:04.000000Z
7840413009015,Adaptador Super Util Español Toma Grueso Pata Redonda.,17000,Súper Útil,varios,ferreteria,https://static.app.biggie.com.py/images/products/7840413009015-32624755.jpg,2026-08-22T21:20:04.000000Z
779566,Bolsita Afrodita para Regalo x Uni.,4550,Afrodita,varios,cotillon,,2026-08-22T21:20:04.000000Z
7896026844901,Toalla de Cocina Maxim 22 x 20 cm.,11600,Maxim,varios,servilletas,https://static.app.biggie.com.py/images/products/7896026844901.jpg,2026-08-22T21:20:04.000000Z
7796529821501,Globos Argos colores surtidos tamaño 9 de 25 Unidades.,18900,Argos,varios,cotillon,https://static.app.biggie.com.py/images/products/7796529821501.jpg,2026-08-22T21:20:04.000000Z
78444584,Foco Super Util Led de 7W Bi-Volt Luz Calida 3000K.,17500,Súper Útil,varios,ferreteria,https://static.app.biggie.com.py/images/products/78444584.jpg,2026-08-22T21:20:04.000000Z
7896007932931,Encendedor en baston Fiat Lux 10 uni.,18500,Salemma,varios,encendedores,https://static.app.biggie.com.py/images/products/7896007932931-32602183.jpg,2026-08-22T21:20:04.000000Z
78400184,Foco Led Ecoville de 9W Bi-Volt Luz Fria 6500k x Uni.,17200,Ecoville,varios,ferreteria,https://static.app.biggie.com.py/images/products/78400184.jpg,2026-08-22T21:20:04.000000Z
78481046,Foco Super Util Led de 9W Bi-Volt Luz Calida 3000K,18900,Súper Útil,varios,ferreteria,https://static.app.biggie.com.py/images/products/78481046.jpg,2026-08-22T21:20:04.000000Z
7896366205028,Vela de Sebo Gioca nro 1 de 6.4 gr.,4000,Gioca,varios,velas,https://static.app.biggie.com.py/images/products/7896366205028-32630276.jpg,2026-08-22T21:20:04.000000Z
7840413004430,Enchufe Super Util Tres Salidas Plus x Uni.,10400,Súper Útil,varios,ferreteria,https://static.app.biggie.com.py/images/products/7840413004430-32614496.jpg,2026-08-22T21:20:04.000000Z
7896100901001,"Velas Queluz Nro 17,3 x 8 Unidades.",4500,QUELUZ,varios,ferreteria,,2026-08-22T21:20:04.000000Z
78408210,Foco Led Ecoville de 7W Bi-Volt Luz Fria 6500k x Uni.,15850,Ecoville,varios,ferreteria,,2026-08-22T21:20:04.000000Z
7840413004126,Enchufe Super Util Tres Salidas x Uni.,12000,Súper Útil,varios,ferreteria,https://static.app.biggie.com.py/images/products/7840413004126-32604141.jpg,2026-08-22T21:20:04.000000Z
7896366216017,Vela Gioca N° 5 Py x 8 Uni.,8950,Gioca,varios,velas,,2026-08-22T21:20:04.000000Z
7840413003693,Adaptador Super Util Universal.,8500,Súper Útil,varios,ferreteria,https://static.app.biggie.com.py/images/products/7840413003693.jpg,2026-08-22T21:20:04.000000Z
8720169305328,Foco Philips EcoHome LedBuld 8W E27 6500KHV 1PF/20AR.,14500,PHILIPS FOCO,varios,ferreteria,https://static.app.biggie.com.py/images/products/8720169305328.jpg,2026-08-22T21:20:04.000000Z
7840413008445,Univer Super Util para Pata Gruesa-Plana-Redonda.,12000,Súper Útil,varios,ferreteria,https://static.app.biggie.com.py/images/products/7840413008445-32596738.jpg,2026-08-22T21:20:04.000000Z
8888021201451,Pila Alcalina Eveready Gold AA Pequeño x 4 Uni.,23000,Eveready,varios,pilas-y-baterias,https://static.app.biggie.com.py/images/products/8888021201451.jpg,2026-08-22T21:20:04.000000Z
8888021201468,Pila Alcalina Eveready Gold  AAA Pequeño 2 Unidades.,10250,Eveready,varios,pilas-y-baterias,https://static.app.biggie.com.py/images/products/8888021201468-32609770.jpg,2026-08-22T21:20:04.000000Z
7896100901179,Vela Foscasa Numero 3 x Unidades.,5250,QUELUZ,varios,ferreteria,,2026-08-22T21:20:04.000000Z
027084120134,Juguete Hot Wheels Autito.,19900,Hot Wheels,varios,juegos-y-juguetes,https://static.app.biggie.com.py/images/products/027084120134.jpg,2026-08-22T21:20:04.000000Z
7896100901018,Velas Queluz N° 3 x 8 Unidades.,5650,QUELUZ,varios,ferreteria,https://static.app.biggie.com.py/images/products/7896100901018.jpg,2026-08-22T21:20:04.000000Z
7840413007042,Adaptador Super Util Grueso Corto.,10300,Súper Útil,varios,ferreteria,https://static.app.biggie.com.py/images/products/7840413007042-32624059.jpg,2026-08-22T21:20:04.000000Z
7805670006559,Globos Argos rosado y blanco tamaño 9 de 25 Unidades.,18900,Argos,varios,cotillon,https://static.app.biggie.com.py/images/products/7805670006559.jpg,2026-08-22T21:20:04.000000Z
7896366205035,Vela de Sebo Gioca nro 2 de 9 gr.,8050,Gioca,varios,velas,https://static.app.biggie.com.py/images/products/7896366205035.jpg,2026-08-22T21:20:04.000000Z
7840096336781,Kerosene Amita de 300 ml.,12450,Amita,varios,ferreteria,,2026-08-22T21:20:04.000000Z
7840413004447,Ficha Macho Especial Super Util x Uni.,7100,Súper Útil,varios,ferreteria,https://static.app.biggie.com.py/images/products/7840413004447-32591383.jpg,2026-08-22T21:20:04.000000Z
7896366215997,Vela Gioca N° 2 Py x 8 Uni.,5000,Gioca,varios,velas,,2026-08-22T21:20:04.000000Z
7848000070066,Servilleta Multimax x Uni.,1650,Multimax,varios,servilletas,https://static.app.biggie.com.py/images/products/7848000070066.jpg,2026-08-22T21:20:04.000000Z
7840413004133,Adaptador Super Util Triple.,8200,Súper Útil,varios,ferreteria,,2026-08-22T21:20:04.000000Z
7896366216000,Vela Gioca N° 3 Py x 8 Uni.,5650,Gioca,varios,velas,,2026-08-22T21:20:04.000000Z
7840360000066,Vaso Hansa Economico de 200 ml x 50 Uni.,7700,Hansa,varios,cotillon,https://static.app.biggie.com.py/images/products/7840360000066.jpg,2026-08-22T21:20:04.000000Z
7805670006511,Globos Argos rojo tamaño 9 de 25 Unidades.,19600,Argos,varios,cotillon,https://static.app.biggie.com.py/images/products/7805670006511-32631710.jpg,2026-08-22T21:20:04.000000Z
7805670006641,Globos Argos Tamaño 9 Azul de 25 Unidades.,18900,Argos,varios,cotillon,https://static.app.biggie.com.py/images/products/7805670006641.jpg,2026-08-22T21:20:04.000000Z
7791274088995,Apresto Vais con gatillo de 500 ml.,20000,VAIS,varios,perfumes-de-ropa,https://static.app.biggie.com.py/images/products/7791274088995.jpg,2026-08-22T21:20:04.000000Z
7805670701126,Cucharas Argos Medianas 18 Unidades.,4800,Argos,varios,cotillon,,2026-08-22T21:20:04.000000Z
7791822691035,Manija Chopp Facetado 400 ml.,13950,RIGOLLEAU,varios,vajilleria,https://static.app.biggie.com.py/images/products/7791822691035.jpg,2026-08-22T21:20:04.000000Z
7805670006498,Globos Argos Blanco tamaño 9 de 25 Unidades.,18900,Argos,varios,cotillon,https://static.app.biggie.com.py/images/products/7805670006498-32617234.jpg,2026-08-22T21:20:04.000000Z
7848990012121,Trampa Para Ratones Atrapajosos Lite,11050,atrapajosos,varios,ferreteria,https://static.app.biggie.com.py/images/products/7848990012121.jpg,2026-08-22T21:20:04.000000Z
7702458001952,Vaso Tami de 354 cc x 25 unidades.,20200,Argos,varios,cotillon,https://static.app.biggie.com.py/images/products/7702458001952.jpg,2026-08-22T21:20:04.000000Z
7805670702833,Vela Argos Magicas x Uni.,7000,Argos,varios,velas,,2026-08-22T21:20:04.000000Z
7805670701089,Cucharitas de Plastico Argos 18 Unidades.,3650,Argos,varios,cotillon,,2026-08-22T21:20:04.000000Z
7805670080207,Globos Argos Circo Tamaño 11 de 6 Uni.,10550,Argos,varios,cotillon,,2026-08-22T21:20:04.000000Z
7805670701058,Tenedorcitos Argos 18 Unidades.,3650,Argos,varios,cotillon,https://static.app.biggie.com.py/images/products/7805670701058.jpeg,2026-08-22T21:20:04.000000Z
7702458027808,Vasos Argos Darnel Bi Color Rojo de 207 ml. x 12.,11500,Argos,varios,cotillon,https://static.app.biggie.com.py/images/products/7702458027808.jpg,2026-08-22T21:20:04.000000Z
7840413002689,Cinta Teflon Super Utill 10 m.,3900,Súper Útil,varios,ferreteria,,2026-08-22T21:20:04.000000Z
7805670702550,Velas de CumpleañoS Argos x 12 Unidades.,6900,Argos,varios,velas,https://static.app.biggie.com.py/images/products/7805670702550-32597509.jpg,2026-08-22T21:20:04.000000Z
7896619427511,Foco Led Empalux Bivolt 12W 6500K.,7250,Empalux,varios,ferreteria,,2026-08-22T21:20:04.000000Z
7848990012138,Trampa Para Moscas Atrapajosos Fly.,7100,atrapajosos,varios,ferreteria,,2026-08-22T21:20:04.000000Z
7896619427580,Foco Led Empalux Bivolt 09W 6500K.,6650,Empalux,varios,ferreteria,https://static.app.biggie.com.py/images/products/7896619427580.jpg,2026-08-22T21:20:04.000000Z
7896360407671,Vela Paloma 7 Dias Blanca x Uni.,24100,Paloma,varios,velas,https://static.app.biggie.com.py/images/products/7896360407671.jpg,2026-08-22T21:20:04.000000Z
7896360407077,Vela Paloma Nro 6 Blanca x 8 Unidades.,15300,Paloma,varios,velas,https://static.app.biggie.com.py/images/products/7896360407077-32637207.jpg,2026-08-22T21:20:04.000000Z
7896979502934,Vaso de Plastico Copaza de 300 ml.,21200,COPAZA,varios,cotillon,https://static.app.biggie.com.py/images/products/7896979502934.jpg,2026-08-22T21:20:04.000000Z
7896979502897,Vaso de Plastico Copaza de 200 ml.,13400,COPAZA,varios,cotillon,,2026-08-22T21:20:04.000000Z
2021015880554,Hebilla Surtido,16000,Texco,varios,accesorios-para-cabello,,2026-08-22T21:20:04.000000Z
2021015880580,Goma de Lazo Surtidos,13500,Texco,varios,accesorios-para-cabello,https://static.app.biggie.com.py/images/products/2021015880580.jpg,2026-08-22T21:20:04.000000Z
8888807298743,Auto Coleccion de 12 Piezas,35000,Sin Marca,varios,juegos-y-juguetes,,2026-08-22T21:20:04.000000Z
2021015880436,Pulsera de Adulto Colores Surtidos,13000,Texco,varios,accesorios-para-cabello,,2026-08-22T21:20:04.000000Z
2021015880559,Gomas Surtido Texco,18000,Texco,varios,accesorios-para-cabello,,2026-08-22T21:20:04.000000Z
027084929522,Juguete Mattel Barbie Basica Surtido x Uni.,77200,BARBIE,varios,juegos-y-juguetes,https://static.app.biggie.com.py/images/products/027084929522.jpg,2026-08-22T21:20:04.000000Z
2021015880560,Gomas Surtidos Texco,20000,Texco,varios,accesorios-para-cabello,,2026-08-22T21:20:04.000000Z
8888807298729,Auto Coleccion de 6 Piezas,18000,Sin Marca,varios,juegos-y-juguetes,https://static.app.biggie.com.py/images/products/8888807298729.jpg,2026-08-22T21:20:04.000000Z
2021015881264,Auto Robot,65000,Sin Marca,varios,juegos-y-juguetes,,2026-08-22T21:20:04.000000Z
2021015880465,Muñeca Doctora Veterinaria,30000,Sin Marca,varios,juegos-y-juguetes,,2026-08-22T21:20:04.000000Z
2021015881643,Camion Costruccion De 3Piezas,45500,Sin Marca,varios,juegos-y-juguetes,,2026-08-22T21:20:04.000000Z
2021015880172,Goma Surtido,12000,Texco,varios,accesorios-para-cabello,,2026-08-22T21:20:04.000000Z
2021015880204,Herbilla Surtido,10000,Texco,varios,accesorios-para-cabello,,2026-08-22T21:20:04.000000Z
2021015880555,Gomas Surtdido,10000,Texco,varios,accesorios-para-cabello,,2026-08-22T21:20:04.000000Z
2021015880248,Hebillas Infantil Surtidos,13500,Texco,varios,accesorios-para-cabello,https://static.app.biggie.com.py/images/products/2021015880248.jpg,2026-08-22T21:20:04.000000Z
2021015880611,Hebilla de Modelo Surtidos,13500,Texco,varios,accesorios-para-cabello,,2026-08-22T21:20:04.000000Z
2021015880552,Gomas Modelos Surtido Texco,13000,Texco,varios,accesorios-para-cabello,,2026-08-22T21:20:04.000000Z
8888806171337,Auto Control,70000,Sin Marca,varios,juegos-y-juguetes,,2026-08-22T21:20:04.000000Z
2507140000139,Sonajero,23000,Sin Marca,varios,juegos-y-juguetes,https://static.app.biggie.com.py/images/products/2507140000139.jpg,2026-08-22T21:20:04.000000Z
2021015881647,Camion De Bombero,40000,Sin Marca,varios,juegos-y-juguetes,,2026-08-22T21:20:04.000000Z
6920058381286,Plastilina Con Moldes De Hamburguesa,50000,Sin Marca,varios,juegos-y-juguetes,https://static.app.biggie.com.py/images/products/6920058381286.jpg,2026-08-22T21:20:04.000000Z
2506030001041,Muñeca Fashion Girl Colores Varios,25000,Sin Marca,varios,juegos-y-juguetes,https://static.app.biggie.com.py/images/products/2506030001041.jpg,2026-08-22T21:20:04.000000Z
2506030001058,Muñeca Fashion Girl Coleres Varios,25000,Sin Marca,varios,juegos-y-juguetes,,2026-08-22T21:20:04.000000Z
2021015881648,Camion con Dino,40000,Sin Marca,varios,juegos-y-juguetes,,2026-08-22T21:20:04.000000Z
2021015881642,Camion Construccion de 4 Piezas,62000,Sin Marca,varios,juegos-y-juguetes,,2026-08-22T21:20:04.000000Z
7848002580020,Cable USB Hecho Budi Ios x Uni.,28600,Hecho Budi,varios,accesorios-p-celulares,,2026-08-22T21:20:04.000000Z
7848002580013,Cable USB Hecho Budi Tipo C x Uni.,28600,Hecho Budi,varios,accesorios-p-celulares,,2026-08-22T21:20:04.000000Z
2021015880551,Hebilla Surtido Texco,10000,Texco,varios,accesorios-para-cabello,,2026-08-22T21:20:04.000000Z
2021015881646,Camion Grua,50000,Sin Marca,varios,juegos-y-juguetes,,2026-08-22T21:20:04.000000Z
6933313975120,Muñeca con Guitarra,56500,Sin Marca,varios,juegos-y-juguetes,,2026-08-22T21:20:04.000000Z
2021015881645,Juguete Mezcladora,50000,Sin Marca,varios,juegos-y-juguetes,,2026-08-22T21:20:04.000000Z
6920250252964,Pistola de Agua,40000,Sin Marca,varios,juegos-y-juguetes,,2026-08-22T21:20:04.000000Z
221126,Combo Mil Accesorios Cadena Hilo Mas Aro x Uni.,38250,MIL ACCESORIOS,varios,cotillon,https://static.app.biggie.com.py/images/products/221126.jpg,2026-08-22T21:20:04.000000Z
8400000004855,Moños De Colores Varios M,12000,AGUAMIEL,varios,accesorios-para-cabello,https://static.app.biggie.com.py/images/products/8400000004855.jpg,2026-08-22T21:21:25.000000Z
7896192318817,Juguete Pokemon Booter Estampas Ilustradas x Uni.,23000,Pokemon,varios,juegos-y-juguetes,https://static.app.biggie.com.py/images/products/7896192318817.jpg,2026-08-22T21:20:04.000000Z
221125,Cadena Mil Accesorios de Acero x Uni.,40900,MIL ACCESORIOS,varios,cotillon,https://static.app.biggie.com.py/images/products/221125.jpg,2026-08-22T21:20:04.000000Z
221124,"Box Regalo Mil Accesorios Conjunto Acero (Cadena, Aro) x Uni.",55450,MIL ACCESORIOS,varios,cotillon,https://static.app.biggie.com.py/images/products/221124.jpg,2026-08-22T21:20:04.000000Z
221127,Aros Mil Accesorios de Acero x Uni,35650,MIL ACCESORIOS,varios,cotillon,https://static.app.biggie.com.py/images/products/221127.jpg,2026-08-22T21:20:04.000000Z
7896001026285,Scrunchie Para Cabello capuccino,34500,Lanossi,varios,accesorios-para-cabello,https://static.app.biggie.com.py/images/products/7896001026285.jpg,2026-08-22T21:20:04.000000Z
221122,Pulseras Mil Accesorios de Acero x Uni.,35650,MIL ACCESORIOS,varios,cotillon,https://static.app.biggie.com.py/images/products/221122.jpg,2026-08-22T21:20:04.000000Z
7896001025301,Pinche Gold para cabello,21600,Sin Marca,varios,accesorios-para-cabello,https://static.app.biggie.com.py/images/products/7896001025301.jpg,2026-08-22T21:20:04.000000Z
221123,Tobillera Pulsera Mil Accesorios Hilo Mil x Uni.,19800,MIL ACCESORIOS,varios,cotillon,,2026-08-22T21:20:04.000000Z
7896001026179,Pack de 9 Mini pinches para cabello,33500,Lanossi,varios,accesorios-para-cabello,https://static.app.biggie.com.py/images/products/7896001026179.jpg,2026-08-22T21:20:04.000000Z
7896001026193,Prendedor de Cabello Lanossi Tic Tac Metal Glam x 6 Uni.,38500,Lanossi,varios,accesorios-para-cabello,https://static.app.biggie.com.py/images/products/7896001026193.jpg,2026-08-22T21:20:04.000000Z
7896001026391,Pinche Metal Onix,21800,Sin Marca,varios,accesorios-para-cabello,,2026-08-22T21:20:04.000000Z
7896001026407,Pinche Metal Rose,20600,Sin Marca,varios,accesorios-para-cabello,,2026-08-22T21:20:04.000000Z
7896001026322,Goma estilo vintage Animal print Rose,17000,Lanossi,varios,accesorios-para-cabello,https://static.app.biggie.com.py/images/products/7896001026322.jpg,2026-08-22T21:20:04.000000Z
7896001025431,Pack De 50 Hebillitas negras todo uso,23500,Lanossi,varios,accesorios-para-cabello,https://static.app.biggie.com.py/images/products/7896001025431.jpg,2026-08-22T21:20:04.000000Z
7896001026384,Kit de accesorios S.O.S,35000,Lanossi,varios,accesorios-para-cabello,,2026-08-22T21:20:04.000000Z
7896001026278,Scrunchie Para Cabello Silver- Rose,34500,Lanossi,varios,accesorios-para-cabello,https://static.app.biggie.com.py/images/products/7896001026278.jpg,2026-08-22T21:20:04.000000Z
7896001025349,Goma Para Pelo Tangerine paq x6 unidades,12000,Lanossi,varios,accesorios-para-cabello,https://static.app.biggie.com.py/images/products/7896001025349.jpg,2026-08-22T21:20:04.000000Z
7896001026186,Prendedor Para cabello tic tac,13500,Lanossi,varios,accesorios-para-cabello,https://static.app.biggie.com.py/images/products/7896001026186.jpg,2026-08-22T21:20:04.000000Z
7896001025332,Goma Para Pelo Violet paq x6 unidades,12000,Lanossi,varios,accesorios-para-cabello,https://static.app.biggie.com.py/images/products/7896001025332.jpg,2026-08-22T21:20:04.000000Z
7896001023963,Tiara Bandana Red,31200,Sin Marca,varios,accesorios-para-cabello,https://static.app.biggie.com.py/images/products/7896001023963.jpg,2026-08-22T21:20:04.000000Z
7896001026209,Kit de 2 pinches Lanossi  Rosé,35000,Lanossi,varios,accesorios-para-cabello,https://static.app.biggie.com.py/images/products/7896001026209.jpg,2026-08-22T21:20:04.000000Z
6933314262892,Juguete Acuatico en Tubo,22000,Sin Marca,varios,juegos-y-juguetes,,2026-08-22T21:20:04.000000Z
6933314262908,Animales de Granja en Tubo,22000,Texco,varios,juegos-y-juguetes,https://static.app.biggie.com.py/images/products/6933314262908.jpg,2026-08-22T21:20:04.000000Z
7896001026292,Mini Scrunchie Para Cabello,33500,Lanossi,varios,accesorios-para-cabello,https://static.app.biggie.com.py/images/products/7896001026292.jpg,2026-08-22T21:20:04.000000Z
7896001024007,Hebillas Tic Tac Stilus,18000,Lanossi,varios,accesorios-para-cabello,https://static.app.biggie.com.py/images/products/7896001024007.jpg,2026-08-22T21:20:04.000000Z
7896001025448,Pack De 50 Hebillitas gold todo uso,23500,Lanossi,varios,accesorios-para-cabello,https://static.app.biggie.com.py/images/products/7896001025448.jpg,2026-08-22T21:20:04.000000Z
7896001025424,Goma estilo Vintage Floral x2 unidadeds,32000,Lanossi,varios,accesorios-para-cabello,https://static.app.biggie.com.py/images/products/7896001025424.jpg,2026-08-22T21:20:04.000000Z
7896001026353,Vincha Fina Negra Lanossi x Uni.,9400,Lanossi,varios,accesorios-para-cabello,https://static.app.biggie.com.py/images/products/7896001026353.jpg,2026-08-22T21:20:04.000000Z
7896001023932,Scrunchie Lazo Jungle,38400,Sin Marca,varios,accesorios-para-cabello,https://static.app.biggie.com.py/images/products/7896001023932.jpg,2026-08-22T21:20:04.000000Z
7896001026360,Rodetero Lanossi Negro x Uni.,14500,Lanossi,varios,accesorios-para-cabello,https://static.app.biggie.com.py/images/products/7896001026360.jpg,2026-08-22T21:20:04.000000Z
7896001023901,Scrunchie Lazo Paisley,38400,Sin Marca,varios,accesorios-para-cabello,,2026-08-22T21:20:04.000000Z
7896001026315,Goma estilo vintage Black Kiss,17000,Lanossi,varios,accesorios-para-cabello,https://static.app.biggie.com.py/images/products/7896001026315.jpg,2026-08-22T21:20:04.000000Z
7896001023956,Tiara Bandana Black,31200,Sin Marca,varios,accesorios-para-cabello,https://static.app.biggie.com.py/images/products/7896001023956.jpg,2026-08-22T21:20:04.000000Z
7896001096554,Scrunchie Lazo Liberty,38400,Sin Marca,varios,accesorios-para-cabello,https://static.app.biggie.com.py/images/products/7896001096554.jpg,2026-08-22T21:20:04.000000Z
7896001025257,Kit de 4 pinches capuccino,14900,Sin Marca,varios,accesorios-para-cabello,https://static.app.biggie.com.py/images/products/7896001025257.jpg,2026-08-22T21:20:04.000000Z
8721103070258,Foco Philips EcoHome LedBuld 13W E27 3000KHV 1PF/20AR.,21000,PHILIPS FOCO,varios,ferreteria,,2026-08-22T21:20:04.000000Z
8888806171320,Auto a Control,70000,Sin Marca,varios,juegos-y-juguetes,,2026-08-22T21:20:04.000000Z
8721103070173,Foco Philips EcoHome LedBuld 8W E27 3000KHV 1PF/20AR.,14500,PHILIPS FOCO,varios,ferreteria,,2026-08-22T21:20:04.000000Z
39800014009,Pila Alcalina Energizer AAA x 2 Uni.,19400,ENERGIZER,varios,pilas-y-baterias,https://static.app.biggie.com.py/images/products/39800014009.jpg,2026-08-22T21:20:04.000000Z
39800015464,Pila Alcalina Energizar AA Pequeño 2 Unidades.,18650,ENERGIZER,varios,pilas-y-baterias,https://static.app.biggie.com.py/images/products/39800015464.jpg,2026-08-22T21:20:04.000000Z
7453104163370,Camiseta Olimpia M Away Jersey Talle M x Uni.,447750,Olimpia,varios,ropa,,2026-08-22T21:20:04.000000Z
300494,Encendedor Spark Mechero x unidad.,78000,Spark,varios,encendedores,,2026-08-22T21:20:04.000000Z
7840501990034,"Kit de Cocina Pilar Repasador, Guante y Tomaollas.",55000,Sin Marca,varios,sin-familia,,2026-08-22T21:20:04.000000Z
2021015881593,Porta Celular,35000,Texco,varios,accesorios-p-celulares,,2026-08-22T21:20:04.000000Z
609026,Temo Termofit |aguaholic marron 1|,130000,Termofit,varios,termos-conservadoras,,2026-08-22T21:20:04.000000Z
609025,Termo Termofit |aguaholic marron| por unidad.,130000,Termofit,varios,termos-conservadoras,,2026-08-22T21:20:04.000000Z
609018,Termo Termofit |Do or donut| por unidad.,130000,Termofit,varios,termos-conservadoras,,2026-08-22T21:20:04.000000Z
609029,Termo Termofit |fornite| por unidad.,130000,Termofit,varios,termos-conservadoras,,2026-08-22T21:20:04.000000Z
609031,Termo Termofit |jaumina| por unidad.,130000,Termofit,varios,termos-conservadoras,,2026-08-22T21:20:04.000000Z
609028,Termo Termofit |kuña guapa|  por unidad.,130000,Termofit,varios,termos-conservadoras,,2026-08-22T21:20:04.000000Z
609033,Termo Termofit |live| por unidad.,130000,Termofit,varios,termos-conservadoras,,2026-08-22T21:20:04.000000Z
609024,Termo Termofit |mano ok negra| por unidad.,130000,Termofit,varios,termos-conservadoras,,2026-08-22T21:20:04.000000Z
609027,Termo Termofit |rohayhu py| por unidad.,130000,Termofit,varios,termos-conservadoras,,2026-08-22T21:20:04.000000Z
609022,Termo Termofit |techaga�u| por unidad.,130000,Termofit,varios,termos-conservadoras,,2026-08-22T21:20:04.000000Z
609020,Termos Termofit serve and ace por unidad.,130000,Termofit,varios,termos-conservadoras,,2026-08-22T21:20:04.000000Z
